year,id,wrkstat,occ10,prestg10,marital,educ,age,degree,major1,biokids,sex,race,income16,rincom16,pres16,pres20,happy,health,natspac,natenvir,natheal,natcrime,reg16,yrlvmus,yrartxbt,yrmovie,artsout,yrcreat,yrrdg,yrtour,yrstmus,yrarmus,yrstpo,yrarpo,yrclass,yrpod,cvdlvmus,cvdart,cvdmov,cvdcreat,cvdrdg,cvdtour,cvdstmus,cvdarmus,cvdstpo,cvdarpo,cvdclass,cvdpod
2022,1,1,430,39,3,16,72,3,44,1,2,1,22,22,1,1,3,2,2,1,1,1,2,NA,NA,NA,NA,NA,NA,NA,NA,NA,NA,NA,NA,NA,NA,NA,NA,NA,NA,NA,NA,NA,NA,NA,NA,NA
2022,2,5,50,53,1,18,80,4,9,NA,1,1,NA,0,1,1,3,2,1,1,2,1,3,NA,NA,NA,NA,NA,NA,NA,NA,NA,NA,NA,NA,NA,NA,NA,NA,NA,NA,NA,NA,NA,NA,NA,NA,NA
2022,3,1,4610,48,3,12,57,1,NA,NA,2,1,18,18,2,2,3,2,NA,NA,NA,NA,1,NA,NA,NA,NA,NA,NA,NA,NA,NA,NA,NA,NA,NA,NA,NA,NA,NA,NA,NA,NA,NA,NA,NA,NA,NA
2022,4,3,4120,34,5,16,23,3,44,0,2,1,22,5,NA,1,3,2,3,1,1,1,1,NA,NA,NA,NA,NA,NA,NA,NA,NA,NA,NA,NA,NA,NA,NA,NA,NA,NA,NA,NA,NA,NA,NA,NA,NA
2022,5,8,7330,38,5,14,62,1,NA,2,1,1,15,0,2,2,2,3,NA,NA,NA,NA,1,2,2,2,NA,2,2,2,2,1,2,2,2,2,4,4,4,4,4,4,4,2,4,2,4,4
2022,6,1,4610,48,5,12,27,1,NA,NA,1,1,19,19,1,1,2,1,2,1,1,1,2,NA,NA,NA,NA,NA,NA,NA,NA,NA,NA,NA,NA,NA,NA,NA,NA,NA,NA,NA,NA,NA,NA,NA,NA,NA
2022,7,2,1105,61,5,12,20,1,NA,NA,2,3,17,17,NA,NA,2,2,NA,NA,NA,NA,2,NA,NA,NA,NA,NA,NA,NA,NA,NA,NA,NA,NA,NA,NA,NA,NA,NA,NA,NA,NA,NA,NA,NA,NA,NA
2022,8,1,2200,74,1,16,47,4,16,NA,1,1,26,21,1,1,2,2,NA,NA,NA,NA,9,NA,NA,NA,NA,NA,NA,NA,NA,NA,NA,NA,NA,NA,NA,NA,NA,NA,NA,NA,NA,NA,NA,NA,NA,NA
2022,9,1,4110,31,5,12,31,1,NA,NA,2,1,14,11,3,1,2,2,NA,NA,NA,NA,5,NA,NA,NA,NA,NA,NA,NA,NA,NA,NA,NA,NA,NA,NA,NA,NA,NA,NA,NA,NA,NA,NA,NA,NA,NA
2022,10,5,3600,48,5,12,72,1,NA,NA,2,NA,9,0,3,1,2,1,NA,NA,NA,NA,2,NA,NA,NA,NA,NA,NA,NA,NA,NA,NA,NA,NA,NA,NA,NA,NA,NA,NA,NA,NA,NA,NA,NA,NA,NA
2022,11,7,930,39,2,13,57,1,NA,2,2,1,19,0,1,1,2,2,NA,NA,NA,NA,2,1,2,1,1,NA,1,2,1,1,2,2,2,1,1,3,1,4,1,2,2,2,4,2,4,2
2022,12,2,4520,30,5,16,25,3,25,NA,2,1,16,16,NA,1,2,3,NA,NA,NA,NA,2,NA,NA,NA,NA,NA,NA,NA,NA,NA,NA,NA,NA,NA,NA,NA,NA,NA,NA,NA,NA,NA,NA,NA,NA,NA
2022,13,1,4700,38,1,12,35,1,NA,NA,2,1,24,18,NA,3,1,3,2,1,1,1,2,NA,NA,NA,NA,NA,NA,NA,NA,NA,NA,NA,NA,NA,NA,NA,NA,NA,NA,NA,NA,NA,NA,NA,NA,NA
2022,14,2,5120,45,5,12,36,1,NA,NA,2,1,2,1,NA,2,3,2,3,1,1,1,1,NA,NA,NA,NA,NA,NA,NA,NA,NA,NA,NA,NA,NA,NA,NA,NA,NA,NA,NA,NA,NA,NA,NA,NA,NA
2022,15,7,4050,21,5,13,41,1,NA,NA,2,1,NA,0,NA,2,2,1,NA,NA,NA,NA,1,NA,NA,NA,NA,NA,NA,NA,NA,NA,NA,NA,NA,NA,NA,NA,NA,NA,NA,NA,NA,NA,NA,NA,NA,NA
2022,16,5,3620,55,3,14,65,1,NA,NA,1,1,17,0,NA,1,1,2,NA,NA,NA,NA,2,NA,NA,NA,NA,NA,NA,NA,NA,NA,NA,NA,NA,NA,NA,NA,NA,NA,NA,NA,NA,NA,NA,NA,NA,NA
2022,17,7,NA,NA,5,13,20,1,NA,NA,2,3,11,0,NA,1,1,1,2,1,2,1,1,NA,NA,NA,NA,NA,NA,NA,NA,NA,NA,NA,NA,NA,NA,NA,NA,NA,NA,NA,NA,NA,NA,NA,NA,NA
2022,18,2,3255,64,1,16,80,3,36,7,2,1,24,16,1,1,1,2,NA,NA,NA,NA,2,1,1,1,2,2,1,2,1,1,2,2,1,1,1,2,2,4,1,2,1,1,4,4,2,1
2022,19,2,3600,48,5,11,35,0,NA,4,2,2,9,9,NA,NA,3,2,NA,NA,NA,NA,1,1,2,1,2,2,2,2,2,2,NA,2,2,2,4,4,2,4,2,4,4,4,2,2,2,4
2022,20,5,5860,32,5,12,89,1,NA,NA,2,1,17,0,NA,NA,2,4,NA,NA,NA,NA,1,NA,NA,NA,NA,NA,NA,NA,NA,NA,NA,NA,NA,NA,NA,NA,NA,NA,NA,NA,NA,NA,NA,NA,NA,NA
2022,21,7,9620,25,1,10,34,1,NA,3,2,3,18,3,NA,2,2,2,NA,NA,NA,NA,2,2,2,2,NA,2,2,2,2,2,2,2,2,2,4,4,4,4,4,4,4,4,4,4,4,4
2022,22,8,3600,48,1,12,55,1,NA,5,2,2,10,0,NA,NA,3,4,NA,NA,NA,NA,7,NA,NA,NA,NA,NA,NA,NA,NA,NA,NA,NA,NA,NA,NA,NA,NA,NA,NA,NA,NA,NA,NA,NA,NA,NA
2022,23,5,5500,38,2,16,65,3,43,0,1,1,17,16,4,2,3,2,NA,NA,NA,NA,2,2,2,2,NA,2,2,2,2,1,2,2,2,2,4,4,4,4,4,4,4,2,4,4,4,4
2022,24,1,2010,54,1,14,60,2,42,3,2,2,21,18,3,1,2,2,NA,NA,NA,NA,2,NA,NA,NA,NA,NA,NA,NA,NA,NA,NA,NA,NA,NA,NA,NA,NA,NA,NA,NA,NA,NA,NA,NA,NA,NA
2022,25,2,4000,50,5,13,28,1,NA,2,1,1,1,1,3,2,1,3,NA,NA,NA,NA,2,NA,NA,NA,NA,NA,NA,NA,NA,NA,NA,NA,NA,NA,NA,NA,NA,NA,NA,NA,NA,NA,NA,NA,NA,NA
2022,26,5,5700,47,2,12,82,1,NA,3,2,1,16,0,2,2,2,2,NA,NA,NA,NA,2,1,2,2,1,2,1,2,1,2,2,2,2,2,1,4,3,2,1,4,2,4,4,4,4,4
2022,27,1,20,50,1,12,59,1,NA,1,1,3,26,22,1,1,2,1,1,1,2,2,2,NA,NA,NA,NA,NA,NA,NA,NA,NA,NA,NA,NA,NA,NA,NA,NA,NA,NA,NA,NA,NA,NA,NA,NA,NA
2022,28,5,4600,35,2,12,86,1,NA,NA,2,2,25,0,1,1,2,2,3,2,1,1,0,NA,NA,NA,NA,NA,NA,NA,NA,NA,NA,NA,NA,NA,NA,NA,NA,NA,NA,NA,NA,NA,NA,NA,NA,NA
2022,29,1,9830,62,1,16,36,3,70,NA,1,3,19,NA,3,1,3,3,NA,NA,NA,NA,2,NA,NA,NA,NA,NA,NA,NA,NA,NA,NA,NA,NA,NA,NA,NA,NA,NA,NA,NA,NA,NA,NA,NA,NA,NA
2022,30,5,5840,38,1,12,79,1,NA,NA,2,1,NA,0,2,2,3,2,NA,NA,NA,NA,2,NA,NA,NA,NA,NA,NA,NA,NA,NA,NA,NA,NA,NA,NA,NA,NA,NA,NA,NA,NA,NA,NA,NA,NA,NA
2022,31,1,5550,45,1,14,65,1,NA,NA,1,3,23,21,NA,1,2,2,1,1,1,1,8,NA,NA,NA,NA,NA,NA,NA,NA,NA,NA,NA,NA,NA,NA,NA,NA,NA,NA,NA,NA,NA,NA,NA,NA,NA
2022,32,8,NA,NA,5,12,NA,4,NA,NA,NA,NA,NA,NA,NA,NA,3,2,1,1,1,3,2,NA,NA,NA,NA,NA,NA,NA,NA,NA,NA,NA,NA,NA,NA,NA,NA,NA,NA,NA,NA,NA,NA,NA,NA,NA
2022,33,5,3600,48,3,12,76,1,NA,NA,2,1,9,0,2,1,2,4,NA,NA,NA,NA,2,NA,NA,NA,NA,NA,NA,NA,NA,NA,NA,NA,NA,NA,NA,NA,NA,NA,NA,NA,NA,NA,NA,NA,NA,NA
2022,34,5,2010,54,3,16,72,3,9,NA,2,1,21,0,2,1,2,4,NA,NA,NA,NA,1,NA,NA,NA,NA,NA,NA,NA,NA,NA,NA,NA,NA,NA,NA,NA,NA,NA,NA,NA,NA,NA,NA,NA,NA,NA
2022,35,7,5110,40,2,13,62,1,NA,NA,2,1,15,0,1,1,2,2,3,1,1,1,2,NA,NA,NA,NA,NA,NA,NA,NA,NA,NA,NA,NA,NA,NA,NA,NA,NA,NA,NA,NA,NA,NA,NA,NA,NA
2022,36,2,5620,25,5,14,46,2,9,NA,1,1,18,11,2,2,3,3,NA,NA,NA,NA,2,NA,NA,NA,NA,NA,NA,NA,NA,NA,NA,NA,NA,NA,NA,NA,NA,NA,NA,NA,NA,NA,NA,NA,NA,NA
2022,37,5,4820,58,2,15,84,2,9,NA,1,1,19,0,2,NA,2,4,1,1,1,1,2,NA,NA,NA,NA,NA,NA,NA,NA,NA,NA,NA,NA,NA,NA,NA,NA,NA,NA,NA,NA,NA,NA,NA,NA,NA
2022,38,5,9620,25,1,12,79,1,NA,NA,1,1,18,0,2,2,2,2,NA,NA,NA,NA,2,NA,NA,NA,NA,NA,NA,NA,NA,NA,NA,NA,NA,NA,NA,NA,NA,NA,NA,NA,NA,NA,NA,NA,NA,NA
2022,39,1,2310,61,1,16,38,3,45,NA,2,1,26,21,2,1,2,3,1,1,1,1,2,NA,NA,NA,NA,NA,NA,NA,NA,NA,NA,NA,NA,NA,NA,NA,NA,NA,NA,NA,NA,NA,NA,NA,NA,NA
2022,40,1,4800,38,3,13,64,1,NA,2,1,1,23,23,1,1,2,1,NA,NA,NA,NA,2,NA,NA,NA,NA,NA,NA,NA,NA,NA,NA,NA,NA,NA,NA,NA,NA,NA,NA,NA,NA,NA,NA,NA,NA,NA
2022,41,1,350,64,1,16,49,3,36,6,2,1,25,24,2,2,2,2,2,1,1,1,2,2,2,2,NA,1,1,1,1,1,2,2,2,2,1,1,2,2,2,2,2,2,2,2,2,2
2022,42,5,5120,45,2,15,65,1,NA,0,2,1,5,NA,NA,NA,2,2,NA,NA,NA,NA,2,NA,NA,NA,NA,NA,NA,NA,NA,NA,NA,NA,NA,NA,NA,NA,NA,NA,NA,NA,NA,NA,NA,NA,NA,NA
2022,43,4,4030,21,5,16,29,3,44,0,2,3,18,9,NA,NA,3,2,2,1,1,3,3,NA,NA,NA,NA,NA,NA,NA,NA,NA,NA,NA,NA,NA,NA,NA,NA,NA,NA,NA,NA,NA,NA,NA,NA,NA
2022,44,1,420,52,5,18,30,4,9,NA,1,2,NA,18,1,1,2,2,NA,NA,NA,NA,2,NA,NA,NA,NA,NA,NA,NA,NA,NA,NA,NA,NA,NA,NA,NA,NA,NA,NA,NA,NA,NA,NA,NA,NA,NA
2022,45,7,4110,31,5,14,30,1,NA,NA,2,2,1,0,NA,NA,2,3,3,1,1,1,2,NA,NA,NA,NA,NA,NA,NA,NA,NA,NA,NA,NA,NA,NA,NA,NA,NA,NA,NA,NA,NA,NA,NA,NA,NA
2022,46,1,3255,64,3,17,50,3,42,NA,2,2,23,23,1,1,3,2,3,1,1,1,2,NA,NA,NA,NA,NA,NA,NA,NA,NA,NA,NA,NA,NA,NA,NA,NA,NA,NA,NA,NA,NA,NA,NA,NA,NA
2022,47,1,5240,31,5,12,32,1,NA,NA,2,2,18,18,NA,NA,2,2,3,1,1,NA,2,NA,NA,NA,NA,NA,NA,NA,NA,NA,NA,NA,NA,NA,NA,NA,NA,NA,NA,NA,NA,NA,NA,NA,NA,NA
2022,48,8,710,51,1,16,52,3,25,NA,1,1,26,26,3,2,2,2,NA,NA,NA,NA,2,NA,NA,NA,NA,NA,NA,NA,NA,NA,NA,NA,NA,NA,NA,NA,NA,NA,NA,NA,NA,NA,NA,NA,NA,NA
2022,49,5,20,50,1,19,89,4,NA,NA,1,1,14,0,1,1,2,2,2,2,1,1,0,NA,NA,NA,NA,NA,NA,NA,NA,NA,NA,NA,NA,NA,NA,NA,NA,NA,NA,NA,NA,NA,NA,NA,NA,NA
2022,50,7,725,49,1,14,70,1,NA,NA,2,1,25,25,1,1,1,2,2,1,1,1,1,NA,NA,NA,NA,NA,NA,NA,NA,NA,NA,NA,NA,NA,NA,NA,NA,NA,NA,NA,NA,NA,NA,NA,NA,NA
2022,51,1,5700,47,1,16,59,3,8,NA,2,1,26,17,1,1,1,2,NA,NA,NA,NA,1,2,1,2,1,2,1,2,2,2,2,1,2,2,2,2,2,2,1,2,2,2,2,2,4,4
2022,52,1,10,72,1,16,46,3,18,2,1,3,26,26,NA,NA,1,2,NA,NA,NA,NA,0,2,1,1,2,2,1,2,2,1,2,1,2,2,1,1,1,1,2,4,4,2,4,2,2,4
2022,53,1,3010,72,1,16,43,4,25,NA,2,3,26,NA,NA,NA,2,3,1,1,1,1,8,NA,NA,NA,NA,NA,NA,NA,NA,NA,NA,NA,NA,NA,NA,NA,NA,NA,NA,NA,NA,NA,NA,NA,NA,NA
2022,54,1,4710,48,1,12,60,1,NA,5,1,1,22,22,1,1,1,1,2,1,1,1,2,NA,NA,NA,NA,NA,NA,NA,NA,NA,NA,NA,NA,NA,NA,NA,NA,NA,NA,NA,NA,NA,NA,NA,NA,NA
2022,55,1,5165,37,1,12,38,1,NA,NA,1,1,26,26,NA,NA,1,2,NA,NA,NA,NA,0,NA,NA,NA,NA,NA,NA,NA,NA,NA,NA,NA,NA,NA,NA,NA,NA,NA,NA,NA,NA,NA,NA,NA,NA,NA
2022,56,7,4600,35,1,14,66,1,NA,3,1,1,NA,0,NA,NA,3,4,2,1,1,1,1,NA,NA,NA,NA,NA,NA,NA,NA,NA,NA,NA,NA,NA,NA,NA,NA,NA,NA,NA,NA,NA,NA,NA,NA,NA
2022,57,1,3930,34,3,14,28,1,NA,NA,2,2,16,16,NA,NA,NA,2,3,1,1,1,2,NA,NA,NA,NA,NA,NA,NA,NA,NA,NA,NA,NA,NA,NA,NA,NA,NA,NA,NA,NA,NA,NA,NA,NA,NA
2022,58,7,2320,64,5,13,20,1,NA,NA,2,2,6,6,NA,1,1,1,NA,NA,NA,NA,2,NA,NA,NA,NA,NA,NA,NA,NA,NA,NA,NA,NA,NA,NA,NA,NA,NA,NA,NA,NA,NA,NA,NA,NA,NA
2022,59,5,3600,48,5,14,62,1,NA,NA,2,1,10,0,1,1,3,2,NA,NA,NA,NA,0,NA,NA,NA,NA,NA,NA,NA,NA,NA,NA,NA,NA,NA,NA,NA,NA,NA,NA,NA,NA,NA,NA,NA,NA,NA
2022,60,4,4020,33,5,12,36,0,NA,NA,2,1,NA,0,1,NA,3,3,3,1,1,1,2,NA,NA,NA,NA,NA,NA,NA,NA,NA,NA,NA,NA,NA,NA,NA,NA,NA,NA,NA,NA,NA,NA,NA,NA,NA
2022,61,4,9120,35,5,10,49,0,NA,NA,2,1,15,15,1,2,3,3,NA,NA,NA,NA,2,NA,NA,NA,NA,NA,NA,NA,NA,NA,NA,NA,NA,NA,NA,NA,NA,NA,NA,NA,NA,NA,NA,NA,NA,NA
2022,62,2,4610,48,4,12,30,1,NA,NA,2,1,1,0,NA,NA,2,2,NA,NA,NA,NA,2,NA,NA,NA,NA,NA,NA,NA,NA,NA,NA,NA,NA,NA,NA,NA,NA,NA,NA,NA,NA,NA,NA,NA,NA,NA
2022,63,5,8320,32,3,9,62,0,NA,NA,2,3,12,0,2,2,1,2,NA,NA,NA,NA,0,NA,NA,NA,NA,NA,NA,NA,NA,NA,NA,NA,NA,NA,NA,NA,NA,NA,NA,NA,NA,NA,NA,NA,NA,NA
2022,64,5,7700,50,3,4,70,0,NA,NA,2,NA,9,0,NA,NA,1,3,3,2,1,1,0,NA,NA,NA,NA,NA,NA,NA,NA,NA,NA,NA,NA,NA,NA,NA,NA,NA,NA,NA,NA,NA,NA,NA,NA,NA
2022,65,5,8965,35,2,8,73,0,NA,NA,2,3,8,8,NA,2,3,4,3,3,1,1,0,NA,NA,NA,NA,NA,NA,NA,NA,NA,NA,NA,NA,NA,NA,NA,NA,NA,NA,NA,NA,NA,NA,NA,NA,NA
2022,66,1,3500,69,5,12,34,0,NA,NA,2,2,NA,NA,NA,NA,3,1,NA,NA,NA,NA,2,NA,NA,NA,NA,NA,NA,NA,NA,NA,NA,NA,NA,NA,NA,NA,NA,NA,NA,NA,NA,NA,NA,NA,NA,NA
2022,67,2,9140,26,5,16,47,3,82,NA,2,1,16,16,NA,1,3,3,1,1,1,1,2,NA,NA,NA,NA,NA,NA,NA,NA,NA,NA,NA,NA,NA,NA,NA,NA,NA,NA,NA,NA,NA,NA,NA,NA,NA
2022,68,2,4610,48,4,15,47,1,NA,NA,2,1,2,0,NA,NA,3,2,3,1,1,1,0,NA,NA,NA,NA,NA,NA,NA,NA,NA,NA,NA,NA,NA,NA,NA,NA,NA,NA,NA,NA,NA,NA,NA,NA,NA
2022,69,1,420,52,3,17,58,3,42,5,2,2,20,20,4,1,2,3,NA,NA,NA,NA,2,NA,NA,NA,NA,NA,NA,NA,NA,NA,NA,NA,NA,NA,NA,NA,NA,NA,NA,NA,NA,NA,NA,NA,NA,NA
2022,70,5,5100,24,3,12,82,1,NA,NA,2,2,11,0,1,1,3,2,NA,NA,NA,NA,0,NA,NA,NA,NA,NA,NA,NA,NA,NA,NA,NA,NA,NA,NA,NA,NA,NA,NA,NA,NA,NA,NA,NA,NA,NA
2022,71,1,NA,NA,2,12,67,1,NA,NA,1,2,16,NA,1,NA,2,2,NA,NA,NA,NA,2,NA,NA,NA,NA,NA,NA,NA,NA,NA,NA,NA,NA,NA,NA,NA,NA,NA,NA,NA,NA,NA,NA,NA,NA,NA
2022,72,1,9410,30,4,14,41,1,NA,0,1,2,22,22,NA,NA,2,2,NA,NA,NA,NA,2,NA,NA,NA,NA,NA,NA,NA,NA,NA,NA,NA,NA,NA,NA,NA,NA,NA,NA,NA,NA,NA,NA,NA,NA,NA
2022,73,1,2016,44,5,16,32,3,53,NA,2,2,26,0,1,1,2,3,2,1,1,1,2,NA,NA,NA,NA,NA,NA,NA,NA,NA,NA,NA,NA,NA,NA,NA,NA,NA,NA,NA,NA,NA,NA,NA,NA,NA
2022,74,5,3600,48,3,9,65,0,NA,3,2,2,16,14,1,1,2,2,3,2,1,1,0,1,2,2,1,2,2,2,2,2,2,2,2,2,4,4,4,4,4,4,4,4,4,4,4,4
2022,75,8,3645,51,5,18,57,4,55,0,2,2,11,0,1,1,3,4,NA,NA,NA,NA,2,1,2,2,1,1,1,1,1,1,1,1,1,1,3,4,4,3,4,3,3,3,1,1,3,3
2022,76,1,3600,48,3,12,55,1,NA,NA,1,2,19,19,1,1,3,3,NA,2,1,1,0,NA,NA,NA,NA,NA,NA,NA,NA,NA,NA,NA,NA,NA,NA,NA,NA,NA,NA,NA,NA,NA,NA,NA,NA,NA
2022,77,5,5120,45,2,9,86,0,NA,NA,2,2,NA,13,1,1,3,4,NA,NA,NA,NA,2,NA,NA,NA,NA,NA,NA,NA,NA,NA,NA,NA,NA,NA,NA,NA,NA,NA,NA,NA,NA,NA,NA,NA,NA,NA
2022,78,1,NA,NA,5,20,31,3,70,NA,2,2,17,17,NA,1,2,3,NA,NA,NA,NA,2,NA,NA,NA,NA,NA,NA,NA,NA,NA,NA,NA,NA,NA,NA,NA,NA,NA,NA,NA,NA,NA,NA,NA,NA,NA
2022,79,7,5860,32,3,12,62,1,NA,2,2,1,18,0,NA,2,1,1,2,2,1,1,2,NA,NA,NA,NA,NA,NA,NA,NA,NA,NA,NA,NA,NA,NA,NA,NA,NA,NA,NA,NA,NA,NA,NA,NA,NA
2022,80,1,3645,51,5,17,23,3,8,0,2,2,NA,NA,1,1,NA,3,1,1,1,1,0,NA,NA,NA,NA,NA,NA,NA,NA,NA,NA,NA,NA,NA,NA,NA,NA,NA,NA,NA,NA,NA,NA,NA,NA,NA
2022,81,1,9120,35,1,16,NA,3,NA,NA,2,2,22,19,1,1,1,1,3,2,1,1,0,NA,NA,NA,NA,NA,NA,NA,NA,NA,NA,NA,NA,NA,NA,NA,NA,NA,NA,NA,NA,NA,NA,NA,NA,NA
2022,82,1,4840,43,5,14,22,1,NA,NA,2,2,16,0,NA,1,3,3,3,1,1,2,5,NA,NA,NA,NA,NA,NA,NA,NA,NA,NA,NA,NA,NA,NA,NA,NA,NA,NA,NA,NA,NA,NA,NA,NA,NA
2022,83,1,4760,31,1,15,44,2,16,NA,1,1,24,20,1,1,2,2,1,1,1,3,5,NA,NA,NA,NA,NA,NA,NA,NA,NA,NA,NA,NA,NA,NA,NA,NA,NA,NA,NA,NA,NA,NA,NA,NA,NA
2022,84,1,710,51,5,15,24,1,NA,NA,2,3,16,0,NA,NA,2,2,3,1,1,NA,2,NA,NA,NA,NA,NA,NA,NA,NA,NA,NA,NA,NA,NA,NA,NA,NA,NA,NA,NA,NA,NA,NA,NA,NA,NA
2022,85,6,4710,48,5,18,37,4,73,NA,1,2,23,0,1,1,2,2,1,1,1,3,2,NA,NA,NA,NA,NA,NA,NA,NA,NA,NA,NA,NA,NA,NA,NA,NA,NA,NA,NA,NA,NA,NA,NA,NA,NA
2022,86,1,2850,67,3,20,79,4,51,NA,1,1,23,22,1,1,2,1,NA,NA,NA,NA,1,NA,NA,NA,NA,NA,NA,NA,NA,NA,NA,NA,NA,NA,NA,NA,NA,NA,NA,NA,NA,NA,NA,NA,NA,NA
2022,87,6,NA,NA,5,15,22,1,NA,0,1,2,11,0,NA,1,1,3,NA,NA,NA,NA,2,NA,NA,NA,NA,NA,NA,NA,NA,NA,NA,NA,NA,NA,NA,NA,NA,NA,NA,NA,NA,NA,NA,NA,NA,NA
2022,88,7,2630,46,5,16,34,3,67,NA,1,3,20,20,1,1,3,3,NA,NA,NA,NA,9,NA,NA,NA,NA,NA,NA,NA,NA,NA,NA,NA,NA,NA,NA,NA,NA,NA,NA,NA,NA,NA,NA,NA,NA,NA
2022,89,1,120,53,5,16,26,3,28,NA,1,2,23,23,1,1,2,1,NA,NA,NA,NA,5,NA,NA,NA,NA,NA,NA,NA,NA,NA,NA,NA,NA,NA,NA,NA,NA,NA,NA,NA,NA,NA,NA,NA,NA,NA
2022,90,1,1020,60,5,17,29,4,18,NA,1,NA,18,0,1,1,2,1,NA,NA,NA,NA,1,NA,NA,NA,NA,NA,NA,NA,NA,NA,NA,NA,NA,NA,NA,NA,NA,NA,NA,NA,NA,NA,NA,NA,NA,NA
2022,91,1,735,57,1,16,36,3,81,NA,2,1,26,21,1,1,1,1,3,1,1,1,1,NA,NA,NA,NA,NA,NA,NA,NA,NA,NA,NA,NA,NA,NA,NA,NA,NA,NA,NA,NA,NA,NA,NA,NA,NA
2022,92,2,2600,46,5,15,29,1,NA,0,2,2,NA,NA,1,1,2,1,3,1,1,1,7,NA,NA,NA,NA,NA,NA,NA,NA,NA,NA,NA,NA,NA,NA,NA,NA,NA,NA,NA,NA,NA,NA,NA,NA,NA
2022,93,7,6260,28,5,12,47,1,NA,NA,1,3,22,20,2,2,3,3,NA,NA,NA,NA,2,NA,NA,NA,NA,NA,NA,NA,NA,NA,NA,NA,NA,NA,NA,NA,NA,NA,NA,NA,NA,NA,NA,NA,NA,NA
2022,94,1,2010,54,5,16,58,3,82,0,2,2,19,19,1,1,1,1,NA,NA,NA,NA,2,NA,NA,NA,NA,NA,NA,NA,NA,NA,NA,NA,NA,NA,NA,NA,NA,NA,NA,NA,NA,NA,NA,NA,NA,NA
2022,95,2,2750,51,5,16,46,3,5,NA,1,1,18,17,1,1,3,2,2,1,1,2,5,NA,NA,NA,NA,NA,NA,NA,NA,NA,NA,NA,NA,NA,NA,NA,NA,NA,NA,NA,NA,NA,NA,NA,NA,NA
2022,96,1,4850,45,5,16,29,3,12,NA,2,3,22,22,1,1,2,2,NA,NA,NA,NA,9,NA,NA,NA,NA,NA,NA,NA,NA,NA,NA,NA,NA,NA,NA,NA,NA,NA,NA,NA,NA,NA,NA,NA,NA,NA
2022,97,1,5000,46,1,16,46,1,NA,NA,2,1,20,19,2,2,2,2,NA,NA,NA,NA,2,1,1,2,1,2,1,1,1,1,2,2,2,2,1,1,4,4,2,1,2,2,4,4,4,4
2022,98,5,1010,63,4,14,71,2,14,2,1,1,NA,0,1,1,1,2,NA,NA,NA,NA,0,1,2,1,1,2,2,2,1,1,2,2,2,2,3,4,3,3,4,4,1,1,4,4,2,4
2022,99,1,5260,36,1,16,28,3,42,NA,1,3,17,0,1,NA,2,2,NA,NA,NA,NA,2,NA,NA,NA,NA,NA,NA,NA,NA,NA,NA,NA,NA,NA,NA,NA,NA,NA,NA,NA,NA,NA,NA,NA,NA,NA
2022,100,1,1006,65,5,16,38,3,14,NA,2,1,NA,0,2,2,2,2,NA,NA,NA,NA,2,NA,NA,NA,NA,NA,NA,NA,NA,NA,NA,NA,NA,NA,NA,NA,NA,NA,NA,NA,NA,NA,NA,NA,NA,NA
2022,101,1,4710,48,5,14,25,2,70,NA,1,2,19,0,NA,NA,2,2,NA,NA,NA,NA,2,NA,NA,NA,NA,NA,NA,NA,NA,NA,NA,NA,NA,NA,NA,NA,NA,NA,NA,NA,NA,NA,NA,NA,NA,NA
2022,102,1,20,50,5,16,34,3,8,0,2,1,20,20,1,1,2,2,NA,NA,NA,NA,2,2,2,2,NA,2,1,2,2,1,2,2,1,2,1,2,2,4,1,3,3,2,4,4,3,4
2022,103,2,4620,35,5,14,26,2,1,3,2,3,12,12,1,1,2,2,2,1,1,1,2,1,1,1,1,2,1,2,1,1,2,2,2,2,2,1,2,4,1,2,3,3,2,2,3,4
2022,104,1,4030,21,4,16,63,3,63,NA,1,1,20,16,2,2,3,3,2,3,1,1,2,NA,NA,NA,NA,NA,NA,NA,NA,NA,NA,NA,NA,NA,NA,NA,NA,NA,NA,NA,NA,NA,NA,NA,NA,NA
2022,105,2,2200,74,1,16,82,3,33,NA,1,1,19,0,2,2,NA,3,NA,NA,NA,NA,2,NA,NA,NA,NA,NA,NA,NA,NA,NA,NA,NA,NA,NA,NA,NA,NA,NA,NA,NA,NA,NA,NA,NA,NA,NA
2022,106,1,2310,61,5,18,47,4,16,0,1,1,24,23,2,2,2,2,1,2,1,1,2,2,2,2,NA,2,2,2,2,2,2,2,2,2,4,4,4,4,4,4,4,4,4,4,4,4
2022,107,1,3255,64,1,16,40,3,9,2,1,1,26,26,NA,NA,2,2,1,1,1,1,2,1,2,1,1,2,1,2,2,1,2,2,2,2,2,4,2,4,2,4,4,4,4,4,4,4
2022,108,5,1360,65,1,17,71,3,18,NA,1,3,24,0,2,2,2,2,2,1,2,1,0,1,2,1,2,2,2,1,2,1,2,2,2,2,1,4,1,4,4,2,2,2,4,4,4,4
2022,109,5,5860,32,1,13,63,1,NA,NA,2,1,NA,0,2,2,2,2,NA,NA,NA,NA,2,NA,NA,NA,NA,NA,NA,NA,NA,NA,NA,NA,NA,NA,NA,NA,NA,NA,NA,NA,NA,NA,NA,NA,NA,NA
2022,110,7,5700,47,2,15,89,1,NA,NA,2,1,13,0,1,1,2,3,3,1,2,1,2,NA,NA,NA,NA,NA,NA,NA,NA,NA,NA,NA,NA,NA,NA,NA,NA,NA,NA,NA,NA,NA,NA,NA,NA,NA
2022,111,1,7130,41,1,16,61,1,NA,3,1,1,NA,22,2,2,1,2,NA,NA,NA,NA,2,1,2,1,1,2,2,2,2,1,2,2,2,2,2,2,1,2,2,2,2,2,4,4,4,4
2022,112,3,6230,44,1,12,52,1,NA,NA,1,3,17,17,NA,NA,1,2,3,1,1,1,2,NA,NA,NA,NA,NA,NA,NA,NA,NA,NA,NA,NA,NA,NA,NA,NA,NA,NA,NA,NA,NA,NA,NA,NA,NA
2022,113,1,3400,62,5,15,48,2,55,NA,1,2,25,25,1,1,3,2,NA,NA,NA,NA,2,NA,NA,NA,NA,NA,NA,NA,NA,NA,NA,NA,NA,NA,NA,NA,NA,NA,NA,NA,NA,NA,NA,NA,NA,NA
2022,114,1,1340,75,5,16,40,3,14,0,1,1,23,23,1,1,2,2,1,1,1,3,2,1,2,2,1,1,1,1,1,1,2,2,2,2,3,4,4,3,2,1,1,2,4,4,2,2
2022,115,1,5610,35,1,15,NA,1,NA,NA,1,2,NA,NA,NA,NA,1,1,3,1,2,1,0,NA,NA,NA,NA,NA,NA,NA,NA,NA,NA,NA,NA,NA,NA,NA,NA,NA,NA,NA,NA,NA,NA,NA,NA,NA
2022,116,1,4250,37,1,12,44,0,NA,NA,1,1,21,21,NA,NA,1,2,NA,NA,NA,NA,0,NA,NA,NA,NA,NA,NA,NA,NA,NA,NA,NA,NA,NA,NA,NA,NA,NA,NA,NA,NA,NA,NA,NA,NA,NA
2022,117,1,9140,26,1,12,42,1,NA,NA,1,3,16,16,NA,NA,2,2,NA,1,1,1,0,NA,NA,NA,NA,NA,NA,NA,NA,NA,NA,NA,NA,NA,NA,NA,NA,NA,NA,NA,NA,NA,NA,NA,NA,NA
2022,118,1,9130,35,4,16,46,3,42,0,1,3,19,19,NA,NA,2,2,NA,NA,NA,NA,2,NA,NA,NA,NA,NA,NA,NA,NA,NA,NA,NA,NA,NA,NA,NA,NA,NA,NA,NA,NA,NA,NA,NA,NA,NA
2022,119,5,4230,25,2,9,70,0,NA,NA,2,1,2,0,NA,NA,2,3,3,1,1,1,2,NA,NA,NA,NA,NA,NA,NA,NA,NA,NA,NA,NA,NA,NA,NA,NA,NA,NA,NA,NA,NA,NA,NA,NA,NA
2022,120,4,4110,31,5,14,20,1,NA,0,2,2,16,0,NA,NA,2,1,NA,NA,NA,NA,2,NA,NA,NA,NA,NA,NA,NA,NA,NA,NA,NA,NA,NA,NA,NA,NA,NA,NA,NA,NA,NA,NA,NA,NA,NA
2022,121,1,20,50,1,12,36,1,NA,NA,1,3,24,NA,NA,NA,1,1,3,1,2,2,2,NA,NA,NA,NA,NA,NA,NA,NA,NA,NA,NA,NA,NA,NA,NA,NA,NA,NA,NA,NA,NA,NA,NA,NA,NA
2022,122,5,800,60,1,14,82,1,NA,NA,1,1,23,0,2,1,2,2,2,2,1,1,2,NA,NA,NA,NA,NA,NA,NA,NA,NA,NA,NA,NA,NA,NA,NA,NA,NA,NA,NA,NA,NA,NA,NA,NA,NA
2022,123,1,110,60,1,16,65,3,8,3,2,1,22,20,2,2,3,2,3,3,1,1,2,NA,NA,NA,NA,NA,NA,NA,NA,NA,NA,NA,NA,NA,NA,NA,NA,NA,NA,NA,NA,NA,NA,NA,NA,NA
2022,124,7,8320,32,3,9,64,0,NA,NA,2,1,7,0,1,1,1,3,1,1,2,1,0,NA,NA,NA,NA,NA,NA,NA,NA,NA,NA,NA,NA,NA,NA,NA,NA,NA,NA,NA,NA,NA,NA,NA,NA,NA
2022,125,2,8710,28,3,12,69,1,NA,NA,2,NA,18,15,1,1,2,1,NA,NA,NA,NA,0,NA,NA,NA,NA,NA,NA,NA,NA,NA,NA,NA,NA,NA,NA,NA,NA,NA,NA,NA,NA,NA,NA,NA,NA,NA
2022,126,7,NA,NA,1,16,NA,3,NA,2,1,3,6,NA,NA,NA,2,3,NA,NA,NA,NA,0,2,1,1,1,2,2,2,2,1,1,2,1,2,3,3,3,4,4,3,4,1,4,4,2,3
2022,127,1,4350,33,3,16,65,1,NA,NA,2,1,NA,NA,1,1,3,3,2,2,1,2,2,NA,NA,NA,NA,NA,NA,NA,NA,NA,NA,NA,NA,NA,NA,NA,NA,NA,NA,NA,NA,NA,NA,NA,NA,NA
2022,128,2,2700,58,3,12,52,1,NA,NA,1,3,20,16,NA,1,2,1,NA,NA,NA,NA,0,NA,NA,NA,NA,NA,NA,NA,NA,NA,NA,NA,NA,NA,NA,NA,NA,NA,NA,NA,NA,NA,NA,NA,NA,NA
2022,129,1,9140,26,1,16,61,3,71,NA,1,1,13,13,NA,2,2,2,3,1,2,1,0,NA,NA,NA,NA,NA,NA,NA,NA,NA,NA,NA,NA,NA,NA,NA,NA,NA,NA,NA,NA,NA,NA,NA,NA,NA
2022,130,1,710,51,5,18,31,4,16,0,2,1,20,20,1,1,1,1,2,1,1,3,2,1,1,1,1,1,1,2,2,1,2,1,2,1,1,1,1,3,2,4,4,2,4,2,4,2
2022,131,1,4220,24,5,18,40,4,16,NA,1,3,23,7,NA,NA,3,2,2,1,1,1,2,NA,NA,NA,NA,NA,NA,NA,NA,NA,NA,NA,NA,NA,NA,NA,NA,NA,NA,NA,NA,NA,NA,NA,NA,NA
2022,132,1,2630,46,1,18,43,4,12,NA,1,3,23,20,NA,NA,2,2,NA,NA,NA,NA,0,NA,NA,NA,NA,NA,NA,NA,NA,NA,NA,NA,NA,NA,NA,NA,NA,NA,NA,NA,NA,NA,NA,NA,NA,NA
2022,133,1,3235,48,5,17,26,4,40,NA,1,2,20,19,3,NA,2,2,2,1,1,1,2,NA,NA,NA,NA,NA,NA,NA,NA,NA,NA,NA,NA,NA,NA,NA,NA,NA,NA,NA,NA,NA,NA,NA,NA,NA
2022,134,5,2850,67,1,12,80,1,NA,NA,1,1,24,0,1,1,2,2,NA,NA,NA,NA,2,NA,NA,NA,NA,NA,NA,NA,NA,NA,NA,NA,NA,NA,NA,NA,NA,NA,NA,NA,NA,NA,NA,NA,NA,NA
2022,135,4,3600,48,5,11,34,0,NA,NA,2,NA,13,0,NA,NA,3,3,NA,NA,NA,NA,0,NA,NA,NA,NA,NA,NA,NA,NA,NA,NA,NA,NA,NA,NA,NA,NA,NA,NA,NA,NA,NA,NA,NA,NA,NA
2022,136,4,NA,NA,5,12,26,1,NA,NA,2,3,NA,NA,NA,NA,3,2,3,1,1,1,0,NA,NA,NA,NA,NA,NA,NA,NA,NA,NA,NA,NA,NA,NA,NA,NA,NA,NA,NA,NA,NA,NA,NA,NA,NA
2022,137,1,3600,48,2,14,56,2,16,NA,2,2,15,11,NA,1,3,2,NA,NA,NA,NA,2,NA,NA,NA,NA,NA,NA,NA,NA,NA,NA,NA,NA,NA,NA,NA,NA,NA,NA,NA,NA,NA,NA,NA,NA,NA
2022,138,7,NA,NA,5,12,32,1,NA,NA,2,2,NA,0,NA,3,3,2,3,3,1,1,2,NA,NA,NA,NA,NA,NA,NA,NA,NA,NA,NA,NA,NA,NA,NA,NA,NA,NA,NA,NA,NA,NA,NA,NA,NA
2022,139,1,5310,50,5,16,23,3,43,NA,2,1,18,18,NA,1,1,2,NA,NA,NA,NA,7,NA,NA,NA,NA,NA,NA,NA,NA,NA,NA,NA,NA,NA,NA,NA,NA,NA,NA,NA,NA,NA,NA,NA,NA,NA
2022,140,1,2145,52,3,16,34,3,42,0,2,1,23,23,1,1,3,3,2,1,1,3,2,1,1,1,1,1,1,2,1,1,1,1,2,1,1,1,1,3,1,3,3,2,3,2,4,2
2022,141,1,3255,64,5,19,NA,4,55,0,2,3,NA,NA,1,NA,2,2,3,1,1,2,0,1,2,1,1,2,1,2,2,1,2,1,2,2,1,4,2,4,2,4,4,2,4,2,4,4
2022,142,5,3320,59,1,16,79,4,14,NA,1,2,NA,0,1,1,2,1,1,1,1,1,0,NA,NA,NA,NA,NA,NA,NA,NA,NA,NA,NA,NA,NA,NA,NA,NA,NA,NA,NA,NA,NA,NA,NA,NA,NA
2022,143,1,3255,64,1,18,36,3,11,NA,1,2,22,22,1,1,3,2,NA,NA,NA,NA,2,NA,NA,NA,NA,NA,NA,NA,NA,NA,NA,NA,NA,NA,NA,NA,NA,NA,NA,NA,NA,NA,NA,NA,NA,NA
2022,144,5,9140,26,3,16,NA,3,49,NA,2,2,NA,0,NA,NA,2,2,3,1,1,1,2,NA,NA,NA,NA,NA,NA,NA,NA,NA,NA,NA,NA,NA,NA,NA,NA,NA,NA,NA,NA,NA,NA,NA,NA,NA
2022,145,5,400,60,1,14,69,1,NA,2,1,2,22,0,1,1,2,3,2,1,1,1,2,NA,NA,NA,NA,NA,NA,NA,NA,NA,NA,NA,NA,NA,NA,NA,NA,NA,NA,NA,NA,NA,NA,NA,NA,NA
2022,146,4,4230,25,5,14,56,0,NA,NA,2,2,NA,0,NA,NA,1,2,NA,2,1,1,0,NA,NA,NA,NA,NA,NA,NA,NA,NA,NA,NA,NA,NA,NA,NA,NA,NA,NA,NA,NA,NA,NA,NA,NA,NA
2022,147,5,640,53,1,16,NA,3,NA,2,2,3,NA,0,1,1,1,1,1,1,1,1,2,NA,NA,NA,NA,NA,NA,NA,NA,NA,NA,NA,NA,NA,NA,NA,NA,NA,NA,NA,NA,NA,NA,NA,NA,NA
2022,148,7,4600,35,5,16,36,2,57,3,2,2,13,13,1,1,1,2,NA,NA,NA,NA,2,NA,NA,NA,NA,NA,NA,NA,NA,NA,NA,NA,NA,NA,NA,NA,NA,NA,NA,NA,NA,NA,NA,NA,NA,NA
2022,149,1,4700,38,4,16,NA,3,44,NA,2,2,NA,NA,NA,NA,2,2,3,1,1,2,2,NA,NA,NA,NA,NA,NA,NA,NA,NA,NA,NA,NA,NA,NA,NA,NA,NA,NA,NA,NA,NA,NA,NA,NA,NA
2022,150,1,430,39,5,18,29,4,43,NA,1,2,26,24,NA,1,2,2,NA,NA,NA,NA,2,NA,NA,NA,NA,NA,NA,NA,NA,NA,NA,NA,NA,NA,NA,NA,NA,NA,NA,NA,NA,NA,NA,NA,NA,NA
2022,151,1,2310,61,5,11,44,1,NA,NA,2,3,22,21,1,1,2,2,2,1,1,1,2,NA,NA,NA,NA,NA,NA,NA,NA,NA,NA,NA,NA,NA,NA,NA,NA,NA,NA,NA,NA,NA,NA,NA,NA,NA
2022,152,1,6260,28,1,10,37,0,NA,NA,1,3,NA,NA,NA,NA,1,1,2,2,1,1,2,NA,NA,NA,NA,NA,NA,NA,NA,NA,NA,NA,NA,NA,NA,NA,NA,NA,NA,NA,NA,NA,NA,NA,NA,NA
2022,153,5,3400,62,3,18,70,3,20,4,1,1,21,0,1,1,2,3,1,1,1,1,2,NA,NA,NA,NA,NA,NA,NA,NA,NA,NA,NA,NA,NA,NA,NA,NA,NA,NA,NA,NA,NA,NA,NA,NA,NA
2022,154,6,NA,NA,5,13,NA,0,NA,NA,2,1,NA,0,NA,NA,3,2,2,1,1,1,2,NA,NA,NA,NA,NA,NA,NA,NA,NA,NA,NA,NA,NA,NA,NA,NA,NA,NA,NA,NA,NA,NA,NA,NA,NA
2022,155,5,6700,39,4,12,62,1,NA,2,1,1,NA,0,2,2,2,1,NA,NA,NA,NA,2,NA,NA,NA,NA,NA,NA,NA,NA,NA,NA,NA,NA,NA,NA,NA,NA,NA,NA,NA,NA,NA,NA,NA,NA,NA
2022,156,1,5700,47,5,16,24,3,42,0,2,1,23,18,NA,NA,2,1,3,1,2,1,2,NA,NA,NA,NA,NA,NA,NA,NA,NA,NA,NA,NA,NA,NA,NA,NA,NA,NA,NA,NA,NA,NA,NA,NA,NA
2022,157,8,5860,32,2,12,83,1,NA,NA,2,3,16,0,1,1,2,2,NA,NA,NA,NA,0,NA,NA,NA,NA,NA,NA,NA,NA,NA,NA,NA,NA,NA,NA,NA,NA,NA,NA,NA,NA,NA,NA,NA,NA,NA
2022,158,5,700,51,4,17,71,3,9,1,1,1,21,0,1,1,2,2,1,1,1,3,2,2,2,2,NA,2,1,2,2,2,2,2,2,2,4,4,4,4,2,4,4,4,4,4,4,4
2022,159,1,410,41,1,16,68,3,1,0,1,1,22,22,2,2,2,2,2,3,3,1,2,1,1,2,1,2,2,2,2,1,2,1,2,2,2,2,4,4,2,2,2,2,2,2,2,2
2022,160,1,5420,43,3,12,NA,1,NA,NA,2,NA,NA,NA,NA,NA,NA,2,3,1,1,1,2,NA,NA,NA,NA,NA,NA,NA,NA,NA,NA,NA,NA,NA,NA,NA,NA,NA,NA,NA,NA,NA,NA,NA,NA,NA
2022,161,1,300,62,1,19,74,3,18,NA,1,3,23,22,NA,NA,1,2,NA,NA,NA,NA,0,NA,NA,NA,NA,NA,NA,NA,NA,NA,NA,NA,NA,NA,NA,NA,NA,NA,NA,NA,NA,NA,NA,NA,NA,NA
2022,162,1,NA,NA,5,16,46,3,14,NA,2,2,20,20,NA,NA,2,2,NA,NA,NA,NA,0,NA,NA,NA,NA,NA,NA,NA,NA,NA,NA,NA,NA,NA,NA,NA,NA,NA,NA,NA,NA,NA,NA,NA,NA,NA
2022,163,1,2016,44,1,17,48,3,81,4,1,3,NA,17,3,4,3,3,NA,NA,NA,NA,2,NA,NA,NA,NA,NA,NA,NA,NA,NA,NA,NA,NA,NA,NA,NA,NA,NA,NA,NA,NA,NA,NA,NA,NA,NA
2022,164,1,2330,61,1,20,55,4,16,NA,2,1,26,23,2,2,1,2,NA,NA,NA,NA,2,NA,NA,NA,NA,NA,NA,NA,NA,NA,NA,NA,NA,NA,NA,NA,NA,NA,NA,NA,NA,NA,NA,NA,NA,NA
2022,165,7,3620,55,1,12,46,1,NA,2,2,1,26,0,NA,NA,1,1,NA,NA,NA,NA,2,NA,NA,NA,NA,NA,NA,NA,NA,NA,NA,NA,NA,NA,NA,NA,NA,NA,NA,NA,NA,NA,NA,NA,NA,NA
2022,166,1,3255,64,1,18,40,4,36,NA,2,1,26,24,1,1,1,2,NA,NA,NA,NA,2,NA,NA,NA,NA,NA,NA,NA,NA,NA,NA,NA,NA,NA,NA,NA,NA,NA,NA,NA,NA,NA,NA,NA,NA,NA
2022,167,5,3255,64,4,16,63,3,36,NA,2,1,22,0,4,1,2,4,NA,NA,NA,NA,2,NA,NA,NA,NA,NA,NA,NA,NA,NA,NA,NA,NA,NA,NA,NA,NA,NA,NA,NA,NA,NA,NA,NA,NA,NA
2022,168,1,7720,27,2,12,65,1,NA,NA,2,1,20,20,2,2,3,2,1,2,2,1,2,NA,NA,NA,NA,NA,NA,NA,NA,NA,NA,NA,NA,NA,NA,NA,NA,NA,NA,NA,NA,NA,NA,NA,NA,NA
2022,169,1,3500,69,5,18,31,2,82,NA,2,1,26,19,NA,NA,1,1,NA,NA,NA,NA,2,NA,NA,NA,NA,NA,NA,NA,NA,NA,NA,NA,NA,NA,NA,NA,NA,NA,NA,NA,NA,NA,NA,NA,NA,NA
2022,170,1,2720,65,4,13,39,1,NA,NA,1,1,20,17,2,2,2,1,1,3,1,1,2,NA,NA,NA,NA,NA,NA,NA,NA,NA,NA,NA,NA,NA,NA,NA,NA,NA,NA,NA,NA,NA,NA,NA,NA,NA
2022,171,1,136,53,3,20,51,4,56,3,1,1,26,26,3,3,3,1,1,1,1,1,2,1,2,1,2,2,2,2,1,1,2,2,1,1,2,4,1,4,4,4,2,2,4,4,2,2
2022,172,1,4700,38,5,16,34,3,25,0,1,1,23,13,1,NA,2,2,NA,NA,NA,NA,2,1,2,1,1,2,1,2,1,1,1,1,1,1,1,2,1,1,2,1,1,1,2,2,1,1
2022,173,1,3255,64,5,16,29,3,36,NA,2,1,26,22,1,1,2,1,2,1,1,2,2,NA,NA,NA,NA,NA,NA,NA,NA,NA,NA,NA,NA,NA,NA,NA,NA,NA,NA,NA,NA,NA,NA,NA,NA,NA
2022,174,5,2840,55,3,15,87,1,NA,NA,1,1,22,0,2,2,3,3,NA,NA,NA,NA,2,NA,NA,NA,NA,NA,NA,NA,NA,NA,NA,NA,NA,NA,NA,NA,NA,NA,NA,NA,NA,NA,NA,NA,NA,NA
2022,175,1,3160,65,1,16,41,4,50,NA,2,1,22,22,1,1,1,1,NA,NA,NA,NA,2,1,2,1,1,1,1,2,2,1,2,2,1,1,2,4,1,1,1,4,4,4,4,4,2,2
2022,176,1,3600,48,1,14,39,2,49,0,2,3,13,13,NA,NA,2,3,2,2,1,2,2,NA,NA,NA,NA,NA,NA,NA,NA,NA,NA,NA,NA,NA,NA,NA,NA,NA,NA,NA,NA,NA,NA,NA,NA,NA
2022,177,1,5240,31,5,16,63,3,55,NA,2,2,18,18,1,1,2,2,NA,NA,NA,NA,2,NA,NA,NA,NA,NA,NA,NA,NA,NA,NA,NA,NA,NA,NA,NA,NA,NA,NA,NA,NA,NA,NA,NA,NA,NA
2022,178,2,5860,32,4,16,41,3,42,3,2,1,14,4,1,NA,3,2,NA,NA,NA,NA,2,NA,NA,NA,NA,NA,NA,NA,NA,NA,NA,NA,NA,NA,NA,NA,NA,NA,NA,NA,NA,NA,NA,NA,NA,NA
2022,179,2,5160,39,3,13,68,1,NA,1,2,1,24,16,NA,NA,2,1,2,2,2,1,2,NA,NA,NA,NA,NA,NA,NA,NA,NA,NA,NA,NA,NA,NA,NA,NA,NA,NA,NA,NA,NA,NA,NA,NA,NA
2022,180,5,4220,24,1,12,74,1,NA,NA,2,1,18,0,1,1,1,2,NA,NA,NA,NA,2,NA,NA,NA,NA,NA,NA,NA,NA,NA,NA,NA,NA,NA,NA,NA,NA,NA,NA,NA,NA,NA,NA,NA,NA,NA
2022,181,4,4220,24,5,3,50,0,NA,0,2,2,9,6,1,2,3,3,NA,NA,NA,NA,2,2,2,2,NA,2,1,1,2,1,2,1,2,2,4,4,2,4,1,4,4,4,4,4,4,4
2022,182,1,2310,61,5,18,53,4,45,NA,2,2,23,22,1,1,2,3,2,1,1,1,2,NA,NA,NA,NA,NA,NA,NA,NA,NA,NA,NA,NA,NA,NA,NA,NA,NA,NA,NA,NA,NA,NA,NA,NA,NA
2022,183,1,1107,48,5,16,34,3,14,NA,1,3,10,10,1,1,1,2,2,1,1,1,2,NA,NA,NA,NA,NA,NA,NA,NA,NA,NA,NA,NA,NA,NA,NA,NA,NA,NA,NA,NA,NA,NA,NA,NA,NA
2022,184,1,2000,51,1,12,62,1,NA,NA,1,2,24,20,1,1,1,1,2,1,1,1,5,NA,NA,NA,NA,NA,NA,NA,NA,NA,NA,NA,NA,NA,NA,NA,NA,NA,NA,NA,NA,NA,NA,NA,NA,NA
2022,185,1,3160,65,4,16,54,4,55,NA,2,3,23,22,NA,NA,2,1,1,1,1,1,0,NA,NA,NA,NA,NA,NA,NA,NA,NA,NA,NA,NA,NA,NA,NA,NA,NA,NA,NA,NA,NA,NA,NA,NA,NA
2022,186,1,5240,31,4,16,37,3,50,NA,2,1,21,21,1,1,2,2,NA,NA,NA,NA,1,NA,NA,NA,NA,NA,NA,NA,NA,NA,NA,NA,NA,NA,NA,NA,NA,NA,NA,NA,NA,NA,NA,NA,NA,NA
2022,187,5,6220,39,3,12,65,1,NA,1,1,1,NA,0,1,1,2,2,2,1,2,1,1,2,2,2,NA,2,1,2,2,2,2,2,2,2,4,4,4,4,3,4,4,4,4,4,4,4
2022,188,1,540,46,1,16,42,3,14,3,1,1,24,23,2,2,1,2,NA,NA,NA,NA,1,2,2,1,2,2,2,2,2,2,2,2,2,2,4,4,2,4,4,4,4,4,4,4,4,4
2022,189,2,5000,46,5,12,47,1,NA,NA,2,1,13,2,1,1,2,2,2,1,1,1,1,NA,NA,NA,NA,NA,NA,NA,NA,NA,NA,NA,NA,NA,NA,NA,NA,NA,NA,NA,NA,NA,NA,NA,NA,NA
2022,190,1,1320,75,5,18,49,4,18,0,1,1,26,26,NA,NA,2,2,NA,NA,NA,NA,9,2,2,1,2,1,2,1,2,2,2,2,2,2,2,2,3,2,2,2,2,2,2,2,2,2
2022,191,1,430,39,1,18,NA,4,29,2,1,1,26,24,3,2,1,1,NA,NA,NA,NA,3,NA,NA,NA,NA,NA,NA,NA,NA,NA,NA,NA,NA,NA,NA,NA,NA,NA,NA,NA,NA,NA,NA,NA,NA,NA
2022,192,1,1650,63,1,18,NA,4,NA,NA,2,3,NA,NA,1,1,1,2,NA,NA,NA,NA,9,1,2,1,2,2,2,2,2,2,2,2,2,2,1,2,1,2,4,2,2,2,2,2,2,2
2022,193,2,1320,75,5,18,64,4,18,NA,1,1,23,23,1,1,1,2,2,1,2,1,4,NA,NA,NA,NA,NA,NA,NA,NA,NA,NA,NA,NA,NA,NA,NA,NA,NA,NA,NA,NA,NA,NA,NA,NA,NA
2022,194,5,NA,NA,3,16,60,3,18,NA,1,1,26,NA,2,2,NA,NA,NA,NA,NA,NA,9,NA,NA,NA,NA,NA,NA,NA,NA,NA,NA,NA,NA,NA,NA,NA,NA,NA,NA,NA,NA,NA,NA,NA,NA,NA
2022,195,1,1410,73,1,12,45,1,NA,NA,1,1,25,25,1,1,1,3,NA,NA,NA,NA,9,NA,NA,NA,NA,NA,NA,NA,NA,NA,NA,NA,NA,NA,NA,NA,NA,NA,NA,NA,NA,NA,NA,NA,NA,NA
2022,196,5,230,59,1,20,56,4,16,1,1,3,26,25,1,1,2,2,2,1,1,1,9,NA,NA,NA,NA,NA,NA,NA,NA,NA,NA,NA,NA,NA,NA,NA,NA,NA,NA,NA,NA,NA,NA,NA,NA,NA
2022,197,1,3060,80,1,16,30,4,55,0,2,3,26,22,1,1,2,1,3,1,1,1,9,NA,NA,NA,NA,NA,NA,NA,NA,NA,NA,NA,NA,NA,NA,NA,NA,NA,NA,NA,NA,NA,NA,NA,NA,NA
2022,198,5,2200,74,1,18,74,4,19,0,1,1,25,0,NA,2,1,1,1,2,2,1,2,1,1,2,1,2,1,2,1,1,2,2,2,2,1,1,4,4,2,1,2,4,4,4,4,2
2022,199,1,NA,NA,5,16,NA,4,NA,NA,1,2,NA,0,NA,NA,2,2,1,1,1,1,9,NA,NA,NA,NA,NA,NA,NA,NA,NA,NA,NA,NA,NA,NA,NA,NA,NA,NA,NA,NA,NA,NA,NA,NA,NA
2022,200,1,4510,36,1,13,25,1,NA,NA,2,1,20,19,1,1,2,1,3,2,2,1,9,NA,NA,NA,NA,NA,NA,NA,NA,NA,NA,NA,NA,NA,NA,NA,NA,NA,NA,NA,NA,NA,NA,NA,NA,NA
2022,201,1,1006,65,5,16,29,3,20,NA,1,1,23,0,NA,NA,2,3,1,1,1,1,9,NA,NA,NA,NA,NA,NA,NA,NA,NA,NA,NA,NA,NA,NA,NA,NA,NA,NA,NA,NA,NA,NA,NA,NA,NA
2022,202,4,NA,NA,5,17,29,3,9,NA,1,NA,13,NA,NA,1,3,3,NA,NA,NA,NA,9,NA,NA,NA,NA,NA,NA,NA,NA,NA,NA,NA,NA,NA,NA,NA,NA,NA,NA,NA,NA,NA,NA,NA,NA,NA
2022,203,1,8640,31,5,16,29,3,8,NA,2,1,20,20,1,1,2,1,NA,NA,NA,NA,9,1,1,2,1,2,1,2,2,2,2,2,2,2,1,1,1,3,3,4,4,4,4,4,4,4
2022,204,1,2850,67,1,16,53,3,46,NA,1,1,26,26,1,1,2,1,NA,NA,NA,NA,2,NA,NA,NA,NA,NA,NA,NA,NA,NA,NA,NA,NA,NA,NA,NA,NA,NA,NA,NA,NA,NA,NA,NA,NA,NA
2022,205,8,220,53,1,16,72,1,NA,2,1,1,26,25,1,1,2,1,2,1,2,2,9,NA,NA,NA,NA,NA,NA,NA,NA,NA,NA,NA,NA,NA,NA,NA,NA,NA,NA,NA,NA,NA,NA,NA,NA,NA
2022,206,5,2310,61,5,18,74,4,16,0,2,3,25,0,1,1,3,2,NA,NA,NA,NA,9,1,2,2,2,1,1,1,1,1,1,1,1,2,2,2,2,2,2,NA,2,2,2,2,2,4
2022,207,1,2310,61,1,19,43,4,66,2,1,3,25,22,1,1,2,3,NA,NA,NA,NA,9,NA,NA,NA,NA,NA,NA,NA,NA,NA,NA,NA,NA,NA,NA,NA,NA,NA,NA,NA,NA,NA,NA,NA,NA,NA
2022,208,7,5400,38,3,14,36,1,NA,4,2,1,13,0,NA,NA,3,2,NA,NA,NA,NA,9,NA,NA,NA,NA,NA,NA,NA,NA,NA,NA,NA,NA,NA,NA,NA,NA,NA,NA,NA,NA,NA,NA,NA,NA,NA
2022,209,2,5700,47,1,17,40,4,8,2,2,1,19,6,2,1,1,2,NA,NA,NA,NA,9,NA,NA,NA,NA,NA,NA,NA,NA,NA,NA,NA,NA,NA,NA,NA,NA,NA,NA,NA,NA,NA,NA,NA,NA,NA
2022,210,1,9130,35,1,14,60,1,NA,0,1,1,25,24,NA,NA,2,2,NA,NA,NA,NA,9,NA,NA,NA,NA,NA,NA,NA,NA,NA,NA,NA,NA,NA,NA,NA,NA,NA,NA,NA,NA,NA,NA,NA,NA,NA
2022,211,1,5550,45,5,17,35,4,19,2,1,3,22,22,NA,1,1,1,2,1,3,2,9,NA,NA,NA,NA,NA,NA,NA,NA,NA,NA,NA,NA,NA,NA,NA,NA,NA,NA,NA,NA,NA,NA,NA,NA,NA
2022,212,7,4720,28,1,14,44,1,NA,NA,2,1,2,0,NA,NA,3,2,3,2,2,1,0,NA,NA,NA,NA,NA,NA,NA,NA,NA,NA,NA,NA,NA,NA,NA,NA,NA,NA,NA,NA,NA,NA,NA,NA,NA
2022,213,1,430,39,1,17,66,3,18,NA,1,3,20,20,2,2,2,2,2,1,1,1,0,NA,NA,NA,NA,NA,NA,NA,NA,NA,NA,NA,NA,NA,NA,NA,NA,NA,NA,NA,NA,NA,NA,NA,NA,NA
2022,214,3,3500,69,1,12,32,1,NA,NA,2,1,26,26,3,2,1,2,NA,NA,NA,NA,9,2,2,1,2,2,2,2,2,2,2,2,2,2,4,4,4,4,4,4,4,4,4,4,4,4
2022,215,8,6260,28,5,11,36,0,NA,NA,1,2,14,0,1,1,2,4,NA,NA,NA,NA,9,NA,NA,NA,NA,NA,NA,NA,NA,NA,NA,NA,NA,NA,NA,NA,NA,NA,NA,NA,NA,NA,NA,NA,NA,NA
2022,216,1,3600,48,1,15,48,2,55,NA,2,2,19,19,NA,1,2,1,3,1,2,1,0,NA,NA,NA,NA,NA,NA,NA,NA,NA,NA,NA,NA,NA,NA,NA,NA,NA,NA,NA,NA,NA,NA,NA,NA,NA
2022,217,1,6260,28,2,3,61,0,NA,NA,1,1,20,15,NA,NA,2,2,NA,NA,NA,NA,0,NA,NA,NA,NA,NA,NA,NA,NA,NA,NA,NA,NA,NA,NA,NA,NA,NA,NA,NA,NA,NA,NA,NA,NA,NA
2022,218,1,9130,35,1,12,47,1,NA,NA,1,3,22,19,1,1,1,3,NA,NA,NA,NA,5,NA,NA,NA,NA,NA,NA,NA,NA,NA,NA,NA,NA,NA,NA,NA,NA,NA,NA,NA,NA,NA,NA,NA,NA,NA
2022,219,5,410,41,5,16,44,3,9,NA,1,2,NA,0,NA,NA,1,4,NA,NA,NA,NA,9,NA,NA,NA,NA,NA,NA,NA,NA,NA,NA,NA,NA,NA,NA,NA,NA,NA,NA,NA,NA,NA,NA,NA,NA,NA
2022,220,1,4810,47,3,15,57,0,NA,NA,1,2,26,22,1,1,1,1,2,1,1,2,9,NA,NA,NA,NA,NA,NA,NA,NA,NA,NA,NA,NA,NA,NA,NA,NA,NA,NA,NA,NA,NA,NA,NA,NA,NA
2022,221,5,5700,47,3,14,75,1,NA,NA,2,2,10,0,1,1,1,2,2,1,1,1,4,NA,NA,NA,NA,NA,NA,NA,NA,NA,NA,NA,NA,NA,NA,NA,NA,NA,NA,NA,NA,NA,NA,NA,NA,NA
2022,222,1,5540,45,5,14,31,2,57,1,2,2,18,18,1,1,2,1,3,2,1,2,9,NA,NA,NA,NA,NA,NA,NA,NA,NA,NA,NA,NA,NA,NA,NA,NA,NA,NA,NA,NA,NA,NA,NA,NA,NA
2022,223,7,NA,NA,4,0,62,0,NA,NA,2,1,9,0,1,2,2,2,3,2,3,1,0,NA,NA,NA,NA,NA,NA,NA,NA,NA,NA,NA,NA,NA,NA,NA,NA,NA,NA,NA,NA,NA,NA,NA,NA,NA
2022,224,3,3255,64,3,17,50,2,36,1,2,1,19,19,NA,NA,2,2,NA,NA,NA,NA,9,2,2,2,NA,2,1,2,2,1,2,1,2,1,4,3,4,4,1,4,1,1,4,1,4,1
2022,225,1,2810,54,5,15,39,1,NA,0,1,1,19,15,NA,NA,2,2,1,1,1,1,9,2,2,1,2,2,2,2,1,1,2,1,NA,1,3,2,1,3,2,1,2,2,2,2,2,2
2022,226,4,4810,47,5,13,33,1,NA,0,1,1,18,18,2,1,3,4,1,1,1,1,9,2,2,1,1,2,1,1,1,1,2,2,2,1,3,2,1,3,1,2,2,2,2,2,4,2
2022,227,1,3245,62,4,16,43,4,82,NA,2,NA,26,26,1,1,2,2,3,1,1,1,9,NA,NA,NA,NA,NA,NA,NA,NA,NA,NA,NA,NA,NA,NA,NA,NA,NA,NA,NA,NA,NA,NA,NA,NA,NA
2022,228,1,2320,64,5,16,23,3,8,NA,2,3,23,10,NA,1,2,2,2,1,1,1,9,NA,NA,NA,NA,NA,NA,NA,NA,NA,NA,NA,NA,NA,NA,NA,NA,NA,NA,NA,NA,NA,NA,NA,NA,NA
2022,229,1,2010,54,5,16,31,3,42,NA,2,1,21,21,1,1,2,2,NA,NA,NA,NA,9,NA,NA,NA,NA,NA,NA,NA,NA,NA,NA,NA,NA,NA,NA,NA,NA,NA,NA,NA,NA,NA,NA,NA,NA,NA
2022,230,1,2630,46,5,19,33,3,62,0,1,1,19,18,2,2,3,2,NA,NA,NA,NA,9,1,2,1,2,1,2,2,2,2,2,2,2,1,2,2,2,2,2,4,4,4,4,4,2,3
2022,231,1,9620,25,5,12,24,0,NA,7,1,3,13,4,1,1,1,2,NA,NA,NA,NA,9,NA,NA,NA,NA,NA,NA,NA,NA,NA,NA,NA,NA,NA,NA,NA,NA,NA,NA,NA,NA,NA,NA,NA,NA,NA
2022,232,4,4720,28,5,16,23,3,16,NA,1,1,19,0,NA,1,1,3,NA,NA,NA,NA,9,NA,NA,NA,NA,NA,NA,NA,NA,NA,NA,NA,NA,NA,NA,NA,NA,NA,NA,NA,NA,NA,NA,NA,NA,NA
2022,233,1,4610,48,3,14,58,1,NA,NA,1,2,NA,NA,1,1,2,2,NA,NA,NA,NA,7,NA,NA,NA,NA,NA,NA,NA,NA,NA,NA,NA,NA,NA,NA,NA,NA,NA,NA,NA,NA,NA,NA,NA,NA,NA
2022,234,1,2600,46,5,17,39,3,7,0,2,1,26,NA,1,1,3,3,2,1,1,1,9,NA,NA,NA,NA,NA,NA,NA,NA,NA,NA,NA,NA,NA,NA,NA,NA,NA,NA,NA,NA,NA,NA,NA,NA,NA
2022,235,1,7240,34,1,6,56,0,NA,NA,1,3,17,7,1,1,3,3,3,1,1,3,0,NA,NA,NA,NA,NA,NA,NA,NA,NA,NA,NA,NA,NA,NA,NA,NA,NA,NA,NA,NA,NA,NA,NA,NA,NA
2022,236,2,4230,25,1,16,71,2,49,NA,2,2,NA,NA,NA,NA,1,1,1,1,1,1,5,NA,NA,NA,NA,NA,NA,NA,NA,NA,NA,NA,NA,NA,NA,NA,NA,NA,NA,NA,NA,NA,NA,NA,NA,NA
2022,237,8,8965,35,1,16,56,3,18,NA,2,3,NA,NA,NA,NA,2,2,NA,NA,NA,NA,0,NA,NA,NA,NA,NA,NA,NA,NA,NA,NA,NA,NA,NA,NA,NA,NA,NA,NA,NA,NA,NA,NA,NA,NA,NA
2022,238,7,NA,NA,1,14,41,2,1,NA,2,3,17,0,1,1,1,3,2,1,1,1,0,NA,NA,NA,NA,NA,NA,NA,NA,NA,NA,NA,NA,NA,NA,NA,NA,NA,NA,NA,NA,NA,NA,NA,NA,NA
2022,239,1,2310,61,5,17,27,4,16,0,2,1,20,20,3,3,2,1,2,1,1,3,9,NA,NA,NA,NA,NA,NA,NA,NA,NA,NA,NA,NA,NA,NA,NA,NA,NA,NA,NA,NA,NA,NA,NA,NA,NA
2022,240,2,6260,28,5,12,36,1,NA,NA,1,1,18,18,1,1,1,2,NA,NA,NA,NA,9,NA,NA,NA,NA,NA,NA,NA,NA,NA,NA,NA,NA,NA,NA,NA,NA,NA,NA,NA,NA,NA,NA,NA,NA,NA
2022,241,2,4020,33,1,12,59,1,NA,NA,1,3,16,9,NA,NA,2,2,2,1,1,1,0,NA,NA,NA,NA,NA,NA,NA,NA,NA,NA,NA,NA,NA,NA,NA,NA,NA,NA,NA,NA,NA,NA,NA,NA,NA
2022,242,3,3255,64,5,15,25,2,57,0,1,2,2,2,NA,1,3,3,NA,NA,NA,NA,9,2,2,1,1,2,1,2,2,2,2,2,1,2,4,4,2,4,2,4,4,4,4,4,1,4
2022,243,1,4700,38,1,20,28,3,9,NA,2,2,18,18,NA,1,3,2,3,2,1,1,9,NA,NA,NA,NA,NA,NA,NA,NA,NA,NA,NA,NA,NA,NA,NA,NA,NA,NA,NA,NA,NA,NA,NA,NA,NA
2022,244,5,NA,NA,2,12,70,1,NA,NA,2,2,10,0,NA,1,1,3,NA,NA,NA,NA,5,NA,NA,NA,NA,NA,NA,NA,NA,NA,NA,NA,NA,NA,NA,NA,NA,NA,NA,NA,NA,NA,NA,NA,NA,NA
2022,245,2,3930,34,4,16,59,2,29,NA,1,2,15,15,1,1,3,2,NA,NA,NA,NA,9,NA,NA,NA,NA,NA,NA,NA,NA,NA,NA,NA,NA,NA,NA,NA,NA,NA,NA,NA,NA,NA,NA,NA,NA,NA
2022,246,6,NA,NA,5,15,20,2,42,0,2,3,5,0,NA,1,1,2,NA,NA,NA,NA,9,2,2,1,1,2,2,2,2,1,2,2,1,2,2,4,2,4,4,3,3,3,4,4,3,4
2022,247,1,6260,28,1,3,55,0,NA,NA,1,1,17,11,NA,NA,3,3,3,1,2,1,0,NA,NA,NA,NA,NA,NA,NA,NA,NA,NA,NA,NA,NA,NA,NA,NA,NA,NA,NA,NA,NA,NA,NA,NA,NA
2022,248,6,NA,NA,5,15,22,2,42,0,1,1,21,0,NA,2,3,3,1,1,1,1,9,1,2,1,2,2,1,2,1,1,2,1,1,1,1,4,2,2,2,4,2,2,4,4,1,3
2022,249,7,7810,28,2,7,51,0,NA,NA,2,3,9,0,NA,NA,3,3,NA,NA,NA,NA,0,NA,NA,NA,NA,NA,NA,NA,NA,NA,NA,NA,NA,NA,NA,NA,NA,NA,NA,NA,NA,NA,NA,NA,NA,NA
2022,250,4,7200,45,5,11,21,0,NA,NA,1,3,13,13,NA,NA,2,1,NA,NA,NA,NA,0,NA,NA,NA,NA,NA,NA,NA,NA,NA,NA,NA,NA,NA,NA,NA,NA,NA,NA,NA,NA,NA,NA,NA,NA,NA
2022,251,2,4230,25,1,11,50,0,NA,NA,2,1,19,9,NA,NA,2,2,NA,NA,NA,NA,0,NA,NA,NA,NA,NA,NA,NA,NA,NA,NA,NA,NA,NA,NA,NA,NA,NA,NA,NA,NA,NA,NA,NA,NA,NA
2022,252,7,NA,NA,4,7,60,0,NA,NA,2,1,14,0,1,1,2,2,NA,NA,NA,NA,0,NA,NA,NA,NA,NA,NA,NA,NA,NA,NA,NA,NA,NA,NA,NA,NA,NA,NA,NA,NA,NA,NA,NA,NA,NA
2022,253,5,4510,36,1,16,66,2,57,NA,2,1,16,0,NA,1,1,2,NA,NA,NA,NA,9,NA,NA,NA,NA,NA,NA,NA,NA,NA,NA,NA,NA,NA,NA,NA,NA,NA,NA,NA,NA,NA,NA,NA,NA,NA
2022,254,1,4020,33,5,12,23,1,NA,0,1,1,15,15,NA,3,2,2,NA,NA,NA,NA,9,NA,NA,NA,NA,NA,NA,NA,NA,NA,NA,NA,NA,NA,NA,NA,NA,NA,NA,NA,NA,NA,NA,NA,NA,NA
2022,255,7,8350,42,1,6,64,0,NA,NA,2,3,16,0,1,1,3,2,3,2,2,2,0,NA,NA,NA,NA,NA,NA,NA,NA,NA,NA,NA,NA,NA,NA,NA,NA,NA,NA,NA,NA,NA,NA,NA,NA,NA
2022,256,1,6440,43,1,14,32,2,60,NA,1,3,22,12,NA,NA,1,2,2,1,1,1,9,NA,NA,NA,NA,NA,NA,NA,NA,NA,NA,NA,NA,NA,NA,NA,NA,NA,NA,NA,NA,NA,NA,NA,NA,NA
2022,257,6,NA,NA,5,15,26,1,NA,NA,2,3,15,0,NA,1,1,1,NA,NA,NA,NA,0,NA,NA,NA,NA,NA,NA,NA,NA,NA,NA,NA,NA,NA,NA,NA,NA,NA,NA,NA,NA,NA,NA,NA,NA,NA
2022,258,1,600,32,3,12,59,1,NA,1,2,1,18,17,4,2,2,2,2,2,2,2,9,NA,NA,NA,NA,NA,NA,NA,NA,NA,NA,NA,NA,NA,NA,NA,NA,NA,NA,NA,NA,NA,NA,NA,NA,NA
2022,259,5,2310,61,2,18,81,3,49,2,2,2,19,0,1,1,1,1,3,1,1,1,9,NA,NA,NA,NA,NA,NA,NA,NA,NA,NA,NA,NA,NA,NA,NA,NA,NA,NA,NA,NA,NA,NA,NA,NA,NA
2022,260,1,2920,53,5,17,36,3,67,NA,1,1,18,18,2,2,2,1,3,3,2,1,9,NA,NA,NA,NA,NA,NA,NA,NA,NA,NA,NA,NA,NA,NA,NA,NA,NA,NA,NA,NA,NA,NA,NA,NA,NA
2022,261,7,NA,NA,1,13,29,1,NA,NA,2,3,2,0,NA,NA,1,1,NA,3,2,NA,0,NA,NA,NA,NA,NA,NA,NA,NA,NA,NA,NA,NA,NA,NA,NA,NA,NA,NA,NA,NA,NA,NA,NA,NA,NA
2022,262,7,NA,NA,3,11,57,0,NA,NA,2,1,9,0,NA,2,1,3,3,1,1,1,9,NA,NA,NA,NA,NA,NA,NA,NA,NA,NA,NA,NA,NA,NA,NA,NA,NA,NA,NA,NA,NA,NA,NA,NA,NA
2022,263,1,9610,22,1,13,50,0,NA,NA,1,3,NA,NA,NA,NA,2,1,NA,NA,NA,NA,3,NA,NA,NA,NA,NA,NA,NA,NA,NA,NA,NA,NA,NA,NA,NA,NA,NA,NA,NA,NA,NA,NA,NA,NA,NA
2022,264,1,4710,48,5,20,38,4,82,NA,2,1,21,21,1,1,2,2,2,1,1,1,2,NA,NA,NA,NA,NA,NA,NA,NA,NA,NA,NA,NA,NA,NA,NA,NA,NA,NA,NA,NA,NA,NA,NA,NA,NA
2022,265,1,800,60,5,17,29,3,20,NA,2,2,23,23,1,1,2,3,NA,NA,NA,NA,2,NA,NA,NA,NA,NA,NA,NA,NA,NA,NA,NA,NA,NA,NA,NA,NA,NA,NA,NA,NA,NA,NA,NA,NA,NA
2022,266,2,4110,31,1,12,NA,1,NA,NA,1,3,11,6,NA,NA,2,2,NA,3,3,1,0,NA,NA,NA,NA,NA,NA,NA,NA,NA,NA,NA,NA,NA,NA,NA,NA,NA,NA,NA,NA,NA,NA,NA,NA,NA
2022,267,1,1820,71,1,20,37,4,42,0,2,1,25,18,1,1,1,1,NA,NA,NA,NA,9,1,1,1,1,2,1,2,2,2,2,2,2,1,1,1,1,4,2,4,4,4,4,4,4,2
2022,268,1,4700,38,5,16,30,4,9,0,2,1,26,21,1,1,3,3,3,1,1,1,9,NA,NA,NA,NA,NA,NA,NA,NA,NA,NA,NA,NA,NA,NA,NA,NA,NA,NA,NA,NA,NA,NA,NA,NA,NA
2022,269,6,2720,65,5,13,19,1,NA,NA,1,3,NA,NA,NA,NA,2,1,2,1,1,1,9,NA,NA,NA,NA,NA,NA,NA,NA,NA,NA,NA,NA,NA,NA,NA,NA,NA,NA,NA,NA,NA,NA,NA,NA,NA
2022,270,1,2310,61,1,16,52,4,16,2,1,1,26,19,1,1,2,1,2,1,1,1,2,NA,NA,NA,NA,NA,NA,NA,NA,NA,NA,NA,NA,NA,NA,NA,NA,NA,NA,NA,NA,NA,NA,NA,NA,NA
2022,271,2,2100,69,5,19,69,4,8,0,1,1,19,19,1,1,2,1,NA,NA,NA,NA,9,1,2,1,2,2,1,1,1,1,2,2,1,2,3,3,2,3,2,4,2,2,4,4,2,4
2022,272,2,2100,69,3,20,66,4,29,NA,2,1,26,26,1,1,2,2,2,1,1,1,3,NA,NA,NA,NA,NA,NA,NA,NA,NA,NA,NA,NA,NA,NA,NA,NA,NA,NA,NA,NA,NA,NA,NA,NA,NA
2022,273,1,NA,NA,1,18,45,4,18,NA,2,1,26,23,1,1,2,1,NA,NA,NA,NA,3,NA,NA,NA,NA,NA,NA,NA,NA,NA,NA,NA,NA,NA,NA,NA,NA,NA,NA,NA,NA,NA,NA,NA,NA,NA
2022,274,1,4760,31,5,13,33,1,NA,0,1,1,17,8,3,1,2,2,2,1,1,3,5,1,1,1,1,1,1,2,1,1,2,2,1,1,1,1,1,3,3,4,3,3,4,4,3,2
2022,275,2,3258,72,3,20,55,4,34,NA,1,2,25,25,1,1,1,1,NA,NA,NA,NA,5,NA,NA,NA,NA,NA,NA,NA,NA,NA,NA,NA,NA,NA,NA,NA,NA,NA,NA,NA,NA,NA,NA,NA,NA,NA
2022,276,1,4230,25,4,9,46,0,NA,NA,2,1,NA,NA,NA,NA,3,3,2,2,2,2,0,NA,NA,NA,NA,NA,NA,NA,NA,NA,NA,NA,NA,NA,NA,NA,NA,NA,NA,NA,NA,NA,NA,NA,NA,NA
2022,277,1,20,50,1,16,57,4,11,3,1,1,26,26,1,1,3,1,NA,NA,NA,NA,4,1,1,1,1,2,1,2,1,1,2,2,2,2,1,1,1,4,2,4,2,2,4,4,4,2
2022,278,8,4760,31,5,14,42,1,NA,1,1,2,10,0,1,1,3,4,1,1,1,3,9,2,2,2,NA,2,2,2,1,1,2,2,2,2,4,4,4,4,4,4,1,1,1,4,4,4
2022,279,4,4720,28,5,14,58,1,NA,NA,1,3,9,0,NA,1,3,2,NA,1,1,1,9,NA,NA,NA,NA,NA,NA,NA,NA,NA,NA,NA,NA,NA,NA,NA,NA,NA,NA,NA,NA,NA,NA,NA,NA,NA
2022,280,1,2310,61,3,19,37,4,9,NA,2,3,22,22,NA,NA,2,2,NA,NA,NA,NA,9,NA,NA,NA,NA,NA,NA,NA,NA,NA,NA,NA,NA,NA,NA,NA,NA,NA,NA,NA,NA,NA,NA,NA,NA,NA
2022,281,5,10,72,1,14,68,2,9,NA,2,1,3,0,NA,NA,2,2,2,1,1,1,9,NA,NA,NA,NA,NA,NA,NA,NA,NA,NA,NA,NA,NA,NA,NA,NA,NA,NA,NA,NA,NA,NA,NA,NA,NA
2022,282,4,5700,47,3,15,68,2,29,NA,2,3,18,0,1,1,2,3,NA,NA,NA,NA,9,NA,NA,NA,NA,NA,NA,NA,NA,NA,NA,NA,NA,NA,NA,NA,NA,NA,NA,NA,NA,NA,NA,NA,NA,NA
2022,283,7,4220,24,4,12,35,0,NA,NA,2,3,10,0,NA,NA,3,3,NA,NA,NA,NA,9,NA,NA,NA,NA,NA,NA,NA,NA,NA,NA,NA,NA,NA,NA,NA,NA,NA,NA,NA,NA,NA,NA,NA,NA,NA
2022,284,7,340,42,1,15,41,2,9,1,2,3,26,0,1,1,2,2,3,1,NA,2,0,NA,NA,NA,NA,NA,NA,NA,NA,NA,NA,NA,NA,NA,NA,NA,NA,NA,NA,NA,NA,NA,NA,NA,NA,NA
2022,285,1,3500,69,5,14,28,2,14,NA,1,1,18,18,NA,3,2,2,NA,NA,NA,NA,9,NA,NA,NA,NA,NA,NA,NA,NA,NA,NA,NA,NA,NA,NA,NA,NA,NA,NA,NA,NA,NA,NA,NA,NA,NA
2022,286,1,5320,25,1,16,53,3,57,NA,2,1,22,20,1,1,2,4,2,1,1,1,9,NA,NA,NA,NA,NA,NA,NA,NA,NA,NA,NA,NA,NA,NA,NA,NA,NA,NA,NA,NA,NA,NA,NA,NA,NA
2022,287,1,3300,61,3,12,63,1,NA,NA,2,1,21,21,2,2,2,1,2,2,2,3,3,NA,NA,NA,NA,NA,NA,NA,NA,NA,NA,NA,NA,NA,NA,NA,NA,NA,NA,NA,NA,NA,NA,NA,NA,NA
2022,288,5,5700,47,3,18,71,4,60,1,2,1,22,0,1,1,2,2,NA,NA,NA,NA,9,1,1,2,1,2,1,2,1,1,2,2,2,2,1,1,4,4,1,4,2,2,4,4,2,4
2022,289,1,4610,48,3,12,56,1,NA,NA,2,1,19,11,NA,NA,2,2,3,1,1,3,NA,NA,NA,NA,NA,NA,NA,NA,NA,NA,NA,NA,NA,NA,NA,NA,NA,NA,NA,NA,NA,NA,NA,NA,NA,NA
2022,290,8,4510,36,1,14,44,0,NA,NA,2,1,23,4,2,2,2,2,NA,NA,NA,NA,8,NA,NA,NA,NA,NA,NA,NA,NA,NA,NA,NA,NA,NA,NA,NA,NA,NA,NA,NA,NA,NA,NA,NA,NA,NA
2022,291,4,4510,36,5,12,26,1,NA,NA,2,1,22,4,NA,2,3,3,NA,NA,2,1,9,NA,NA,NA,NA,NA,NA,NA,NA,NA,NA,NA,NA,NA,NA,NA,NA,NA,NA,NA,NA,NA,NA,NA,NA,NA
2022,292,1,2100,69,1,20,67,4,29,NA,2,1,26,24,1,1,1,2,3,1,1,2,9,NA,NA,NA,NA,NA,NA,NA,NA,NA,NA,NA,NA,NA,NA,NA,NA,NA,NA,NA,NA,NA,NA,NA,NA,NA
2022,293,5,810,55,5,8,49,0,NA,0,1,1,22,13,3,2,2,2,NA,NA,NA,NA,9,NA,NA,NA,NA,NA,NA,NA,NA,NA,NA,NA,NA,NA,NA,NA,NA,NA,NA,NA,NA,NA,NA,NA,NA,NA
2022,294,1,50,53,1,16,32,3,9,NA,1,3,26,0,1,1,1,2,NA,NA,NA,NA,9,NA,NA,NA,NA,NA,NA,NA,NA,NA,NA,NA,NA,NA,NA,NA,NA,NA,NA,NA,NA,NA,NA,NA,NA,NA
2022,295,1,4850,45,1,12,39,1,NA,NA,2,3,22,22,NA,2,2,2,1,2,3,1,9,NA,NA,NA,NA,NA,NA,NA,NA,NA,NA,NA,NA,NA,NA,NA,NA,NA,NA,NA,NA,NA,NA,NA,NA,NA
2022,296,7,NA,NA,1,12,61,1,NA,NA,2,1,24,0,NA,NA,2,2,3,3,1,1,0,NA,NA,NA,NA,NA,NA,NA,NA,NA,NA,NA,NA,NA,NA,NA,NA,NA,NA,NA,NA,NA,NA,NA,NA,NA
2022,297,1,9830,62,3,17,55,3,6,NA,2,3,23,23,1,1,2,2,NA,NA,NA,NA,0,NA,NA,NA,NA,NA,NA,NA,NA,NA,NA,NA,NA,NA,NA,NA,NA,NA,NA,NA,NA,NA,NA,NA,NA,NA
2022,298,5,5020,31,5,16,65,3,28,NA,1,1,15,0,2,2,3,2,2,2,1,1,9,NA,NA,NA,NA,NA,NA,NA,NA,NA,NA,NA,NA,NA,NA,NA,NA,NA,NA,NA,NA,NA,NA,NA,NA,NA
2022,299,2,NA,NA,3,11,61,1,NA,NA,NA,1,20,NA,NA,1,3,3,1,2,1,1,9,1,2,1,2,2,2,2,2,2,2,2,2,2,4,4,3,4,4,4,4,4,4,4,4,4
2022,300,2,4030,21,5,12,28,1,NA,NA,2,1,16,10,1,1,2,3,NA,NA,NA,NA,8,NA,NA,NA,NA,NA,NA,NA,NA,NA,NA,NA,NA,NA,NA,NA,NA,NA,NA,NA,NA,NA,NA,NA,NA,NA
2022,301,7,5700,47,3,16,60,3,9,4,2,1,26,0,2,2,2,1,3,2,1,2,9,1,1,1,1,2,1,2,2,1,2,2,2,2,2,3,2,4,2,4,4,4,4,4,4,4
2022,302,5,3740,59,3,15,63,2,9,4,1,3,26,0,1,1,1,1,NA,NA,NA,NA,9,NA,NA,NA,NA,NA,NA,NA,NA,NA,NA,NA,NA,NA,NA,NA,NA,NA,NA,NA,NA,NA,NA,NA,NA,NA
2022,303,5,3255,64,4,17,78,2,44,1,2,1,NA,0,2,2,1,2,NA,NA,NA,NA,4,NA,NA,NA,NA,NA,NA,NA,NA,NA,NA,NA,NA,NA,NA,NA,NA,NA,NA,NA,NA,NA,NA,NA,NA,NA
2022,304,4,5610,35,5,12,23,1,NA,NA,1,1,20,17,NA,NA,3,2,2,1,1,NA,9,NA,NA,NA,NA,NA,NA,NA,NA,NA,NA,NA,NA,NA,NA,NA,NA,NA,NA,NA,NA,NA,NA,NA,NA,NA
2022,305,5,5120,45,1,13,60,1,NA,1,2,1,23,0,2,2,2,2,2,2,1,1,9,1,1,1,2,2,1,2,2,2,2,2,2,2,1,4,2,4,2,4,4,4,4,4,4,4
2022,306,2,5240,31,1,12,26,1,NA,NA,2,1,12,12,1,1,3,2,NA,NA,NA,NA,9,NA,NA,NA,NA,NA,NA,NA,NA,NA,NA,NA,NA,NA,NA,NA,NA,NA,NA,NA,NA,NA,NA,NA,NA,NA
2022,307,1,6200,49,1,6,54,0,NA,NA,1,3,21,0,1,1,2,2,NA,NA,NA,NA,0,NA,NA,NA,NA,NA,NA,NA,NA,NA,NA,NA,NA,NA,NA,NA,NA,NA,NA,NA,NA,NA,NA,NA,NA,NA
2022,308,5,7720,27,2,12,83,1,NA,2,2,1,15,0,1,1,3,1,NA,NA,NA,NA,9,NA,NA,NA,NA,NA,NA,NA,NA,NA,NA,NA,NA,NA,NA,NA,NA,NA,NA,NA,NA,NA,NA,NA,NA,NA
2022,309,5,3710,66,1,16,65,3,28,NA,1,1,20,0,2,2,3,4,NA,NA,NA,NA,9,NA,NA,NA,NA,NA,NA,NA,NA,NA,NA,NA,NA,NA,NA,NA,NA,NA,NA,NA,NA,NA,NA,NA,NA,NA
2022,310,1,9620,25,1,12,39,0,NA,NA,1,1,19,15,NA,NA,1,2,NA,NA,NA,NA,9,1,2,2,1,2,2,2,2,1,2,2,2,2,3,3,4,4,4,4,2,2,4,3,3,3
2022,311,2,4610,48,1,12,68,1,NA,NA,2,3,16,15,NA,1,2,1,NA,NA,NA,NA,9,NA,NA,NA,NA,NA,NA,NA,NA,NA,NA,NA,NA,NA,NA,NA,NA,NA,NA,NA,NA,NA,NA,NA,NA,NA
2022,312,7,2310,61,5,17,66,3,42,0,2,2,NA,0,NA,NA,2,2,3,1,1,1,0,NA,NA,NA,NA,NA,NA,NA,NA,NA,NA,NA,NA,NA,NA,NA,NA,NA,NA,NA,NA,NA,NA,NA,NA,NA
2022,313,5,3850,60,1,16,75,3,70,2,1,2,26,0,1,1,2,2,2,1,1,1,9,1,2,2,1,2,2,2,2,NA,2,2,2,2,NA,4,4,4,4,4,4,4,4,4,4,4
2022,314,1,4700,38,5,16,36,3,9,0,1,3,26,22,2,2,1,1,2,1,1,1,9,NA,NA,NA,NA,NA,NA,NA,NA,NA,NA,NA,NA,NA,NA,NA,NA,NA,NA,NA,NA,NA,NA,NA,NA,NA
2022,315,5,9120,35,3,9,64,0,NA,2,1,3,8,0,1,1,2,3,NA,NA,NA,NA,0,NA,NA,NA,NA,NA,NA,NA,NA,NA,NA,NA,NA,NA,NA,NA,NA,NA,NA,NA,NA,NA,NA,NA,NA,NA
2022,316,5,7750,35,2,11,89,0,NA,8,1,1,20,0,1,1,3,1,3,1,1,1,9,1,2,1,1,2,2,2,2,1,2,1,2,2,1,4,1,4,4,4,1,2,4,4,4,4
2022,317,1,5310,50,4,12,NA,1,NA,NA,1,1,20,20,2,2,2,2,NA,NA,NA,NA,9,NA,NA,NA,NA,NA,NA,NA,NA,NA,NA,NA,NA,NA,NA,NA,NA,NA,NA,NA,NA,NA,NA,NA,NA,NA
2022,318,5,4840,43,3,16,73,3,43,NA,1,1,20,0,1,1,3,3,NA,NA,NA,NA,9,2,2,2,NA,2,1,2,2,2,2,2,2,2,4,4,4,4,1,4,4,4,4,4,4,4
2022,319,1,5140,40,5,12,56,1,NA,NA,1,2,21,20,2,NA,2,2,NA,NA,NA,NA,9,NA,NA,NA,NA,NA,NA,NA,NA,NA,NA,NA,NA,NA,NA,NA,NA,NA,NA,NA,NA,NA,NA,NA,NA,NA
2022,320,1,NA,NA,1,16,33,3,70,NA,1,NA,NA,NA,NA,NA,1,1,NA,NA,NA,NA,9,NA,NA,NA,NA,NA,NA,NA,NA,NA,NA,NA,NA,NA,NA,NA,NA,NA,NA,NA,NA,NA,NA,NA,NA,NA
2022,321,2,9610,22,5,16,23,3,55,NA,1,3,24,16,NA,NA,2,2,NA,1,1,2,9,NA,NA,NA,NA,NA,NA,NA,NA,NA,NA,NA,NA,NA,NA,NA,NA,NA,NA,NA,NA,NA,NA,NA,NA,NA
2022,322,2,6230,44,5,14,54,1,NA,NA,1,1,12,0,NA,NA,2,3,2,2,3,NA,9,NA,NA,NA,NA,NA,NA,NA,NA,NA,NA,NA,NA,NA,NA,NA,NA,NA,NA,NA,NA,NA,NA,NA,NA,NA
2022,323,7,NA,NA,5,12,22,1,NA,NA,2,2,16,0,NA,1,3,2,NA,NA,NA,NA,9,1,2,1,1,1,1,2,1,2,2,2,1,1,4,4,2,2,2,4,3,4,2,4,3,2
2022,324,1,220,53,5,12,22,1,NA,0,1,1,20,18,NA,NA,1,3,2,1,1,1,9,NA,NA,NA,NA,NA,NA,NA,NA,NA,NA,NA,NA,NA,NA,NA,NA,NA,NA,NA,NA,NA,NA,NA,NA,NA
2022,325,1,4600,35,1,12,30,1,NA,NA,2,3,20,20,NA,NA,2,2,2,2,1,1,9,NA,NA,NA,NA,NA,NA,NA,NA,NA,NA,NA,NA,NA,NA,NA,NA,NA,NA,NA,NA,NA,NA,NA,NA,NA
2022,326,1,3255,64,3,18,52,4,36,1,2,1,22,22,3,1,2,2,NA,NA,NA,NA,9,1,2,1,1,2,1,2,2,1,2,2,2,2,1,3,1,4,3,4,2,2,2,2,2,2
2022,327,7,NA,NA,4,11,NA,0,NA,NA,NA,1,NA,NA,NA,NA,1,2,2,1,1,1,9,NA,NA,NA,NA,NA,NA,NA,NA,NA,NA,NA,NA,NA,NA,NA,NA,NA,NA,NA,NA,NA,NA,NA,NA,NA
2022,328,3,3245,62,1,16,47,2,12,0,2,2,20,20,1,1,2,2,NA,NA,NA,NA,9,1,2,2,1,1,2,1,1,1,2,2,1,2,4,4,4,1,4,1,1,1,1,4,1,4
2022,329,1,3800,40,3,14,54,2,70,NA,2,3,19,19,2,NA,3,2,NA,NA,NA,NA,9,NA,NA,NA,NA,NA,NA,NA,NA,NA,NA,NA,NA,NA,NA,NA,NA,NA,NA,NA,NA,NA,NA,NA,NA,NA
2022,330,1,3620,55,5,16,33,2,55,NA,1,3,20,20,NA,1,3,2,2,1,1,1,9,NA,NA,NA,NA,NA,NA,NA,NA,NA,NA,NA,NA,NA,NA,NA,NA,NA,NA,NA,NA,NA,NA,NA,NA,NA
2022,331,3,3520,60,5,12,20,1,NA,1,1,3,5,2,NA,NA,2,3,NA,1,1,1,9,NA,NA,NA,NA,NA,NA,NA,NA,NA,NA,NA,NA,NA,NA,NA,NA,NA,NA,NA,NA,NA,NA,NA,NA,NA
2022,332,7,9620,25,5,6,48,0,NA,NA,2,3,11,11,NA,NA,3,3,NA,NA,NA,NA,0,NA,NA,NA,NA,NA,NA,NA,NA,NA,NA,NA,NA,NA,NA,NA,NA,NA,NA,NA,NA,NA,NA,NA,NA,NA
2022,333,1,530,42,1,16,NA,3,9,NA,1,1,23,0,NA,NA,2,1,NA,NA,NA,NA,9,NA,NA,NA,NA,NA,NA,NA,NA,NA,NA,NA,NA,NA,NA,NA,NA,NA,NA,NA,NA,NA,NA,NA,NA,NA
2022,334,1,5520,32,1,11,35,0,NA,NA,2,3,NA,9,NA,NA,2,3,2,1,1,1,9,NA,NA,NA,NA,NA,NA,NA,NA,NA,NA,NA,NA,NA,NA,NA,NA,NA,NA,NA,NA,NA,NA,NA,NA,NA
2022,335,3,3320,59,1,15,NA,1,NA,NA,2,1,NA,NA,NA,2,2,2,2,1,1,1,9,NA,NA,NA,NA,NA,NA,NA,NA,NA,NA,NA,NA,NA,NA,NA,NA,NA,NA,NA,NA,NA,NA,NA,NA,NA
2022,336,7,4030,21,1,12,39,1,NA,1,2,1,19,15,NA,1,1,2,1,1,1,1,9,2,2,1,1,2,2,2,1,1,2,2,2,2,3,3,3,3,3,3,3,3,3,3,3,3
2022,337,1,2320,64,1,16,39,4,16,3,1,1,22,20,1,1,2,2,NA,NA,NA,NA,3,2,2,1,2,2,1,2,2,2,2,2,2,1,1,2,1,2,2,4,2,2,4,4,4,2
2022,338,1,8610,47,5,12,31,1,NA,2,1,3,20,20,1,1,1,2,NA,NA,NA,NA,9,1,2,2,1,2,2,2,2,2,2,2,2,1,1,4,4,4,4,4,4,4,4,4,4,1
2022,339,7,4220,24,1,10,37,0,NA,3,2,3,NA,0,NA,2,2,2,3,NA,1,1,9,NA,NA,NA,NA,NA,NA,NA,NA,NA,NA,NA,NA,NA,NA,NA,NA,NA,NA,NA,NA,NA,NA,NA,NA,NA
2022,340,1,5400,38,1,16,30,1,NA,2,2,3,14,11,NA,NA,2,4,1,1,3,1,9,1,1,1,2,2,1,2,2,2,2,2,2,1,2,2,2,4,1,2,2,2,2,2,2,2
2022,341,1,565,47,5,17,24,3,59,0,2,1,20,16,NA,1,2,2,3,1,1,1,9,2,2,1,2,2,1,2,1,1,2,2,1,2,3,3,3,3,3,3,3,3,3,3,3,3
2022,342,1,6420,35,5,14,26,2,74,NA,1,3,12,12,2,1,2,3,2,1,1,1,9,NA,NA,NA,NA,NA,NA,NA,NA,NA,NA,NA,NA,NA,NA,NA,NA,NA,NA,NA,NA,NA,NA,NA,NA,NA
2022,343,2,3647,43,5,14,21,1,NA,NA,1,1,15,15,NA,1,3,3,NA,NA,NA,NA,9,NA,NA,NA,NA,NA,NA,NA,NA,NA,NA,NA,NA,NA,NA,NA,NA,NA,NA,NA,NA,NA,NA,NA,NA,NA
2022,344,5,10,72,1,13,66,1,NA,1,1,1,19,0,3,3,2,3,2,2,1,1,3,2,2,2,NA,2,1,1,2,1,2,2,2,2,1,2,2,2,2,2,1,1,2,2,2,1
2022,345,1,4610,48,3,14,33,1,NA,NA,2,1,23,8,1,1,1,3,NA,NA,NA,NA,9,NA,NA,NA,NA,NA,NA,NA,NA,NA,NA,NA,NA,NA,NA,NA,NA,NA,NA,NA,NA,NA,NA,NA,NA,NA
2022,346,5,6440,43,3,10,67,0,NA,NA,1,1,23,21,NA,NA,3,3,NA,NA,NA,NA,9,NA,NA,NA,NA,NA,NA,NA,NA,NA,NA,NA,NA,NA,NA,NA,NA,NA,NA,NA,NA,NA,NA,NA,NA,NA
2022,347,7,4130,16,3,6,74,0,NA,NA,1,3,18,18,1,1,2,2,NA,2,1,1,0,1,2,2,2,1,2,2,1,1,2,2,1,2,1,4,4,4,4,4,2,2,1,4,4,3
2022,348,1,6260,28,4,14,47,1,NA,NA,1,3,20,18,1,1,2,2,NA,NA,NA,NA,9,NA,NA,NA,NA,NA,NA,NA,NA,NA,NA,NA,NA,NA,NA,NA,NA,NA,NA,NA,NA,NA,NA,NA,NA,NA
2022,349,1,NA,NA,5,12,24,1,NA,NA,1,1,NA,15,1,1,2,2,1,1,1,3,9,NA,NA,NA,NA,NA,NA,NA,NA,NA,NA,NA,NA,NA,NA,NA,NA,NA,NA,NA,NA,NA,NA,NA,NA,NA
2022,350,2,5700,47,5,14,57,1,NA,NA,2,3,13,12,NA,NA,1,3,NA,NA,NA,NA,9,NA,NA,NA,NA,NA,NA,NA,NA,NA,NA,NA,NA,NA,NA,NA,NA,NA,NA,NA,NA,NA,NA,NA,NA,NA
2022,351,1,4220,24,5,12,23,1,NA,NA,1,1,NA,0,1,2,2,2,NA,NA,NA,NA,3,NA,NA,NA,NA,NA,NA,NA,NA,NA,NA,NA,NA,NA,NA,NA,NA,NA,NA,NA,NA,NA,NA,NA,NA,NA
2022,352,1,5860,32,3,19,56,4,36,1,2,2,25,25,1,1,2,2,NA,NA,NA,NA,3,NA,NA,NA,NA,NA,NA,NA,NA,NA,NA,NA,NA,NA,NA,NA,NA,NA,NA,NA,NA,NA,NA,NA,NA,NA
2022,353,2,9120,35,1,13,73,1,NA,NA,1,1,18,9,1,1,2,2,NA,NA,NA,NA,3,NA,NA,NA,NA,NA,NA,NA,NA,NA,NA,NA,NA,NA,NA,NA,NA,NA,NA,NA,NA,NA,NA,NA,NA,NA
2022,354,1,4710,48,3,12,63,1,NA,NA,2,1,14,14,2,NA,2,2,3,1,1,1,3,NA,NA,NA,NA,NA,NA,NA,NA,NA,NA,NA,NA,NA,NA,NA,NA,NA,NA,NA,NA,NA,NA,NA,NA,NA
2022,355,1,4250,37,1,12,66,1,NA,NA,1,1,21,11,NA,NA,2,2,NA,NA,NA,NA,3,NA,NA,NA,NA,NA,NA,NA,NA,NA,NA,NA,NA,NA,NA,NA,NA,NA,NA,NA,NA,NA,NA,NA,NA,NA
2022,356,3,2310,61,5,16,42,4,16,NA,2,1,20,20,1,1,2,2,NA,NA,NA,NA,3,NA,NA,NA,NA,NA,NA,NA,NA,NA,NA,NA,NA,NA,NA,NA,NA,NA,NA,NA,NA,NA,NA,NA,NA,NA
2022,357,5,10,72,5,16,74,3,43,0,1,1,22,0,3,3,2,2,2,1,2,1,3,NA,NA,NA,NA,NA,NA,NA,NA,NA,NA,NA,NA,NA,NA,NA,NA,NA,NA,NA,NA,NA,NA,NA,NA,NA
2022,358,1,3120,67,5,16,62,4,34,NA,2,1,22,22,NA,1,3,2,2,1,1,1,3,NA,NA,NA,NA,NA,NA,NA,NA,NA,NA,NA,NA,NA,NA,NA,NA,NA,NA,NA,NA,NA,NA,NA,NA,NA
2022,359,5,2310,61,1,18,57,3,19,NA,2,1,26,0,1,1,2,1,NA,NA,NA,NA,3,NA,NA,NA,NA,NA,NA,NA,NA,NA,NA,NA,NA,NA,NA,NA,NA,NA,NA,NA,NA,NA,NA,NA,NA,NA
2022,360,5,2000,51,1,17,79,4,21,3,2,1,26,0,1,1,1,1,2,1,1,1,3,1,1,2,1,1,1,1,1,1,2,2,2,2,1,1,4,3,3,3,3,3,3,3,3,4
2022,361,1,220,53,1,14,39,1,NA,NA,1,1,26,22,1,1,2,1,NA,NA,NA,NA,3,NA,NA,NA,NA,NA,NA,NA,NA,NA,NA,NA,NA,NA,NA,NA,NA,NA,NA,NA,NA,NA,NA,NA,NA,NA
2022,362,5,2310,61,1,18,62,4,16,NA,2,1,22,0,1,1,2,2,2,1,2,1,3,NA,NA,NA,NA,NA,NA,NA,NA,NA,NA,NA,NA,NA,NA,NA,NA,NA,NA,NA,NA,NA,NA,NA,NA,NA
2022,363,1,5000,46,1,12,49,1,NA,NA,1,1,NA,NA,NA,NA,1,2,NA,NA,NA,NA,3,2,2,2,NA,2,2,2,2,1,2,2,2,2,3,4,3,4,4,4,4,3,3,4,3,3
2022,364,5,7750,35,5,10,70,0,NA,NA,1,2,10,0,1,1,2,1,3,2,2,2,7,NA,NA,NA,NA,NA,NA,NA,NA,NA,NA,NA,NA,NA,NA,NA,NA,NA,NA,NA,NA,NA,NA,NA,NA,NA
2022,365,7,3930,34,5,12,27,1,NA,NA,2,2,12,12,NA,1,3,2,NA,NA,NA,NA,3,NA,NA,NA,NA,NA,NA,NA,NA,NA,NA,NA,NA,NA,NA,NA,NA,NA,NA,NA,NA,NA,NA,NA,NA,NA
2022,366,4,9600,35,5,12,57,1,NA,NA,1,2,NA,0,3,1,2,2,2,1,1,1,3,NA,NA,NA,NA,NA,NA,NA,NA,NA,NA,NA,NA,NA,NA,NA,NA,NA,NA,NA,NA,NA,NA,NA,NA,NA
2022,367,5,6765,37,5,12,NA,1,NA,1,1,2,15,0,1,1,3,3,3,1,1,1,3,NA,NA,NA,NA,NA,NA,NA,NA,NA,NA,NA,NA,NA,NA,NA,NA,NA,NA,NA,NA,NA,NA,NA,NA,NA
2022,368,5,6355,49,3,16,62,3,14,NA,1,2,19,0,2,2,2,3,1,3,2,3,3,NA,NA,NA,NA,NA,NA,NA,NA,NA,NA,NA,NA,NA,NA,NA,NA,NA,NA,NA,NA,NA,NA,NA,NA,NA
2022,369,5,4020,33,2,16,66,3,44,NA,1,2,9,0,1,1,3,3,3,1,1,1,3,2,2,2,NA,2,1,1,1,1,1,1,2,1,1,2,2,2,2,2,2,2,2,1,1,2
2022,370,4,NA,NA,5,12,54,1,NA,0,1,2,7,NA,NA,NA,2,2,NA,NA,NA,NA,5,2,1,2,1,2,1,1,2,1,1,1,1,2,3,3,2,3,1,2,3,1,3,1,1,1
2022,371,5,4250,37,5,14,68,2,49,NA,1,1,8,0,NA,NA,3,1,2,2,2,2,3,NA,NA,NA,NA,NA,NA,NA,NA,NA,NA,NA,NA,NA,NA,NA,NA,NA,NA,NA,NA,NA,NA,NA,NA,NA
2022,372,8,150,52,5,16,53,3,61,0,1,2,10,0,NA,1,1,2,NA,NA,NA,NA,3,NA,NA,NA,NA,NA,NA,NA,NA,NA,NA,NA,NA,NA,NA,NA,NA,NA,NA,NA,NA,NA,NA,NA,NA,NA
2022,373,4,4810,47,5,14,31,1,NA,3,2,2,17,12,1,1,2,3,NA,NA,NA,NA,3,1,2,1,1,2,1,2,1,1,2,2,2,2,4,4,3,3,3,3,3,4,1,1,1,2
2022,374,1,9120,35,1,11,45,0,NA,NA,2,2,16,16,1,1,2,3,3,1,1,1,3,NA,NA,NA,NA,NA,NA,NA,NA,NA,NA,NA,NA,NA,NA,NA,NA,NA,NA,NA,NA,NA,NA,NA,NA,NA
2022,375,4,NA,NA,5,9,40,0,NA,NA,2,2,1,NA,NA,NA,3,4,NA,NA,NA,NA,3,NA,NA,NA,NA,NA,NA,NA,NA,NA,NA,NA,NA,NA,NA,NA,NA,NA,NA,NA,NA,NA,NA,NA,NA,NA
2022,376,7,NA,NA,5,12,18,1,NA,0,1,2,NA,0,NA,NA,3,2,NA,NA,NA,NA,3,NA,NA,NA,NA,NA,NA,NA,NA,NA,NA,NA,NA,NA,NA,NA,NA,NA,NA,NA,NA,NA,NA,NA,NA,NA
2022,377,2,710,51,3,16,70,3,1,NA,1,3,26,22,1,1,2,2,2,1,1,1,3,NA,NA,NA,NA,NA,NA,NA,NA,NA,NA,NA,NA,NA,NA,NA,NA,NA,NA,NA,NA,NA,NA,NA,NA,NA
2022,378,1,3645,51,5,12,33,1,NA,NA,2,3,13,13,NA,NA,2,2,NA,NA,NA,NA,3,NA,NA,NA,NA,NA,NA,NA,NA,NA,NA,NA,NA,NA,NA,NA,NA,NA,NA,NA,NA,NA,NA,NA,NA,NA
2022,379,1,1530,70,1,18,66,4,18,NA,1,1,26,23,2,2,2,3,2,3,2,1,0,NA,NA,NA,NA,NA,NA,NA,NA,NA,NA,NA,NA,NA,NA,NA,NA,NA,NA,NA,NA,NA,NA,NA,NA,NA
2022,380,5,4720,28,2,12,68,1,NA,NA,NA,2,12,0,NA,NA,1,1,3,3,3,3,6,NA,NA,NA,NA,NA,NA,NA,NA,NA,NA,NA,NA,NA,NA,NA,NA,NA,NA,NA,NA,NA,NA,NA,NA,NA
2022,381,4,50,53,1,18,45,4,9,0,1,1,26,23,1,1,1,1,1,2,1,1,3,1,2,2,1,2,2,2,2,1,2,2,2,1,3,3,3,2,2,2,2,2,2,2,2,2
2022,382,7,3300,61,1,16,68,3,55,4,2,1,25,0,1,1,1,2,NA,NA,NA,NA,3,NA,NA,NA,NA,NA,NA,NA,NA,NA,NA,NA,NA,NA,NA,NA,NA,NA,NA,NA,NA,NA,NA,NA,NA,NA
2022,383,2,3255,64,1,16,59,3,36,NA,2,1,25,16,NA,NA,1,1,2,2,1,1,3,NA,NA,NA,NA,NA,NA,NA,NA,NA,NA,NA,NA,NA,NA,NA,NA,NA,NA,NA,NA,NA,NA,NA,NA,NA
2022,384,5,2200,74,1,17,70,4,55,3,2,1,21,10,1,1,2,1,NA,NA,NA,NA,3,1,2,2,1,2,1,2,2,1,2,2,2,2,1,4,4,4,2,4,4,2,4,4,4,4
2022,385,5,4840,43,3,12,75,1,NA,3,1,1,14,0,2,1,3,2,NA,NA,NA,NA,3,1,2,1,1,2,2,2,2,1,2,2,2,2,4,4,2,4,4,4,3,2,4,4,4,4
2022,386,3,2100,69,1,19,39,4,29,0,1,1,26,26,1,1,1,2,NA,NA,NA,NA,3,2,2,2,NA,2,2,2,2,1,2,2,2,2,4,4,4,4,4,4,4,4,4,4,4,4
2022,387,5,5240,31,2,14,71,1,NA,3,1,1,15,0,3,2,2,3,NA,NA,NA,NA,3,1,2,1,1,2,1,2,2,2,2,2,2,2,4,4,2,4,4,4,3,4,4,4,4,4
2022,388,5,10,72,1,16,63,3,14,NA,1,1,26,0,1,1,2,1,2,1,2,1,3,NA,NA,NA,NA,NA,NA,NA,NA,NA,NA,NA,NA,NA,NA,NA,NA,NA,NA,NA,NA,NA,NA,NA,NA,NA
2022,389,1,3255,64,1,16,54,3,36,2,2,1,26,21,2,2,2,2,NA,NA,NA,NA,3,NA,NA,NA,NA,NA,NA,NA,NA,NA,NA,NA,NA,NA,NA,NA,NA,NA,NA,NA,NA,NA,NA,NA,NA,NA
2022,390,2,2300,53,1,18,77,4,16,2,2,1,20,11,NA,NA,1,2,NA,NA,NA,NA,3,2,2,2,NA,2,1,2,2,2,2,2,2,2,4,4,4,4,2,4,4,4,4,4,4,4
2022,391,5,5700,47,2,12,89,1,NA,NA,2,1,NA,0,1,1,2,1,NA,NA,NA,NA,3,NA,NA,NA,NA,NA,NA,NA,NA,NA,NA,NA,NA,NA,NA,NA,NA,NA,NA,NA,NA,NA,NA,NA,NA,NA
2022,392,6,NA,NA,5,13,58,1,NA,3,1,1,24,0,NA,NA,1,1,1,2,2,1,3,2,2,2,NA,2,2,2,2,2,2,2,2,2,4,4,4,4,4,4,4,4,4,4,4,4
2022,393,5,4010,38,2,12,89,1,NA,NA,2,1,NA,0,2,2,1,2,2,1,1,1,3,NA,NA,NA,NA,NA,NA,NA,NA,NA,NA,NA,NA,NA,NA,NA,NA,NA,NA,NA,NA,NA,NA,NA,NA,NA
2022,394,3,120,53,1,16,39,3,7,2,1,1,26,24,3,1,3,2,NA,NA,NA,NA,0,1,1,2,1,2,1,2,2,1,2,2,2,2,1,1,4,4,2,3,4,2,4,4,4,4
2022,395,8,4760,31,5,12,20,1,NA,NA,2,3,NA,NA,NA,1,2,2,NA,NA,NA,NA,3,NA,NA,NA,NA,NA,NA,NA,NA,NA,NA,NA,NA,NA,NA,NA,NA,NA,NA,NA,NA,NA,NA,NA,NA,NA
2022,396,8,NA,NA,5,13,22,2,NA,NA,1,1,1,0,NA,NA,3,4,3,3,3,3,3,NA,NA,NA,NA,NA,NA,NA,NA,NA,NA,NA,NA,NA,NA,NA,NA,NA,NA,NA,NA,NA,NA,NA,NA,NA
2022,397,5,5550,45,5,12,72,1,NA,NA,2,1,15,0,1,1,3,2,2,1,2,1,3,NA,NA,NA,NA,NA,NA,NA,NA,NA,NA,NA,NA,NA,NA,NA,NA,NA,NA,NA,NA,NA,NA,NA,NA,NA
2022,398,1,4600,35,5,14,22,1,NA,0,2,3,13,4,NA,1,2,2,NA,NA,NA,NA,3,NA,NA,NA,NA,NA,NA,NA,NA,NA,NA,NA,NA,NA,NA,NA,NA,NA,NA,NA,NA,NA,NA,NA,NA,NA
2022,399,1,3500,69,5,14,65,2,36,NA,2,1,13,13,NA,NA,3,3,1,1,1,1,0,NA,NA,NA,NA,NA,NA,NA,NA,NA,NA,NA,NA,NA,NA,NA,NA,NA,NA,NA,NA,NA,NA,NA,NA,NA
2022,400,2,9130,35,5,14,51,2,29,NA,1,2,NA,15,1,1,2,2,1,1,1,2,3,NA,NA,NA,NA,NA,NA,NA,NA,NA,NA,NA,NA,NA,NA,NA,NA,NA,NA,NA,NA,NA,NA,NA,NA,NA
2022,401,1,4840,43,5,16,30,2,14,0,1,1,23,23,1,1,3,2,3,1,1,1,3,NA,NA,NA,NA,NA,NA,NA,NA,NA,NA,NA,NA,NA,NA,NA,NA,NA,NA,NA,NA,NA,NA,NA,NA,NA
2022,402,8,9600,35,1,6,60,0,NA,NA,1,1,1,0,NA,NA,1,3,NA,NA,NA,NA,0,1,NA,NA,NA,2,1,1,NA,1,NA,1,2,1,4,2,2,2,2,2,2,2,2,3,2,2
2022,403,1,430,39,3,12,57,1,NA,2,1,1,NA,NA,NA,2,2,2,NA,NA,NA,NA,7,2,1,2,1,2,1,2,2,1,2,2,2,2,4,4,3,4,2,4,4,4,4,4,4,4
2022,404,1,7700,50,1,14,48,1,NA,2,1,1,24,24,2,2,1,1,NA,NA,NA,NA,3,NA,NA,NA,NA,NA,NA,NA,NA,NA,NA,NA,NA,NA,NA,NA,NA,NA,NA,NA,NA,NA,NA,NA,NA,NA
2022,405,4,7750,35,5,8,46,0,NA,NA,1,1,9,3,NA,NA,2,2,NA,NA,NA,NA,3,NA,NA,NA,NA,NA,NA,NA,NA,NA,NA,NA,NA,NA,NA,NA,NA,NA,NA,NA,NA,NA,NA,NA,NA,NA
2022,406,2,4200,37,3,12,62,1,NA,NA,1,NA,NA,12,1,NA,3,2,NA,NA,NA,NA,3,NA,NA,NA,NA,NA,NA,NA,NA,NA,NA,NA,NA,NA,NA,NA,NA,NA,NA,NA,NA,NA,NA,NA,NA,NA
2022,407,1,7750,35,5,14,57,1,NA,NA,2,1,22,22,2,NA,2,2,2,2,2,2,5,NA,NA,NA,NA,NA,NA,NA,NA,NA,NA,NA,NA,NA,NA,NA,NA,NA,NA,NA,NA,NA,NA,NA,NA,NA
2022,408,7,9610,22,5,9,32,0,NA,2,1,2,9,0,1,NA,1,1,NA,NA,NA,NA,3,NA,NA,NA,NA,NA,NA,NA,NA,NA,NA,NA,NA,NA,NA,NA,NA,NA,NA,NA,NA,NA,NA,NA,NA,NA
2022,409,7,NA,NA,5,12,61,1,NA,NA,2,2,8,0,1,1,3,4,1,2,1,1,3,NA,NA,NA,NA,NA,NA,NA,NA,NA,NA,NA,NA,NA,NA,NA,NA,NA,NA,NA,NA,NA,NA,NA,NA,NA
2022,410,8,8800,24,4,12,60,0,NA,NA,2,3,NA,0,NA,NA,3,4,2,2,NA,2,3,NA,NA,NA,NA,NA,NA,NA,NA,NA,NA,NA,NA,NA,NA,NA,NA,NA,NA,NA,NA,NA,NA,NA,NA,NA
2022,411,8,8140,38,1,12,51,1,NA,NA,1,3,17,0,NA,NA,3,4,2,2,2,1,0,NA,NA,NA,NA,NA,NA,NA,NA,NA,NA,NA,NA,NA,NA,NA,NA,NA,NA,NA,NA,NA,NA,NA,NA,NA
2022,412,5,800,60,2,12,84,1,NA,NA,2,1,2,0,4,4,2,2,2,1,2,1,3,NA,NA,NA,NA,NA,NA,NA,NA,NA,NA,NA,NA,NA,NA,NA,NA,NA,NA,NA,NA,NA,NA,NA,NA,NA
2022,413,1,20,50,5,16,29,3,17,NA,2,1,NA,0,1,1,2,2,NA,NA,NA,NA,3,NA,NA,NA,NA,NA,NA,NA,NA,NA,NA,NA,NA,NA,NA,NA,NA,NA,NA,NA,NA,NA,NA,NA,NA,NA
2022,414,1,20,50,5,16,31,4,9,0,2,1,26,26,1,1,2,2,NA,NA,NA,NA,5,NA,NA,NA,NA,NA,NA,NA,NA,NA,NA,NA,NA,NA,NA,NA,NA,NA,NA,NA,NA,NA,NA,NA,NA,NA
2022,415,5,3255,64,2,16,77,4,36,NA,2,1,26,9,1,1,2,1,NA,NA,NA,NA,3,NA,NA,NA,NA,NA,NA,NA,NA,NA,NA,NA,NA,NA,NA,NA,NA,NA,NA,NA,NA,NA,NA,NA,NA,NA
2022,416,1,2630,46,1,16,40,3,7,1,1,1,26,26,1,1,2,1,NA,NA,NA,NA,3,NA,NA,NA,NA,NA,NA,NA,NA,NA,NA,NA,NA,NA,NA,NA,NA,NA,NA,NA,NA,NA,NA,NA,NA,NA
2022,417,6,4120,34,5,14,20,1,NA,0,2,1,NA,NA,NA,2,2,2,3,2,2,1,3,1,2,1,1,2,2,2,2,2,2,2,2,2,2,4,3,4,4,4,4,4,4,4,4,4
2022,418,1,9610,22,5,14,23,1,NA,NA,1,1,10,9,NA,1,2,3,NA,NA,NA,NA,3,NA,NA,NA,NA,NA,NA,NA,NA,NA,NA,NA,NA,NA,NA,NA,NA,NA,NA,NA,NA,NA,NA,NA,NA,NA
2022,419,1,3645,51,5,16,24,3,8,NA,2,1,26,0,NA,NA,2,1,NA,NA,NA,NA,3,NA,NA,NA,NA,NA,NA,NA,NA,NA,NA,NA,NA,NA,NA,NA,NA,NA,NA,NA,NA,NA,NA,NA,NA,NA
2022,420,6,2040,66,5,20,63,4,47,NA,1,2,20,20,1,1,2,2,NA,NA,NA,NA,3,NA,NA,NA,NA,NA,NA,NA,NA,NA,NA,NA,NA,NA,NA,NA,NA,NA,NA,NA,NA,NA,NA,NA,NA,NA
2022,421,1,840,58,1,18,46,4,9,3,1,1,26,26,3,2,2,2,2,2,3,1,3,NA,NA,NA,NA,NA,NA,NA,NA,NA,NA,NA,NA,NA,NA,NA,NA,NA,NA,NA,NA,NA,NA,NA,NA,NA
2022,422,1,5310,50,1,18,31,4,59,NA,1,1,26,21,NA,4,1,3,1,1,1,2,9,NA,NA,NA,NA,NA,NA,NA,NA,NA,NA,NA,NA,NA,NA,NA,NA,NA,NA,NA,NA,NA,NA,NA,NA,NA
2022,423,5,5700,47,2,12,85,1,NA,NA,2,1,NA,0,2,2,3,2,NA,NA,NA,NA,3,NA,NA,NA,NA,NA,NA,NA,NA,NA,NA,NA,NA,NA,NA,NA,NA,NA,NA,NA,NA,NA,NA,NA,NA,NA
2022,424,1,3930,34,1,14,42,1,NA,2,1,2,22,20,2,NA,1,1,NA,NA,NA,NA,3,NA,NA,NA,NA,NA,NA,NA,NA,NA,NA,NA,NA,NA,NA,NA,NA,NA,NA,NA,NA,NA,NA,NA,NA,NA
2022,425,2,4760,31,5,15,22,1,NA,0,1,1,19,13,NA,2,2,2,NA,NA,NA,NA,3,1,2,1,1,2,2,2,1,1,2,1,1,1,2,4,1,4,4,4,2,2,2,2,2,2
2022,426,3,4220,24,1,12,62,1,NA,1,1,1,19,19,3,2,3,2,2,1,2,1,3,1,1,2,1,2,2,2,1,1,2,2,2,2,2,2,3,3,4,2,2,4,4,4,4,4
2022,427,5,20,50,3,20,NA,4,17,3,2,1,NA,0,1,1,2,1,2,1,1,1,2,NA,NA,NA,NA,NA,NA,NA,NA,NA,NA,NA,NA,NA,NA,NA,NA,NA,NA,NA,NA,NA,NA,NA,NA,NA
2022,428,1,850,63,1,16,39,1,NA,NA,1,1,26,26,3,2,2,2,NA,NA,NA,NA,3,NA,NA,NA,NA,NA,NA,NA,NA,NA,NA,NA,NA,NA,NA,NA,NA,NA,NA,NA,NA,NA,NA,NA,NA,NA
2022,429,1,3535,52,3,17,63,3,11,NA,2,1,26,26,2,2,2,3,2,2,3,1,3,NA,NA,NA,NA,NA,NA,NA,NA,NA,NA,NA,NA,NA,NA,NA,NA,NA,NA,NA,NA,NA,NA,NA,NA,NA
2022,430,1,2330,61,1,17,49,3,57,NA,2,1,23,19,2,2,1,1,NA,NA,NA,NA,3,NA,NA,NA,NA,NA,NA,NA,NA,NA,NA,NA,NA,NA,NA,NA,NA,NA,NA,NA,NA,NA,NA,NA,NA,NA
2022,431,2,5700,47,1,16,59,3,1,NA,2,1,NA,NA,3,NA,2,1,3,1,1,1,3,NA,NA,NA,NA,NA,NA,NA,NA,NA,NA,NA,NA,NA,NA,NA,NA,NA,NA,NA,NA,NA,NA,NA,NA,NA
2022,432,5,2310,61,1,16,75,4,66,0,2,1,26,0,1,1,2,1,NA,NA,NA,NA,3,1,2,1,2,2,1,2,1,1,2,2,2,2,1,2,1,2,2,2,2,2,2,2,2,2
2022,433,2,9130,35,5,12,29,1,NA,NA,1,1,9,9,NA,NA,2,2,NA,NA,NA,NA,3,NA,NA,NA,NA,NA,NA,NA,NA,NA,NA,NA,NA,NA,NA,NA,NA,NA,NA,NA,NA,NA,NA,NA,NA,NA
2022,434,1,4810,47,3,16,45,3,16,1,2,1,21,19,1,1,1,2,NA,NA,NA,NA,9,NA,NA,NA,NA,NA,NA,NA,NA,NA,NA,NA,NA,NA,NA,NA,NA,NA,NA,NA,NA,NA,NA,NA,NA,NA
2022,435,NA,NA,38,3,16,55,3,12,NA,2,1,20,18,NA,2,3,1,2,1,1,1,3,1,2,1,1,2,2,2,2,1,2,2,2,1,1,2,1,4,2,4,4,4,4,4,4,1
2022,436,5,5120,45,1,14,79,1,NA,3,2,1,19,0,2,2,2,2,2,1,3,1,3,1,1,1,2,2,1,1,1,1,2,2,2,2,3,3,3,4,2,3,1,2,4,4,2,4
2022,437,1,5510,29,5,13,29,1,NA,0,1,1,24,13,3,1,2,2,NA,NA,NA,NA,3,NA,NA,NA,NA,NA,NA,NA,NA,NA,NA,NA,NA,NA,NA,NA,NA,NA,NA,NA,NA,NA,NA,NA,NA,NA
2022,438,1,6700,39,1,12,29,1,NA,NA,1,1,25,25,NA,NA,1,3,NA,NA,NA,NA,3,NA,NA,NA,NA,NA,NA,NA,NA,NA,NA,NA,NA,NA,NA,NA,NA,NA,NA,NA,NA,NA,NA,NA,NA,NA
2022,439,2,8740,39,1,13,32,1,NA,NA,2,1,24,17,NA,NA,1,1,NA,NA,NA,NA,3,NA,NA,NA,NA,NA,NA,NA,NA,NA,NA,NA,NA,NA,NA,NA,NA,NA,NA,NA,NA,NA,NA,NA,NA,NA
2022,440,1,1460,70,5,16,21,2,7,0,1,1,NA,8,NA,2,2,2,NA,NA,NA,NA,3,NA,NA,NA,NA,NA,NA,NA,NA,NA,NA,NA,NA,NA,NA,NA,NA,NA,NA,NA,NA,NA,NA,NA,NA,NA
2022,441,1,140,50,1,12,39,1,NA,3,1,1,21,21,1,1,2,2,NA,NA,NA,NA,9,NA,NA,NA,NA,NA,NA,NA,NA,NA,NA,NA,NA,NA,NA,NA,NA,NA,NA,NA,NA,NA,NA,NA,NA,NA
2022,442,5,1720,72,2,17,NA,3,8,NA,1,1,22,0,1,1,1,2,2,1,2,1,3,NA,NA,NA,NA,NA,NA,NA,NA,NA,NA,NA,NA,NA,NA,NA,NA,NA,NA,NA,NA,NA,NA,NA,NA,NA
2022,443,1,5940,17,1,NA,NA,0,NA,NA,NA,1,NA,0,NA,NA,2,1,NA,NA,NA,NA,3,NA,NA,NA,NA,NA,NA,NA,NA,NA,NA,NA,NA,NA,NA,NA,NA,NA,NA,NA,NA,NA,NA,NA,NA,NA
2022,444,1,4110,31,5,15,31,1,NA,NA,2,1,19,19,1,1,2,2,NA,NA,NA,NA,3,NA,NA,NA,NA,NA,NA,NA,NA,NA,NA,NA,NA,NA,NA,NA,NA,NA,NA,NA,NA,NA,NA,NA,NA,NA
2022,445,1,5700,47,5,12,33,1,NA,NA,2,1,NA,15,NA,NA,2,1,2,1,2,1,3,NA,NA,NA,NA,NA,NA,NA,NA,NA,NA,NA,NA,NA,NA,NA,NA,NA,NA,NA,NA,NA,NA,NA,NA,NA
2022,446,1,520,45,3,12,71,1,NA,1,2,1,18,15,1,1,1,2,NA,NA,NA,NA,3,NA,NA,NA,NA,NA,NA,NA,NA,NA,NA,NA,NA,NA,NA,NA,NA,NA,NA,NA,NA,NA,NA,NA,NA,NA
2022,447,1,1010,63,5,16,39,3,14,0,1,1,21,21,1,1,2,4,1,1,1,2,3,NA,NA,NA,NA,NA,NA,NA,NA,NA,NA,NA,NA,NA,NA,NA,NA,NA,NA,NA,NA,NA,NA,NA,NA,NA
2022,448,8,910,45,5,18,32,3,9,NA,1,1,18,0,1,1,2,2,NA,NA,NA,NA,3,NA,NA,NA,NA,NA,NA,NA,NA,NA,NA,NA,NA,NA,NA,NA,NA,NA,NA,NA,NA,NA,NA,NA,NA,NA
2022,449,1,6355,49,1,18,47,1,NA,1,1,1,23,22,1,1,2,1,2,1,1,1,3,NA,NA,NA,NA,NA,NA,NA,NA,NA,NA,NA,NA,NA,NA,NA,NA,NA,NA,NA,NA,NA,NA,NA,NA,NA
2022,450,1,4760,31,1,14,48,1,NA,NA,1,3,22,19,1,3,2,2,2,1,1,2,5,NA,NA,NA,NA,NA,NA,NA,NA,NA,NA,NA,NA,NA,NA,NA,NA,NA,NA,NA,NA,NA,NA,NA,NA,NA
2022,451,1,2850,67,1,12,46,1,NA,NA,1,2,26,0,2,2,1,3,1,1,1,1,5,NA,NA,NA,NA,NA,NA,NA,NA,NA,NA,NA,NA,NA,NA,NA,NA,NA,NA,NA,NA,NA,NA,NA,NA,NA
2022,452,1,3420,55,5,14,21,1,NA,NA,2,1,12,12,NA,NA,1,1,2,1,1,1,5,NA,NA,NA,NA,NA,NA,NA,NA,NA,NA,NA,NA,NA,NA,NA,NA,NA,NA,NA,NA,NA,NA,NA,NA,NA
2022,453,1,5000,46,1,16,42,3,12,NA,1,3,24,23,NA,NA,1,2,NA,NA,NA,NA,8,NA,NA,NA,NA,NA,NA,NA,NA,NA,NA,NA,NA,NA,NA,NA,NA,NA,NA,NA,NA,NA,NA,NA,NA,NA
2022,454,2,430,39,3,14,64,1,NA,NA,2,2,NA,NA,1,1,2,2,3,1,1,1,5,NA,NA,NA,NA,NA,NA,NA,NA,NA,NA,NA,NA,NA,NA,NA,NA,NA,NA,NA,NA,NA,NA,NA,NA,NA
2022,455,1,2550,50,5,17,29,3,61,NA,2,1,22,19,1,1,3,3,NA,NA,NA,NA,5,NA,NA,NA,NA,NA,NA,NA,NA,NA,NA,NA,NA,NA,NA,NA,NA,NA,NA,NA,NA,NA,NA,NA,NA,NA
2022,456,7,2310,61,1,14,36,1,NA,NA,2,3,17,16,1,1,2,2,2,1,2,2,5,NA,NA,NA,NA,NA,NA,NA,NA,NA,NA,NA,NA,NA,NA,NA,NA,NA,NA,NA,NA,NA,NA,NA,NA,NA
2022,457,1,1107,48,1,20,NA,3,NA,NA,1,2,21,21,NA,NA,2,1,2,1,1,1,0,NA,NA,NA,NA,NA,NA,NA,NA,NA,NA,NA,NA,NA,NA,NA,NA,NA,NA,NA,NA,NA,NA,NA,NA,NA
2022,458,5,430,39,3,18,65,4,18,3,2,2,22,0,1,1,3,1,2,1,2,1,5,NA,NA,NA,NA,NA,NA,NA,NA,NA,NA,NA,NA,NA,NA,NA,NA,NA,NA,NA,NA,NA,NA,NA,NA,NA
2022,459,1,420,52,5,16,56,3,19,0,2,1,20,20,2,2,3,3,NA,NA,NA,NA,2,1,2,1,1,2,1,2,1,1,2,2,2,2,2,2,1,4,2,2,4,4,4,4,4,4
2022,460,1,2300,53,5,15,32,1,NA,NA,2,1,1,1,1,1,2,2,NA,NA,NA,NA,5,NA,NA,NA,NA,NA,NA,NA,NA,NA,NA,NA,NA,NA,NA,NA,NA,NA,NA,NA,NA,NA,NA,NA,NA,NA
2022,461,5,3060,80,3,20,61,4,34,NA,2,2,1,0,NA,NA,3,3,NA,NA,NA,NA,0,NA,NA,NA,NA,NA,NA,NA,NA,NA,NA,NA,NA,NA,NA,NA,NA,NA,NA,NA,NA,NA,NA,NA,NA,NA
2022,462,1,350,64,3,16,56,3,9,NA,2,1,19,19,3,1,2,2,2,2,2,1,5,NA,NA,NA,NA,NA,NA,NA,NA,NA,NA,NA,NA,NA,NA,NA,NA,NA,NA,NA,NA,NA,NA,NA,NA,NA
2022,463,1,5000,46,3,13,33,1,NA,NA,2,1,23,20,2,2,2,2,2,1,1,1,5,NA,NA,NA,NA,NA,NA,NA,NA,NA,NA,NA,NA,NA,NA,NA,NA,NA,NA,NA,NA,NA,NA,NA,NA,NA
2022,464,5,3258,72,2,20,72,4,36,2,2,1,18,0,1,1,2,1,3,1,1,1,2,2,1,1,1,2,1,1,1,2,2,2,2,2,3,3,3,4,1,2,3,3,3,4,3,3
2022,465,1,4610,48,1,NA,36,0,NA,NA,2,NA,NA,NA,NA,NA,1,2,NA,1,1,NA,0,NA,NA,NA,NA,NA,NA,NA,NA,NA,NA,NA,NA,NA,NA,NA,NA,NA,NA,NA,NA,NA,NA,NA,NA,NA
2022,466,1,4040,32,3,8,44,0,NA,NA,1,3,13,13,NA,NA,2,3,3,1,1,1,5,NA,NA,NA,NA,NA,NA,NA,NA,NA,NA,NA,NA,NA,NA,NA,NA,NA,NA,NA,NA,NA,NA,NA,NA,NA
2022,467,1,330,41,3,12,49,1,NA,NA,2,2,21,21,1,1,2,3,NA,NA,NA,NA,5,NA,NA,NA,NA,NA,NA,NA,NA,NA,NA,NA,NA,NA,NA,NA,NA,NA,NA,NA,NA,NA,NA,NA,NA,NA
2022,468,7,520,45,NA,15,42,1,NA,NA,2,NA,22,0,NA,1,NA,2,2,1,1,2,0,NA,NA,NA,NA,NA,NA,NA,NA,NA,NA,NA,NA,NA,NA,NA,NA,NA,NA,NA,NA,NA,NA,NA,NA,NA
2022,469,1,430,39,1,18,65,4,18,4,1,1,26,25,2,2,1,2,NA,NA,NA,NA,5,NA,NA,NA,NA,NA,NA,NA,NA,NA,NA,NA,NA,NA,NA,NA,NA,NA,NA,NA,NA,NA,NA,NA,NA,NA
2022,470,1,4720,28,1,14,45,1,NA,NA,2,1,9,0,NA,NA,2,2,NA,NA,NA,NA,5,NA,NA,NA,NA,NA,NA,NA,NA,NA,NA,NA,NA,NA,NA,NA,NA,NA,NA,NA,NA,NA,NA,NA,NA,NA
2022,471,1,735,57,1,16,26,4,9,NA,2,1,25,19,NA,NA,1,1,2,1,1,2,5,NA,NA,NA,NA,NA,NA,NA,NA,NA,NA,NA,NA,NA,NA,NA,NA,NA,NA,NA,NA,NA,NA,NA,NA,NA
2022,472,2,5700,47,1,16,62,3,42,1,2,1,24,16,NA,3,2,2,3,3,3,3,5,2,2,1,2,2,1,2,2,2,2,2,1,1,2,2,2,3,2,4,4,4,4,4,3,2
2022,473,1,3320,59,1,15,NA,2,34,2,2,1,21,21,NA,NA,3,2,NA,NA,NA,NA,5,2,1,1,2,2,2,2,2,1,2,2,2,2,2,2,2,4,2,4,4,1,2,2,4,2
2022,474,1,7200,45,1,12,68,1,NA,NA,1,1,21,21,1,1,2,2,NA,NA,NA,NA,5,NA,NA,NA,NA,NA,NA,NA,NA,NA,NA,NA,NA,NA,NA,NA,NA,NA,NA,NA,NA,NA,NA,NA,NA,NA
2022,475,5,2010,54,3,16,68,3,82,4,2,1,17,8,1,1,2,2,2,1,1,1,5,1,2,2,1,2,1,1,2,1,2,2,2,2,1,4,4,4,2,2,4,2,4,4,4,4
2022,476,3,2320,64,3,15,44,3,42,2,2,1,20,18,NA,1,3,4,NA,NA,NA,NA,5,NA,NA,NA,NA,NA,NA,NA,NA,NA,NA,NA,NA,NA,NA,NA,NA,NA,NA,NA,NA,NA,NA,NA,NA,NA
2022,477,5,2320,64,2,16,NA,3,42,NA,2,1,20,0,3,1,3,2,2,2,2,1,5,NA,NA,NA,NA,NA,NA,NA,NA,NA,NA,NA,NA,NA,NA,NA,NA,NA,NA,NA,NA,NA,NA,NA,NA,NA
2022,478,1,3645,51,5,17,26,4,11,NA,2,1,23,18,NA,NA,1,1,NA,NA,NA,NA,5,NA,NA,NA,NA,NA,NA,NA,NA,NA,NA,NA,NA,NA,NA,NA,NA,NA,NA,NA,NA,NA,NA,NA,NA,NA
2022,479,2,4350,33,5,12,21,1,NA,NA,2,1,NA,NA,NA,1,2,2,3,1,1,3,5,NA,NA,NA,NA,NA,NA,NA,NA,NA,NA,NA,NA,NA,NA,NA,NA,NA,NA,NA,NA,NA,NA,NA,NA,NA
2022,480,5,2320,64,1,16,61,3,16,NA,2,1,21,0,1,1,2,2,NA,NA,NA,NA,5,NA,NA,NA,NA,NA,NA,NA,NA,NA,NA,NA,NA,NA,NA,NA,NA,NA,NA,NA,NA,NA,NA,NA,NA,NA
2022,481,5,350,64,1,18,64,4,9,0,1,1,26,26,1,1,1,1,NA,NA,NA,NA,1,2,1,2,1,1,1,1,2,1,1,1,1,1,4,4,4,1,2,1,1,1,2,1,1,1
2022,482,1,2100,69,1,20,57,4,29,2,2,1,26,26,1,1,2,2,NA,NA,NA,NA,5,NA,NA,NA,NA,NA,NA,NA,NA,NA,NA,NA,NA,NA,NA,NA,NA,NA,NA,NA,NA,NA,NA,NA,NA,NA
2022,483,1,1760,42,1,19,61,4,14,NA,1,1,26,26,1,1,1,2,2,1,1,2,5,NA,NA,NA,NA,NA,NA,NA,NA,NA,NA,NA,NA,NA,NA,NA,NA,NA,NA,NA,NA,NA,NA,NA,NA,NA
2022,484,2,4030,21,5,12,18,1,NA,0,2,1,26,2,NA,NA,2,2,2,1,1,2,5,1,1,1,1,2,1,2,2,1,2,1,2,2,1,1,1,3,3,4,4,2,4,2,3,4
2022,485,1,1815,36,1,19,58,4,50,3,2,1,26,26,1,1,2,2,NA,NA,NA,NA,3,1,2,2,1,2,2,2,2,2,2,2,2,2,1,4,4,4,4,NA,4,4,4,4,4,4
2022,486,8,4220,24,5,12,61,1,NA,NA,2,2,1,0,NA,NA,3,3,NA,NA,NA,NA,5,NA,NA,NA,NA,NA,NA,NA,NA,NA,NA,NA,NA,NA,NA,NA,NA,NA,NA,NA,NA,NA,NA,NA,NA,NA
2022,487,1,5000,46,3,20,69,4,71,2,2,2,24,20,1,1,1,1,2,1,1,2,5,1,2,1,2,2,1,2,1,1,1,2,2,2,2,2,2,4,1,4,3,4,4,4,4,4
2022,488,2,220,53,5,16,60,3,9,NA,1,2,13,13,1,1,2,2,2,1,1,1,5,NA,NA,NA,NA,NA,NA,NA,NA,NA,NA,NA,NA,NA,NA,NA,NA,NA,NA,NA,NA,NA,NA,NA,NA,NA
2022,489,1,3600,48,5,12,51,1,NA,NA,1,2,14,14,1,1,2,3,NA,NA,NA,NA,5,NA,NA,NA,NA,NA,NA,NA,NA,NA,NA,NA,NA,NA,NA,NA,NA,NA,NA,NA,NA,NA,NA,NA,NA,NA
2022,490,5,630,47,1,16,79,3,36,11,2,1,20,0,1,1,2,2,3,1,1,1,5,2,2,1,2,1,1,2,2,2,2,2,2,2,4,4,4,4,1,4,4,4,4,4,4,4
2022,491,2,2310,61,1,14,71,1,NA,4,2,1,21,21,2,2,2,2,NA,NA,NA,NA,2,2,2,1,2,2,1,2,2,1,2,2,2,2,3,4,3,4,1,4,4,2,4,4,4,4
2022,492,1,10,72,1,20,49,4,70,NA,1,1,26,20,2,2,2,3,NA,NA,NA,NA,2,NA,NA,NA,NA,NA,NA,NA,NA,NA,NA,NA,NA,NA,NA,NA,NA,NA,NA,NA,NA,NA,NA,NA,NA,NA
2022,493,1,350,64,1,14,NA,2,36,NA,1,2,22,22,NA,1,3,2,2,2,2,1,0,NA,NA,NA,NA,NA,NA,NA,NA,NA,NA,NA,NA,NA,NA,NA,NA,NA,NA,NA,NA,NA,NA,NA,NA,NA
2022,494,5,1020,60,2,16,72,4,11,NA,1,2,25,0,1,1,2,3,1,1,2,2,5,2,2,2,NA,2,2,1,1,1,2,2,2,2,2,3,3,2,2,2,2,2,4,4,2,2
2022,495,1,6260,28,3,12,38,1,NA,NA,1,1,NA,NA,NA,NA,3,3,NA,NA,NA,NA,5,NA,NA,NA,NA,NA,NA,NA,NA,NA,NA,NA,NA,NA,NA,NA,NA,NA,NA,NA,NA,NA,NA,NA,NA,NA
2022,496,5,5700,47,1,12,65,1,NA,NA,2,2,21,0,NA,NA,2,2,3,1,1,1,5,NA,NA,NA,NA,NA,NA,NA,NA,NA,NA,NA,NA,NA,NA,NA,NA,NA,NA,NA,NA,NA,NA,NA,NA,NA
2022,497,1,NA,NA,1,15,56,1,NA,NA,1,NA,20,16,NA,NA,1,3,3,1,1,1,0,NA,NA,NA,NA,NA,NA,NA,NA,NA,NA,NA,NA,NA,NA,NA,NA,NA,NA,NA,NA,NA,NA,NA,NA,NA
2022,498,1,7315,45,1,12,NA,1,NA,NA,1,1,15,14,NA,NA,2,1,2,3,2,2,0,NA,NA,NA,NA,NA,NA,NA,NA,NA,NA,NA,NA,NA,NA,NA,NA,NA,NA,NA,NA,NA,NA,NA,NA,NA
2022,499,1,4610,48,1,12,40,0,NA,4,2,2,4,4,NA,NA,1,1,NA,NA,NA,NA,0,2,2,1,2,2,1,1,1,1,2,1,1,1,4,4,3,4,2,3,1,2,3,3,4,4
2022,500,2,4600,35,5,20,71,3,6,NA,2,1,16,NA,1,1,3,1,NA,NA,NA,NA,0,NA,NA,NA,NA,NA,NA,NA,NA,NA,NA,NA,NA,NA,NA,NA,NA,NA,NA,NA,NA,NA,NA,NA,NA,NA
2022,501,5,4920,49,4,16,70,3,9,NA,2,2,10,0,3,3,3,3,NA,NA,NA,NA,0,NA,NA,NA,NA,NA,NA,NA,NA,NA,NA,NA,NA,NA,NA,NA,NA,NA,NA,NA,NA,NA,NA,NA,NA,NA
2022,502,1,3300,61,5,16,29,3,42,NA,1,1,26,19,1,1,1,2,NA,NA,NA,NA,5,NA,NA,NA,NA,NA,NA,NA,NA,NA,NA,NA,NA,NA,NA,NA,NA,NA,NA,NA,NA,NA,NA,NA,NA,NA
2022,503,1,150,52,4,12,29,1,NA,NA,2,2,18,18,NA,NA,2,3,3,1,1,1,5,NA,NA,NA,NA,NA,NA,NA,NA,NA,NA,NA,NA,NA,NA,NA,NA,NA,NA,NA,NA,NA,NA,NA,NA,NA
2022,504,5,6230,44,5,9,80,0,NA,NA,1,2,9,0,NA,NA,1,2,NA,NA,NA,NA,5,NA,NA,NA,NA,NA,NA,NA,NA,NA,NA,NA,NA,NA,NA,NA,NA,NA,NA,NA,NA,NA,NA,NA,NA,NA
2022,505,1,3060,80,5,20,28,4,8,0,1,2,1,0,1,1,2,1,3,1,1,2,5,NA,NA,NA,NA,NA,NA,NA,NA,NA,NA,NA,NA,NA,NA,NA,NA,NA,NA,NA,NA,NA,NA,NA,NA,NA
2022,506,1,1650,63,5,20,62,4,8,0,2,1,22,22,3,1,3,3,NA,NA,NA,NA,6,2,2,2,NA,2,1,2,2,2,2,2,2,2,4,4,4,4,1,4,4,4,4,4,4,4
2022,507,1,1230,56,1,18,36,4,44,NA,1,1,26,23,1,1,1,1,1,1,1,2,9,NA,NA,NA,NA,NA,NA,NA,NA,NA,NA,NA,NA,NA,NA,NA,NA,NA,NA,NA,NA,NA,NA,NA,NA,NA
2022,508,4,2100,69,3,16,37,4,29,0,1,1,21,21,1,1,3,3,NA,NA,NA,NA,3,1,1,2,1,2,1,2,2,1,2,2,2,2,1,1,4,4,2,4,4,2,4,4,4,4
2022,509,5,5810,37,5,12,43,1,NA,NA,1,3,9,NA,2,2,2,2,2,NA,2,2,0,NA,NA,NA,NA,NA,NA,NA,NA,NA,NA,NA,NA,NA,NA,NA,NA,NA,NA,NA,NA,NA,NA,NA,NA,NA
2022,510,1,1760,42,5,19,37,4,59,0,2,1,24,24,1,1,2,2,NA,NA,NA,NA,3,1,1,2,1,1,1,1,1,2,2,2,2,2,1,1,4,2,3,2,2,2,2,2,2,2
2022,511,1,230,59,5,16,34,3,70,0,1,1,22,22,1,1,2,2,1,1,1,2,9,1,1,1,1,2,1,2,1,1,2,2,2,2,1,1,1,4,3,4,2,2,4,4,3,4
2022,512,1,2600,46,5,16,34,3,63,NA,2,1,24,7,NA,NA,1,2,NA,NA,NA,NA,5,NA,NA,NA,NA,NA,NA,NA,NA,NA,NA,NA,NA,NA,NA,NA,NA,NA,NA,NA,NA,NA,NA,NA,NA,NA
2022,513,2,4830,38,1,12,80,1,NA,NA,2,1,21,13,1,1,2,2,1,1,2,1,5,NA,NA,NA,NA,NA,NA,NA,NA,NA,NA,NA,NA,NA,NA,NA,NA,NA,NA,NA,NA,NA,NA,NA,NA,NA
2022,514,5,8620,39,1,16,70,2,59,0,1,1,24,0,3,1,1,2,NA,NA,NA,NA,5,1,2,1,1,2,1,2,2,1,2,2,2,2,1,4,1,4,2,4,2,4,4,2,4,4
2022,515,1,430,39,3,14,61,2,53,3,2,1,24,24,1,1,2,2,2,1,1,2,5,1,1,2,1,1,1,1,2,2,2,1,1,2,1,1,2,2,2,1,4,3,4,4,3,3
2022,516,1,4760,31,5,12,24,1,NA,NA,1,NA,25,0,NA,1,1,1,NA,NA,NA,NA,5,NA,NA,NA,NA,NA,NA,NA,NA,NA,NA,NA,NA,NA,NA,NA,NA,NA,NA,NA,NA,NA,NA,NA,NA,NA
2022,517,8,4700,38,3,11,52,0,NA,7,2,3,11,0,NA,NA,2,2,NA,NA,NA,NA,9,NA,NA,NA,NA,NA,NA,NA,NA,NA,NA,NA,NA,NA,NA,NA,NA,NA,NA,NA,NA,NA,NA,NA,NA,NA
2022,518,2,8800,24,1,17,53,3,43,NA,1,1,22,0,1,1,2,3,2,1,1,2,3,NA,NA,NA,NA,NA,NA,NA,NA,NA,NA,NA,NA,NA,NA,NA,NA,NA,NA,NA,NA,NA,NA,NA,NA,NA
2022,519,1,2100,69,5,16,32,3,17,0,2,3,26,26,NA,NA,1,2,2,1,2,1,0,NA,NA,NA,NA,NA,NA,NA,NA,NA,NA,NA,NA,NA,NA,NA,NA,NA,NA,NA,NA,NA,NA,NA,NA,NA
2022,520,1,735,57,1,18,49,4,9,NA,2,1,26,0,1,1,2,1,2,1,1,1,7,NA,NA,NA,NA,NA,NA,NA,NA,NA,NA,NA,NA,NA,NA,NA,NA,NA,NA,NA,NA,NA,NA,NA,NA,NA
2022,521,5,6230,44,5,12,65,1,NA,NA,1,2,1,0,NA,NA,2,1,NA,NA,NA,NA,0,NA,NA,NA,NA,NA,NA,NA,NA,NA,NA,NA,NA,NA,NA,NA,NA,NA,NA,NA,NA,NA,NA,NA,NA,NA
2022,522,1,4110,31,5,16,23,3,8,0,2,1,14,12,NA,1,2,1,2,1,1,3,4,NA,NA,NA,NA,NA,NA,NA,NA,NA,NA,NA,NA,NA,NA,NA,NA,NA,NA,NA,NA,NA,NA,NA,NA,NA
2022,523,1,1815,36,1,20,41,4,43,1,2,3,26,26,1,1,2,2,3,1,1,3,0,1,1,1,2,2,1,2,2,2,2,2,1,1,1,1,1,2,1,4,4,4,4,4,1,2
2022,524,2,5240,31,5,12,21,1,NA,0,2,2,23,13,NA,NA,2,2,NA,NA,NA,NA,5,NA,NA,NA,NA,NA,NA,NA,NA,NA,NA,NA,NA,NA,NA,NA,NA,NA,NA,NA,NA,NA,NA,NA,NA,NA
2022,525,5,3600,48,1,11,66,0,NA,NA,2,2,13,0,1,1,1,3,2,1,1,1,5,NA,NA,NA,NA,NA,NA,NA,NA,NA,NA,NA,NA,NA,NA,NA,NA,NA,NA,NA,NA,NA,NA,NA,NA,NA
2022,526,8,NA,NA,2,20,36,3,NA,2,2,NA,26,NA,3,3,NA,1,NA,NA,NA,NA,5,1,1,1,1,1,1,1,1,1,1,1,1,1,2,1,1,2,1,1,1,1,1,1,1,1
2022,527,1,NA,NA,NA,14,NA,1,NA,NA,2,1,NA,NA,NA,NA,2,1,NA,NA,NA,NA,0,2,1,1,2,1,1,1,1,1,1,1,1,1,4,4,3,3,3,2,1,2,2,2,2,3
2022,528,1,4920,49,5,14,24,2,16,1,2,2,5,5,NA,1,2,1,NA,NA,NA,NA,5,NA,NA,NA,NA,NA,NA,NA,NA,NA,NA,NA,NA,NA,NA,NA,NA,NA,NA,NA,NA,NA,NA,NA,NA,NA
2022,529,6,3620,55,1,13,24,1,NA,NA,2,1,20,19,NA,2,2,3,NA,NA,NA,NA,8,NA,NA,NA,NA,NA,NA,NA,NA,NA,NA,NA,NA,NA,NA,NA,NA,NA,NA,NA,NA,NA,NA,NA,NA,NA
2022,530,1,220,53,1,14,45,2,9,2,1,1,26,26,2,2,1,2,1,1,3,1,5,2,2,2,NA,2,2,2,2,1,2,2,1,1,3,4,4,4,4,4,1,1,1,2,4,1
2022,531,1,800,60,3,18,49,4,9,NA,2,2,24,24,1,1,1,1,NA,NA,NA,NA,2,NA,NA,NA,NA,NA,NA,NA,NA,NA,NA,NA,NA,NA,NA,NA,NA,NA,NA,NA,NA,NA,NA,NA,NA,NA
2022,532,3,6230,44,5,12,26,1,NA,NA,1,NA,21,21,NA,NA,1,1,NA,NA,NA,NA,5,NA,NA,NA,NA,NA,NA,NA,NA,NA,NA,NA,NA,NA,NA,NA,NA,NA,NA,NA,NA,NA,NA,NA,NA,NA
2022,533,1,3649,53,5,14,NA,1,NA,1,2,2,18,18,1,1,3,1,3,2,1,1,7,2,2,2,NA,2,1,2,2,1,2,2,2,2,4,4,4,4,1,4,4,4,4,4,4,4
2022,534,2,9620,25,5,13,23,1,NA,NA,1,2,18,5,NA,1,3,3,3,1,2,1,5,NA,NA,NA,NA,NA,NA,NA,NA,NA,NA,NA,NA,NA,NA,NA,NA,NA,NA,NA,NA,NA,NA,NA,NA,NA
2022,535,4,3060,80,1,16,47,4,9,NA,2,3,26,24,1,1,2,2,NA,NA,NA,NA,0,NA,NA,NA,NA,NA,NA,NA,NA,NA,NA,NA,NA,NA,NA,NA,NA,NA,NA,NA,NA,NA,NA,NA,NA,NA
2022,536,7,3160,65,1,19,NA,4,34,NA,1,3,NA,0,NA,1,1,1,NA,NA,NA,NA,5,NA,NA,NA,NA,NA,NA,NA,NA,NA,NA,NA,NA,NA,NA,NA,NA,NA,NA,NA,NA,NA,NA,NA,NA,NA
2022,537,1,NA,NA,1,13,42,1,NA,NA,1,1,26,NA,1,1,1,2,3,1,1,1,5,NA,NA,NA,NA,NA,NA,NA,NA,NA,NA,NA,NA,NA,NA,NA,NA,NA,NA,NA,NA,NA,NA,NA,NA,NA
2022,538,7,NA,NA,1,13,46,1,NA,NA,2,1,24,NA,2,3,2,3,NA,NA,NA,NA,8,NA,NA,NA,NA,NA,NA,NA,NA,NA,NA,NA,NA,NA,NA,NA,NA,NA,NA,NA,NA,NA,NA,NA,NA,NA
2022,539,1,2825,46,1,16,54,3,25,0,1,1,26,26,1,1,2,2,2,1,1,2,7,NA,NA,NA,NA,NA,NA,NA,NA,NA,NA,NA,NA,NA,NA,NA,NA,NA,NA,NA,NA,NA,NA,NA,NA,NA
2022,540,4,5240,31,5,14,42,1,NA,NA,1,3,17,17,1,1,3,3,3,1,2,3,5,NA,NA,NA,NA,NA,NA,NA,NA,NA,NA,NA,NA,NA,NA,NA,NA,NA,NA,NA,NA,NA,NA,NA,NA,NA
2022,541,1,5120,45,5,13,53,1,NA,NA,2,2,NA,NA,NA,NA,2,3,3,1,NA,1,5,NA,NA,NA,NA,NA,NA,NA,NA,NA,NA,NA,NA,NA,NA,NA,NA,NA,NA,NA,NA,NA,NA,NA,NA,NA
2022,542,1,6260,28,5,8,33,0,NA,NA,1,3,10,10,NA,NA,2,1,NA,NA,NA,NA,0,NA,NA,NA,NA,NA,NA,NA,NA,NA,NA,NA,NA,NA,NA,NA,NA,NA,NA,NA,NA,NA,NA,NA,NA,NA
2022,543,4,4230,25,1,12,NA,1,NA,NA,2,1,NA,NA,NA,NA,2,2,2,3,1,3,5,NA,NA,NA,NA,NA,NA,NA,NA,NA,NA,NA,NA,NA,NA,NA,NA,NA,NA,NA,NA,NA,NA,NA,NA,NA
2022,544,1,8740,39,5,16,NA,3,9,NA,1,2,20,20,2,1,2,1,2,2,2,2,5,NA,NA,NA,NA,NA,NA,NA,NA,NA,NA,NA,NA,NA,NA,NA,NA,NA,NA,NA,NA,NA,NA,NA,NA,NA
2022,545,1,1020,60,5,17,35,4,18,NA,2,1,24,24,NA,1,2,2,2,1,1,2,8,NA,NA,NA,NA,NA,NA,NA,NA,NA,NA,NA,NA,NA,NA,NA,NA,NA,NA,NA,NA,NA,NA,NA,NA,NA
2022,546,1,10,72,1,16,63,3,61,NA,2,1,26,26,2,NA,1,1,3,2,1,1,9,NA,NA,NA,NA,NA,NA,NA,NA,NA,NA,NA,NA,NA,NA,NA,NA,NA,NA,NA,NA,NA,NA,NA,NA,NA
2022,547,2,230,59,1,17,79,3,18,4,1,1,22,9,1,1,2,3,1,1,2,2,3,NA,NA,NA,NA,NA,NA,NA,NA,NA,NA,NA,NA,NA,NA,NA,NA,NA,NA,NA,NA,NA,NA,NA,NA,NA
2022,548,1,10,72,1,18,58,4,9,NA,1,1,26,26,2,2,2,2,2,3,1,1,5,1,2,2,2,2,1,2,2,1,1,1,2,1,1,2,2,4,2,4,2,2,2,2,4,2
2022,549,2,NA,NA,5,12,18,1,NA,NA,2,2,12,NA,NA,NA,2,2,1,1,3,1,5,NA,NA,NA,NA,NA,NA,NA,NA,NA,NA,NA,NA,NA,NA,NA,NA,NA,NA,NA,NA,NA,NA,NA,NA,NA
2022,550,1,9360,24,3,17,68,1,NA,NA,1,1,13,13,2,2,3,3,1,1,1,1,2,NA,NA,NA,NA,NA,NA,NA,NA,NA,NA,NA,NA,NA,NA,NA,NA,NA,NA,NA,NA,NA,NA,NA,NA,NA
2022,551,5,4030,21,1,13,67,1,NA,NA,2,1,13,0,2,2,3,4,3,2,1,1,5,NA,NA,NA,NA,NA,NA,NA,NA,NA,NA,NA,NA,NA,NA,NA,NA,NA,NA,NA,NA,NA,NA,NA,NA,NA
2022,552,1,4920,49,1,14,65,1,NA,NA,2,1,23,23,2,2,1,2,NA,NA,NA,NA,5,NA,NA,NA,NA,NA,NA,NA,NA,NA,NA,NA,NA,NA,NA,NA,NA,NA,NA,NA,NA,NA,NA,NA,NA,NA
2022,553,5,5700,47,3,16,72,1,NA,NA,2,1,20,0,1,1,2,2,NA,NA,NA,NA,5,NA,NA,NA,NA,NA,NA,NA,NA,NA,NA,NA,NA,NA,NA,NA,NA,NA,NA,NA,NA,NA,NA,NA,NA,NA
2022,554,1,NA,NA,1,16,NA,3,NA,NA,2,1,21,21,NA,NA,2,2,NA,NA,NA,NA,5,NA,NA,NA,NA,NA,NA,NA,NA,NA,NA,NA,NA,NA,NA,NA,NA,NA,NA,NA,NA,NA,NA,NA,NA,NA
2022,555,5,230,59,1,20,61,4,16,4,1,1,26,24,1,1,2,2,NA,NA,NA,NA,2,1,1,2,2,2,1,1,1,1,2,2,2,2,2,2,3,4,2,3,1,1,4,4,4,2
2022,556,1,4600,35,1,14,60,1,NA,NA,2,1,20,18,2,NA,2,2,NA,NA,NA,NA,5,NA,NA,NA,NA,NA,NA,NA,NA,NA,NA,NA,NA,NA,NA,NA,NA,NA,NA,NA,NA,NA,NA,NA,NA,NA
2022,557,1,1650,63,5,16,31,3,8,0,2,1,19,NA,NA,NA,2,2,NA,NA,NA,NA,0,2,1,1,1,2,1,1,2,2,2,2,2,1,1,1,1,4,3,1,4,4,4,4,4,2
2022,558,5,340,42,4,20,77,3,63,1,1,1,23,0,1,1,2,3,2,1,1,1,5,1,1,1,1,1,2,2,1,1,2,1,1,2,1,1,1,2,2,4,2,2,4,2,2,2
2022,559,1,5260,36,2,14,74,1,NA,NA,2,1,20,20,1,1,3,2,3,1,1,1,1,NA,NA,NA,NA,NA,NA,NA,NA,NA,NA,NA,NA,NA,NA,NA,NA,NA,NA,NA,NA,NA,NA,NA,NA,NA
2022,560,5,4220,24,2,17,82,3,9,3,2,3,12,0,1,1,3,3,3,1,1,1,NA,NA,NA,NA,NA,NA,NA,NA,NA,NA,NA,NA,NA,NA,NA,NA,NA,NA,NA,NA,NA,NA,NA,NA,NA,NA
2022,561,6,2810,54,5,16,27,3,12,0,2,1,13,13,NA,2,1,2,2,1,1,1,2,NA,NA,NA,NA,NA,NA,NA,NA,NA,NA,NA,NA,NA,NA,NA,NA,NA,NA,NA,NA,NA,NA,NA,NA,NA
2022,562,1,1020,60,5,16,28,3,62,NA,1,1,25,NA,1,1,1,1,2,1,1,2,1,NA,NA,NA,NA,NA,NA,NA,NA,NA,NA,NA,NA,NA,NA,NA,NA,NA,NA,NA,NA,NA,NA,NA,NA,NA
2022,563,1,735,57,5,16,23,3,41,0,1,1,22,22,NA,1,2,2,NA,NA,NA,NA,2,NA,NA,NA,NA,NA,NA,NA,NA,NA,NA,NA,NA,NA,NA,NA,NA,NA,NA,NA,NA,NA,NA,NA,NA,NA
2022,564,1,2750,51,1,16,NA,3,35,NA,2,1,21,21,NA,1,2,2,2,1,1,1,1,NA,NA,NA,NA,NA,NA,NA,NA,NA,NA,NA,NA,NA,NA,NA,NA,NA,NA,NA,NA,NA,NA,NA,NA,NA
2022,565,1,710,51,3,20,37,4,17,0,1,1,26,26,1,1,2,1,NA,NA,NA,NA,1,1,1,1,1,2,1,2,2,1,2,2,2,1,1,1,1,4,2,4,4,2,4,4,2,2
2022,566,2,710,51,1,18,73,4,NA,0,1,1,20,14,NA,NA,2,2,NA,NA,NA,NA,1,NA,NA,NA,NA,NA,NA,NA,NA,NA,NA,NA,NA,NA,NA,NA,NA,NA,NA,NA,NA,NA,NA,NA,NA,NA
2022,567,1,NA,NA,1,16,NA,3,49,NA,2,1,26,25,1,1,1,1,2,1,2,1,5,NA,NA,NA,NA,NA,NA,NA,NA,NA,NA,NA,NA,NA,NA,NA,NA,NA,NA,NA,NA,NA,NA,NA,NA,NA
2022,568,1,1650,63,1,20,52,4,38,NA,1,1,26,26,NA,NA,1,1,2,1,1,1,0,NA,NA,NA,NA,NA,NA,NA,NA,NA,NA,NA,NA,NA,NA,NA,NA,NA,NA,NA,NA,NA,NA,NA,NA,NA
2022,569,6,9830,62,5,14,24,1,NA,0,1,1,2,2,2,3,3,2,1,1,1,3,3,2,2,2,NA,1,1,2,1,1,2,1,2,2,3,3,3,3,3,3,3,3,3,3,3,3
2022,570,1,930,39,5,16,24,3,1,0,2,3,20,20,1,1,1,2,3,1,1,1,1,1,1,2,1,1,1,2,1,NA,2,NA,1,2,3,3,2,1,1,2,3,3,2,2,1,2
2022,571,1,740,33,5,16,25,3,14,NA,1,1,21,21,1,1,2,2,2,1,1,3,1,NA,NA,NA,NA,NA,NA,NA,NA,NA,NA,NA,NA,NA,NA,NA,NA,NA,NA,NA,NA,NA,NA,NA,NA,NA
2022,572,1,1610,73,5,12,31,1,NA,NA,1,3,NA,24,NA,NA,2,2,NA,NA,NA,NA,0,NA,NA,NA,NA,NA,NA,NA,NA,NA,NA,NA,NA,NA,NA,NA,NA,NA,NA,NA,NA,NA,NA,NA,NA,NA
2022,573,1,3060,80,1,16,39,4,34,2,1,1,26,26,1,1,1,1,2,1,1,3,4,1,1,1,1,1,1,2,1,1,2,1,1,2,1,1,2,3,2,4,3,3,3,3,3,4
2022,574,1,2320,64,3,16,41,3,7,NA,2,1,18,18,2,2,2,1,NA,NA,NA,NA,1,NA,NA,NA,NA,NA,NA,NA,NA,NA,NA,NA,NA,NA,NA,NA,NA,NA,NA,NA,NA,NA,NA,NA,NA,NA
2022,575,4,4000,50,1,14,42,1,NA,NA,2,1,3,3,2,2,3,3,1,2,1,1,1,NA,NA,NA,NA,NA,NA,NA,NA,NA,NA,NA,NA,NA,NA,NA,NA,NA,NA,NA,NA,NA,NA,NA,NA,NA
2022,576,1,7210,42,5,12,37,1,NA,NA,1,1,22,22,2,2,3,3,2,3,2,3,1,NA,NA,NA,NA,NA,NA,NA,NA,NA,NA,NA,NA,NA,NA,NA,NA,NA,NA,NA,NA,NA,NA,NA,NA,NA
2022,577,1,2010,54,5,16,43,3,23,1,2,1,18,18,NA,2,2,1,3,1,3,3,1,NA,NA,NA,NA,NA,NA,NA,NA,NA,NA,NA,NA,NA,NA,NA,NA,NA,NA,NA,NA,NA,NA,NA,NA,NA
2022,578,1,6355,49,1,12,33,1,NA,NA,1,1,26,26,1,2,1,3,NA,NA,NA,NA,1,NA,NA,NA,NA,NA,NA,NA,NA,NA,NA,NA,NA,NA,NA,NA,NA,NA,NA,NA,NA,NA,NA,NA,NA,NA
2022,579,7,3258,72,1,16,33,4,36,NA,2,1,26,8,1,1,1,1,3,1,1,1,1,2,2,2,NA,2,2,2,1,1,2,2,2,2,4,4,4,4,4,4,1,1,4,4,4,4
2022,580,1,360,63,1,16,38,4,9,NA,1,1,26,26,1,1,3,2,NA,NA,NA,NA,1,NA,NA,NA,NA,NA,NA,NA,NA,NA,NA,NA,NA,NA,NA,NA,NA,NA,NA,NA,NA,NA,NA,NA,NA,NA
2022,581,1,3060,80,1,16,58,3,8,NA,2,2,NA,NA,2,2,2,1,1,3,1,1,1,NA,NA,NA,NA,NA,NA,NA,NA,NA,NA,NA,NA,NA,NA,NA,NA,NA,NA,NA,NA,NA,NA,NA,NA,NA
2022,582,7,2310,61,2,18,85,4,16,NA,2,1,12,0,1,1,2,2,3,1,1,1,1,NA,NA,NA,NA,NA,NA,NA,NA,NA,NA,NA,NA,NA,NA,NA,NA,NA,NA,NA,NA,NA,NA,NA,NA,NA
2022,583,2,2110,75,3,20,70,4,29,1,2,1,22,17,1,1,2,2,NA,NA,NA,NA,1,2,1,2,1,1,1,1,2,1,2,1,1,1,1,1,4,2,2,3,2,2,2,2,2,2
2022,584,1,120,53,1,18,47,4,9,NA,1,1,26,26,1,1,2,2,NA,NA,NA,NA,0,NA,NA,NA,NA,NA,NA,NA,NA,NA,NA,NA,NA,NA,NA,NA,NA,NA,NA,NA,NA,NA,NA,NA,NA,NA
2022,585,1,4840,43,1,16,57,3,18,NA,1,1,26,24,1,1,1,1,NA,NA,NA,NA,1,NA,NA,NA,NA,NA,NA,NA,NA,NA,NA,NA,NA,NA,NA,NA,NA,NA,NA,NA,NA,NA,NA,NA,NA,NA
2022,586,1,3255,64,1,14,59,2,36,NA,2,1,26,23,1,1,2,2,NA,NA,NA,NA,1,NA,NA,NA,NA,NA,NA,NA,NA,NA,NA,NA,NA,NA,NA,NA,NA,NA,NA,NA,NA,NA,NA,NA,NA,NA
2022,587,6,NA,NA,5,11,18,0,NA,NA,1,1,NA,0,NA,NA,2,1,NA,NA,NA,NA,1,NA,NA,NA,NA,NA,NA,NA,NA,NA,NA,NA,NA,NA,NA,NA,NA,NA,NA,NA,NA,NA,NA,NA,NA,NA
2022,588,1,1700,75,1,16,36,3,41,2,1,1,26,26,3,1,1,2,1,1,1,2,9,2,1,1,1,2,2,2,2,2,2,2,2,2,1,1,1,1,1,1,1,1,1,1,1,1
2022,589,1,710,51,1,18,34,4,9,NA,1,1,26,26,3,3,1,1,2,1,2,2,4,NA,NA,NA,NA,NA,NA,NA,NA,NA,NA,NA,NA,NA,NA,NA,NA,NA,NA,NA,NA,NA,NA,NA,NA,NA
2022,590,1,800,60,3,16,43,3,1,1,2,3,20,20,NA,NA,3,2,NA,NA,NA,NA,0,1,1,1,1,1,1,1,1,1,1,1,1,1,1,1,1,1,2,1,2,1,2,1,1,1
2022,591,1,50,53,1,16,31,3,9,NA,2,1,26,21,1,1,2,2,3,1,1,1,1,NA,NA,NA,NA,NA,NA,NA,NA,NA,NA,NA,NA,NA,NA,NA,NA,NA,NA,NA,NA,NA,NA,NA,NA,NA
2022,592,5,5240,31,5,20,72,3,14,0,1,1,10,0,1,1,2,2,NA,NA,NA,NA,1,2,2,2,NA,2,2,2,2,2,2,2,2,2,4,4,4,4,4,4,4,4,4,4,4,4
2022,593,1,2010,54,1,16,51,4,52,1,2,1,24,21,1,1,2,1,NA,NA,NA,NA,2,NA,NA,NA,NA,NA,NA,NA,NA,NA,NA,NA,NA,NA,NA,NA,NA,NA,NA,NA,NA,NA,NA,NA,NA,NA
2022,594,1,735,57,3,18,52,4,9,NA,2,1,24,24,1,1,2,2,2,1,1,1,1,NA,NA,NA,NA,NA,NA,NA,NA,NA,NA,NA,NA,NA,NA,NA,NA,NA,NA,NA,NA,NA,NA,NA,NA,NA
2022,595,5,430,39,1,16,86,3,17,NA,1,1,26,0,1,1,1,2,2,1,1,1,1,NA,NA,NA,NA,NA,NA,NA,NA,NA,NA,NA,NA,NA,NA,NA,NA,NA,NA,NA,NA,NA,NA,NA,NA,NA
2022,596,8,2850,67,3,17,62,4,46,NA,1,1,14,0,1,1,3,4,1,1,2,2,1,NA,NA,NA,NA,NA,NA,NA,NA,NA,NA,NA,NA,NA,NA,NA,NA,NA,NA,NA,NA,NA,NA,NA,NA,NA
2022,597,6,2310,61,5,17,26,4,16,NA,1,1,24,16,1,1,2,1,2,1,1,1,2,1,1,1,1,2,1,1,1,1,2,2,2,1,1,1,1,2,2,4,3,2,4,4,4,2
2022,598,1,1760,42,1,16,56,4,8,NA,1,3,26,24,NA,NA,2,2,1,2,2,1,0,2,2,2,NA,2,1,1,2,1,1,1,1,1,4,3,4,4,2,2,2,1,2,1,4,4
2022,599,4,4250,37,5,16,41,4,80,NA,1,1,10,0,NA,NA,3,3,NA,NA,NA,NA,1,NA,NA,NA,NA,NA,NA,NA,NA,NA,NA,NA,NA,NA,NA,NA,NA,NA,NA,NA,NA,NA,NA,NA,NA,NA
2022,600,1,2200,74,5,20,28,4,18,0,1,1,15,15,NA,1,2,1,NA,NA,NA,NA,6,NA,NA,NA,NA,NA,NA,NA,NA,NA,NA,NA,NA,NA,NA,NA,NA,NA,NA,NA,NA,NA,NA,NA,NA,NA
2022,601,1,1760,42,5,17,28,4,43,NA,NA,1,20,15,1,1,3,2,NA,NA,NA,NA,0,1,2,2,2,1,1,2,2,1,2,2,2,2,1,4,4,2,3,4,2,4,4,4,4,4
2022,602,5,2860,56,5,18,NA,4,19,NA,1,1,10,0,NA,NA,3,3,NA,2,2,2,0,NA,NA,NA,NA,NA,NA,NA,NA,NA,NA,NA,NA,NA,NA,NA,NA,NA,NA,NA,NA,NA,NA,NA,NA,NA
2022,603,1,430,39,5,20,NA,4,NA,NA,1,3,NA,NA,NA,NA,2,1,NA,NA,NA,NA,1,1,1,1,1,1,1,1,1,1,2,2,2,1,3,1,3,2,2,3,3,NA,NA,2,3,2
2022,604,1,3300,61,5,14,42,1,NA,NA,2,1,19,19,2,2,1,2,1,1,1,1,1,NA,NA,NA,NA,NA,NA,NA,NA,NA,NA,NA,NA,NA,NA,NA,NA,NA,NA,NA,NA,NA,NA,NA,NA,NA
2022,605,3,NA,NA,5,15,NA,1,NA,1,2,3,NA,0,NA,NA,1,2,3,1,1,1,1,NA,NA,NA,NA,NA,NA,NA,NA,NA,NA,NA,NA,NA,NA,NA,NA,NA,NA,NA,NA,NA,NA,NA,NA,NA
2022,606,8,520,45,2,12,62,1,NA,1,2,1,3,0,1,1,3,2,NA,1,1,1,1,2,1,1,2,2,1,2,1,1,2,2,2,2,4,4,2,4,4,4,2,4,4,4,4,4
2022,607,4,NA,NA,1,0,51,0,NA,NA,NA,3,NA,NA,NA,NA,1,1,NA,NA,NA,NA,1,NA,NA,NA,NA,NA,NA,NA,NA,NA,NA,NA,NA,NA,NA,NA,NA,NA,NA,NA,NA,NA,NA,NA,NA,NA
2022,608,1,1007,63,1,19,45,4,29,NA,1,1,26,25,1,1,2,2,1,1,1,2,2,NA,NA,NA,NA,NA,NA,NA,NA,NA,NA,NA,NA,NA,NA,NA,NA,NA,NA,NA,NA,NA,NA,NA,NA,NA
2022,609,1,1760,42,1,16,32,4,8,0,2,1,19,19,1,1,2,1,NA,NA,NA,NA,2,1,1,2,1,2,1,1,1,1,1,2,2,1,3,3,4,3,1,2,1,1,2,2,2,1
2022,610,1,2300,53,5,12,25,1,NA,NA,1,1,NA,NA,NA,NA,3,3,3,1,1,1,1,NA,NA,NA,NA,NA,NA,NA,NA,NA,NA,NA,NA,NA,NA,NA,NA,NA,NA,NA,NA,NA,NA,NA,NA,NA
2022,611,1,4920,49,2,14,62,1,NA,NA,2,1,26,26,1,1,1,1,NA,NA,NA,NA,0,NA,NA,NA,NA,NA,NA,NA,NA,NA,NA,NA,NA,NA,NA,NA,NA,NA,NA,NA,NA,NA,NA,NA,NA,NA
2022,612,2,2910,48,1,16,46,3,7,2,2,1,26,9,1,1,2,2,NA,NA,NA,NA,1,NA,NA,NA,NA,NA,NA,NA,NA,NA,NA,NA,NA,NA,NA,NA,NA,NA,NA,NA,NA,NA,NA,NA,NA,NA
2022,613,7,3649,53,5,14,33,2,55,2,2,1,14,0,NA,NA,2,3,2,1,1,2,1,1,2,1,1,2,2,1,1,1,2,2,1,2,2,2,3,3,4,3,2,2,2,2,2,2
2022,614,5,2300,53,1,16,71,3,16,3,2,1,20,0,1,1,1,2,NA,NA,NA,NA,1,1,1,1,1,1,1,2,2,1,2,2,1,2,1,1,1,1,2,2,3,2,3,3,2,4
2022,615,1,3160,65,1,17,56,3,55,NA,2,1,24,20,1,1,2,2,2,1,1,1,1,NA,NA,NA,NA,NA,NA,NA,NA,NA,NA,NA,NA,NA,NA,NA,NA,NA,NA,NA,NA,NA,NA,NA,NA,NA
2022,616,1,5120,45,5,12,31,1,NA,0,2,1,18,18,2,1,3,3,NA,NA,NA,NA,1,NA,NA,NA,NA,NA,NA,NA,NA,NA,NA,NA,NA,NA,NA,NA,NA,NA,NA,NA,NA,NA,NA,NA,NA,NA
2022,617,5,4250,37,2,12,86,1,NA,NA,1,1,20,0,1,1,2,3,NA,NA,NA,NA,1,NA,NA,NA,NA,NA,NA,NA,NA,NA,NA,NA,NA,NA,NA,NA,NA,NA,NA,NA,NA,NA,NA,NA,NA,NA
2022,618,1,1350,71,5,16,27,3,18,NA,1,3,21,20,3,1,2,2,NA,NA,NA,NA,1,NA,NA,NA,NA,NA,NA,NA,NA,NA,NA,NA,NA,NA,NA,NA,NA,NA,NA,NA,NA,NA,NA,NA,NA,NA
2022,619,5,2630,46,1,12,78,1,NA,NA,1,1,18,0,2,2,2,2,NA,NA,NA,NA,1,NA,NA,NA,NA,NA,NA,NA,NA,NA,NA,NA,NA,NA,NA,NA,NA,NA,NA,NA,NA,NA,NA,NA,NA,NA
2022,620,5,2040,66,3,19,74,4,47,NA,2,1,23,0,1,1,2,2,NA,NA,NA,NA,2,NA,NA,NA,NA,NA,NA,NA,NA,NA,NA,NA,NA,NA,NA,NA,NA,NA,NA,NA,NA,NA,NA,NA,NA,NA
2022,621,1,5620,25,5,13,33,1,NA,NA,1,1,24,20,1,1,3,3,2,1,1,1,1,NA,NA,NA,NA,NA,NA,NA,NA,NA,NA,NA,NA,NA,NA,NA,NA,NA,NA,NA,NA,NA,NA,NA,NA,NA
2022,622,5,3010,72,1,20,72,4,15,NA,2,1,26,0,1,1,3,2,NA,NA,NA,NA,2,1,1,2,1,2,1,2,2,2,2,2,1,1,1,1,4,4,2,4,4,4,1,4,4,1
2022,623,2,2310,61,1,18,74,4,16,NA,2,1,20,10,1,1,2,2,2,1,1,1,1,NA,NA,NA,NA,NA,NA,NA,NA,NA,NA,NA,NA,NA,NA,NA,NA,NA,NA,NA,NA,NA,NA,NA,NA,NA
2022,624,8,9130,35,5,12,59,1,NA,NA,1,1,14,0,2,2,2,3,NA,NA,NA,NA,1,NA,NA,NA,NA,NA,NA,NA,NA,NA,NA,NA,NA,NA,NA,NA,NA,NA,NA,NA,NA,NA,NA,NA,NA,NA
2022,625,1,5240,31,1,12,27,0,NA,NA,2,1,21,15,NA,NA,3,3,NA,NA,NA,NA,9,NA,NA,NA,NA,NA,NA,NA,NA,NA,NA,NA,NA,NA,NA,NA,NA,NA,NA,NA,NA,NA,NA,NA,NA,NA
2022,626,7,4760,31,5,14,21,1,NA,0,2,1,18,0,NA,1,1,2,2,1,1,2,9,NA,NA,NA,NA,NA,NA,NA,NA,NA,NA,NA,NA,NA,NA,NA,NA,NA,NA,NA,NA,NA,NA,NA,NA,NA
2022,627,2,4030,21,5,13,34,1,NA,NA,2,3,12,11,NA,NA,3,3,2,1,1,1,1,1,1,2,1,1,1,1,1,1,2,2,2,2,3,3,3,3,3,3,3,3,3,3,3,3
2022,628,1,2010,54,3,14,NA,2,53,NA,NA,1,NA,0,NA,NA,2,2,3,1,1,2,1,NA,NA,NA,NA,NA,NA,NA,NA,NA,NA,NA,NA,NA,NA,NA,NA,NA,NA,NA,NA,NA,NA,NA,NA,NA
2022,629,1,8740,39,1,14,66,1,NA,4,1,1,19,18,1,1,3,2,NA,NA,NA,NA,1,2,2,2,NA,2,1,2,2,1,2,2,2,2,3,4,4,2,2,4,4,4,4,4,4,4
2022,630,3,3600,48,5,12,28,1,NA,NA,2,3,21,21,NA,NA,2,2,NA,NA,NA,NA,0,NA,NA,NA,NA,NA,NA,NA,NA,NA,NA,NA,NA,NA,NA,NA,NA,NA,NA,NA,NA,NA,NA,NA,NA,NA
2022,631,5,430,39,1,14,56,1,NA,1,1,1,24,0,2,2,1,2,NA,NA,NA,NA,1,2,2,2,NA,2,2,2,2,1,2,2,2,2,2,3,3,4,4,4,4,4,4,4,4,4
2022,632,1,4250,37,5,17,52,3,3,0,1,1,24,24,NA,NA,3,1,3,1,3,1,1,2,2,2,NA,2,1,2,2,1,2,2,2,2,4,4,4,4,1,4,3,3,4,4,4,4
2022,633,1,2840,55,1,16,42,3,19,NA,2,1,22,20,1,1,1,2,NA,NA,NA,NA,1,NA,NA,NA,NA,NA,NA,NA,NA,NA,NA,NA,NA,NA,NA,NA,NA,NA,NA,NA,NA,NA,NA,NA,NA,NA
2022,634,5,160,44,2,14,67,1,NA,NA,1,1,21,0,1,1,2,2,NA,NA,NA,NA,1,NA,NA,NA,NA,NA,NA,NA,NA,NA,NA,NA,NA,NA,NA,NA,NA,NA,NA,NA,NA,NA,NA,NA,NA,NA
2022,635,1,2310,61,3,18,NA,4,16,NA,2,1,21,21,1,NA,2,2,NA,NA,NA,NA,1,NA,NA,NA,NA,NA,NA,NA,NA,NA,NA,NA,NA,NA,NA,NA,NA,NA,NA,NA,NA,NA,NA,NA,NA,NA
2022,636,5,5620,25,3,16,59,1,NA,NA,2,1,12,0,NA,NA,2,2,1,2,2,1,1,NA,NA,NA,NA,NA,NA,NA,NA,NA,NA,NA,NA,NA,NA,NA,NA,NA,NA,NA,NA,NA,NA,NA,NA,NA
2022,637,1,7010,49,1,16,61,3,14,NA,1,1,26,20,1,1,2,2,1,1,1,1,1,NA,NA,NA,NA,NA,NA,NA,NA,NA,NA,NA,NA,NA,NA,NA,NA,NA,NA,NA,NA,NA,NA,NA,NA,NA
2022,638,8,20,50,1,16,52,3,59,5,2,3,26,4,2,2,1,2,NA,NA,NA,NA,1,1,1,1,1,1,2,2,1,1,2,2,1,2,1,2,2,1,2,2,2,2,2,2,2,2
2022,639,4,8965,35,5,17,33,3,62,NA,2,1,18,0,1,3,3,3,NA,NA,NA,NA,1,NA,NA,NA,NA,NA,NA,NA,NA,NA,NA,NA,NA,NA,NA,NA,NA,NA,NA,NA,NA,NA,NA,NA,NA,NA
2022,640,1,230,59,1,16,54,3,18,NA,1,1,26,26,1,1,2,1,NA,NA,NA,NA,2,NA,NA,NA,NA,NA,NA,NA,NA,NA,NA,NA,NA,NA,NA,NA,NA,NA,NA,NA,NA,NA,NA,NA,NA,NA
2022,641,1,4710,48,1,14,53,1,NA,NA,1,1,22,22,2,2,1,2,NA,NA,NA,NA,1,NA,NA,NA,NA,NA,NA,NA,NA,NA,NA,NA,NA,NA,NA,NA,NA,NA,NA,NA,NA,NA,NA,NA,NA,NA
2022,642,1,10,72,1,16,51,3,42,2,1,1,26,23,3,1,2,1,2,2,2,2,1,NA,NA,NA,NA,NA,NA,NA,NA,NA,NA,NA,NA,NA,NA,NA,NA,NA,NA,NA,NA,NA,NA,NA,NA,NA
2022,643,5,5700,47,3,12,75,1,NA,NA,2,1,17,0,2,1,2,2,NA,NA,NA,NA,1,NA,NA,NA,NA,NA,NA,NA,NA,NA,NA,NA,NA,NA,NA,NA,NA,NA,NA,NA,NA,NA,NA,NA,NA,NA
2022,644,2,4850,45,5,19,29,3,19,NA,1,1,21,12,NA,1,2,2,2,1,1,1,1,NA,NA,NA,NA,NA,NA,NA,NA,NA,NA,NA,NA,NA,NA,NA,NA,NA,NA,NA,NA,NA,NA,NA,NA,NA
2022,645,1,9110,45,3,14,65,2,NA,2,2,NA,19,18,NA,1,3,2,2,1,2,1,1,2,2,2,NA,2,2,2,1,1,2,2,1,2,4,4,4,4,4,4,1,4,4,1,4,4
2022,646,5,3520,60,3,14,74,2,37,2,1,1,15,0,1,1,2,3,2,1,2,1,1,NA,NA,NA,NA,NA,NA,NA,NA,NA,NA,NA,NA,NA,NA,NA,NA,NA,NA,NA,NA,NA,NA,NA,NA,NA
2022,647,1,8450,34,1,12,61,1,NA,0,1,1,21,19,2,1,2,1,1,1,1,2,1,NA,NA,NA,NA,NA,NA,NA,NA,NA,NA,NA,NA,NA,NA,NA,NA,NA,NA,NA,NA,NA,NA,NA,NA,NA
2022,648,4,3310,56,1,15,52,2,51,NA,2,1,21,4,2,2,2,3,2,1,3,1,1,NA,NA,NA,NA,NA,NA,NA,NA,NA,NA,NA,NA,NA,NA,NA,NA,NA,NA,NA,NA,NA,NA,NA,NA,NA
2022,649,3,2310,61,1,18,44,4,62,NA,2,1,21,7,3,3,2,2,1,1,1,2,2,NA,NA,NA,NA,NA,NA,NA,NA,NA,NA,NA,NA,NA,NA,NA,NA,NA,NA,NA,NA,NA,NA,NA,NA,NA
2022,650,7,4600,35,1,12,69,1,NA,NA,2,1,21,0,2,2,1,2,NA,NA,NA,NA,1,NA,NA,NA,NA,NA,NA,NA,NA,NA,NA,NA,NA,NA,NA,NA,NA,NA,NA,NA,NA,NA,NA,NA,NA,NA
2022,651,1,7200,45,3,12,59,1,NA,NA,1,1,19,15,2,2,2,3,2,1,2,2,1,NA,NA,NA,NA,NA,NA,NA,NA,NA,NA,NA,NA,NA,NA,NA,NA,NA,NA,NA,NA,NA,NA,NA,NA,NA
2022,652,5,800,60,3,18,52,4,9,0,2,1,13,0,1,1,2,1,1,1,1,2,1,2,2,2,NA,1,1,2,1,1,2,2,2,2,4,3,4,1,2,2,1,1,2,4,1,2
2022,653,1,3245,62,1,19,39,4,42,NA,2,1,23,21,NA,NA,1,1,1,1,1,1,1,NA,NA,NA,NA,NA,NA,NA,NA,NA,NA,NA,NA,NA,NA,NA,NA,NA,NA,NA,NA,NA,NA,NA,NA,NA
2022,654,2,2310,61,5,16,38,4,49,0,2,1,25,20,1,1,2,2,NA,NA,NA,NA,8,1,1,1,1,2,1,2,2,1,2,2,2,2,1,1,1,4,2,4,4,2,4,4,4,4
2022,655,1,1020,60,1,16,34,3,18,0,1,1,26,26,3,1,2,3,NA,NA,NA,NA,7,NA,NA,NA,NA,NA,NA,NA,NA,NA,NA,NA,NA,NA,NA,NA,NA,NA,NA,NA,NA,NA,NA,NA,NA,NA
2022,656,5,3060,80,1,18,74,4,34,NA,2,3,23,0,3,3,2,2,NA,NA,NA,NA,0,NA,NA,NA,NA,NA,NA,NA,NA,NA,NA,NA,NA,NA,NA,NA,NA,NA,NA,NA,NA,NA,NA,NA,NA,NA
2022,657,1,110,60,2,18,68,4,9,2,2,1,26,25,1,1,2,1,2,1,1,2,3,1,1,1,2,1,1,1,1,1,1,1,2,1,1,1,1,4,2,1,2,2,2,2,2,2
2022,658,5,5700,47,2,14,82,1,NA,NA,2,1,NA,0,1,1,2,4,3,1,1,1,9,NA,NA,NA,NA,NA,NA,NA,NA,NA,NA,NA,NA,NA,NA,NA,NA,NA,NA,NA,NA,NA,NA,NA,NA,NA
2022,659,1,2710,58,5,16,27,3,33,NA,2,1,20,20,1,1,3,2,NA,NA,NA,NA,3,NA,NA,NA,NA,NA,NA,NA,NA,NA,NA,NA,NA,NA,NA,NA,NA,NA,NA,NA,NA,NA,NA,NA,NA,NA
2022,660,1,NA,NA,5,17,30,4,NA,0,1,1,22,22,NA,NA,2,2,2,1,1,1,0,1,1,1,2,2,1,2,2,1,2,2,2,2,1,2,1,4,2,4,4,2,4,2,4,4
2022,661,1,2100,69,1,20,60,4,18,NA,1,1,26,26,1,1,1,1,2,1,1,1,3,NA,NA,NA,NA,NA,NA,NA,NA,NA,NA,NA,NA,NA,NA,NA,NA,NA,NA,NA,NA,NA,NA,NA,NA,NA
2022,662,5,1010,63,1,18,69,4,35,0,1,1,23,1,1,1,2,2,NA,NA,NA,NA,5,1,1,2,2,2,1,1,1,1,2,2,1,2,3,3,3,4,2,1,1,2,4,4,2,4
2022,663,1,1006,65,3,18,54,4,9,NA,2,1,26,23,1,1,3,2,NA,NA,NA,NA,9,NA,NA,NA,NA,NA,NA,NA,NA,NA,NA,NA,NA,NA,NA,NA,NA,NA,NA,NA,NA,NA,NA,NA,NA,NA
2022,664,5,1010,63,1,18,68,4,42,1,1,1,25,0,3,1,2,3,1,1,1,1,0,NA,NA,NA,NA,NA,NA,NA,NA,NA,NA,NA,NA,NA,NA,NA,NA,NA,NA,NA,NA,NA,NA,NA,NA,NA
2022,665,8,4810,47,1,16,35,4,9,1,2,1,26,26,1,1,1,1,NA,NA,NA,NA,5,NA,NA,NA,NA,NA,NA,NA,NA,NA,NA,NA,NA,NA,NA,NA,NA,NA,NA,NA,NA,NA,NA,NA,NA,NA
2022,666,5,5860,32,1,14,NA,1,NA,NA,1,3,16,0,NA,NA,2,2,3,3,3,3,9,NA,NA,NA,NA,NA,NA,NA,NA,NA,NA,NA,NA,NA,NA,NA,NA,NA,NA,NA,NA,NA,NA,NA,NA,NA
2022,667,5,5700,47,1,16,74,3,50,NA,2,3,NA,0,1,1,2,1,NA,NA,NA,NA,9,NA,NA,NA,NA,NA,NA,NA,NA,NA,NA,NA,NA,NA,NA,NA,NA,NA,NA,NA,NA,NA,NA,NA,NA,NA
2022,668,1,NA,NA,5,17,62,4,16,NA,1,3,26,26,NA,NA,2,1,NA,NA,NA,NA,9,NA,NA,NA,NA,NA,NA,NA,NA,NA,NA,NA,NA,NA,NA,NA,NA,NA,NA,NA,NA,NA,NA,NA,NA,NA
2022,669,7,4840,43,3,13,80,0,NA,NA,2,1,20,0,1,1,2,1,2,1,1,1,1,NA,NA,NA,NA,NA,NA,NA,NA,NA,NA,NA,NA,NA,NA,NA,NA,NA,NA,NA,NA,NA,NA,NA,NA,NA
2022,670,1,430,39,1,16,47,3,43,NA,1,3,26,25,1,1,2,3,NA,NA,NA,NA,9,NA,NA,NA,NA,NA,NA,NA,NA,NA,NA,NA,NA,NA,NA,NA,NA,NA,NA,NA,NA,NA,NA,NA,NA,NA
2022,671,2,2000,51,3,20,76,4,42,NA,2,1,18,15,1,1,1,2,NA,NA,NA,NA,1,NA,NA,NA,NA,NA,NA,NA,NA,NA,NA,NA,NA,NA,NA,NA,NA,NA,NA,NA,NA,NA,NA,NA,NA,NA
2022,672,1,800,60,3,17,53,3,9,NA,2,1,24,24,1,1,3,3,3,1,2,1,9,NA,NA,NA,NA,NA,NA,NA,NA,NA,NA,NA,NA,NA,NA,NA,NA,NA,NA,NA,NA,NA,NA,NA,NA,NA
2022,673,4,2630,46,1,16,45,4,12,NA,1,1,1,0,NA,NA,2,2,NA,NA,NA,NA,7,NA,NA,NA,NA,NA,NA,NA,NA,NA,NA,NA,NA,NA,NA,NA,NA,NA,NA,NA,NA,NA,NA,NA,NA,NA
2022,674,5,850,63,3,16,70,3,44,NA,2,1,21,0,1,1,2,2,3,1,1,1,9,NA,NA,NA,NA,NA,NA,NA,NA,NA,NA,NA,NA,NA,NA,NA,NA,NA,NA,NA,NA,NA,NA,NA,NA,NA
2022,675,5,2310,61,1,16,78,3,16,NA,2,1,NA,0,1,1,2,2,2,1,1,1,7,NA,NA,NA,NA,NA,NA,NA,NA,NA,NA,NA,NA,NA,NA,NA,NA,NA,NA,NA,NA,NA,NA,NA,NA,NA
2022,676,1,710,51,1,16,40,3,7,2,2,1,26,23,1,1,2,3,NA,NA,NA,NA,5,NA,NA,NA,NA,NA,NA,NA,NA,NA,NA,NA,NA,NA,NA,NA,NA,NA,NA,NA,NA,NA,NA,NA,NA,NA
2022,677,4,50,53,1,18,53,4,67,NA,2,1,22,0,1,1,2,1,NA,1,1,1,9,NA,NA,NA,NA,NA,NA,NA,NA,NA,NA,NA,NA,NA,NA,NA,NA,NA,NA,NA,NA,NA,NA,NA,NA,NA
2022,678,1,20,50,3,18,38,4,43,NA,2,1,24,24,1,NA,2,1,NA,NA,NA,NA,9,NA,NA,NA,NA,NA,NA,NA,NA,NA,NA,NA,NA,NA,NA,NA,NA,NA,NA,NA,NA,NA,NA,NA,NA,NA
2022,679,8,NA,NA,4,14,41,1,NA,0,1,2,2,NA,NA,NA,3,3,3,1,1,1,4,NA,NA,NA,NA,NA,NA,NA,NA,NA,NA,NA,NA,NA,NA,NA,NA,NA,NA,NA,NA,NA,NA,NA,NA,NA
2022,680,1,640,53,1,17,52,3,47,NA,2,2,25,23,1,1,2,2,3,2,1,1,9,NA,NA,NA,NA,NA,NA,NA,NA,NA,NA,NA,NA,NA,NA,NA,NA,NA,NA,NA,NA,NA,NA,NA,NA,NA
2022,681,1,740,33,1,17,44,3,8,NA,1,2,24,22,3,1,2,2,2,NA,NA,2,9,NA,NA,NA,NA,NA,NA,NA,NA,NA,NA,NA,NA,NA,NA,NA,NA,NA,NA,NA,NA,NA,NA,NA,NA,NA
2022,682,6,4720,28,1,14,33,1,NA,NA,2,3,2,2,NA,NA,2,1,2,2,2,2,0,NA,NA,NA,NA,NA,NA,NA,NA,NA,NA,NA,NA,NA,NA,NA,NA,NA,NA,NA,NA,NA,NA,NA,NA,NA
2022,683,1,1020,60,5,15,44,1,NA,NA,2,2,22,22,1,1,1,2,3,1,1,1,7,NA,NA,NA,NA,NA,NA,NA,NA,NA,NA,NA,NA,NA,NA,NA,NA,NA,NA,NA,NA,NA,NA,NA,NA,NA
2022,684,1,9130,35,5,12,24,1,NA,NA,1,3,22,22,NA,NA,2,3,NA,NA,NA,NA,9,NA,NA,NA,NA,NA,NA,NA,NA,NA,NA,NA,NA,NA,NA,NA,NA,NA,NA,NA,NA,NA,NA,NA,NA,NA
2022,685,4,9260,42,5,12,23,1,NA,NA,1,NA,NA,NA,NA,NA,2,2,NA,NA,NA,NA,9,NA,NA,NA,NA,NA,NA,NA,NA,NA,NA,NA,NA,NA,NA,NA,NA,NA,NA,NA,NA,NA,NA,NA,NA,NA
2022,686,1,8610,47,3,12,57,1,NA,NA,1,2,22,22,1,1,3,3,NA,NA,NA,NA,9,NA,NA,NA,NA,NA,NA,NA,NA,NA,NA,NA,NA,NA,NA,NA,NA,NA,NA,NA,NA,NA,NA,NA,NA,NA
2022,687,1,2810,54,1,14,46,1,NA,2,1,1,26,23,NA,NA,2,2,NA,NA,NA,NA,0,2,1,2,2,2,1,1,2,1,2,2,2,2,4,2,4,4,1,2,2,2,4,4,4,4
2022,688,5,2340,38,3,20,67,4,16,NA,2,1,17,0,1,1,2,2,1,1,1,1,9,NA,NA,NA,NA,NA,NA,NA,NA,NA,NA,NA,NA,NA,NA,NA,NA,NA,NA,NA,NA,NA,NA,NA,NA,NA
2022,689,1,1530,70,3,17,32,4,50,NA,1,1,1,0,NA,1,2,1,NA,NA,NA,NA,0,NA,NA,NA,NA,NA,NA,NA,NA,NA,NA,NA,NA,NA,NA,NA,NA,NA,NA,NA,NA,NA,NA,NA,NA,NA
2022,690,1,4610,48,5,15,46,2,38,NA,2,2,15,15,1,1,3,2,NA,NA,NA,NA,9,NA,NA,NA,NA,NA,NA,NA,NA,NA,NA,NA,NA,NA,NA,NA,NA,NA,NA,NA,NA,NA,NA,NA,NA,NA
2022,691,1,120,53,5,12,41,1,NA,NA,1,1,26,26,2,2,2,2,3,1,1,1,9,NA,NA,NA,NA,NA,NA,NA,NA,NA,NA,NA,NA,NA,NA,NA,NA,NA,NA,NA,NA,NA,NA,NA,NA,NA
2022,692,2,4610,48,5,12,37,1,NA,1,2,3,15,9,3,NA,1,2,NA,NA,NA,NA,9,NA,NA,NA,NA,NA,NA,NA,NA,NA,NA,NA,NA,NA,NA,NA,NA,NA,NA,NA,NA,NA,NA,NA,NA,NA
2022,693,4,430,39,5,16,46,3,14,0,1,3,26,25,NA,NA,2,1,1,2,1,1,0,NA,NA,NA,NA,NA,NA,NA,NA,NA,NA,NA,NA,NA,NA,NA,NA,NA,NA,NA,NA,NA,NA,NA,NA,NA
2022,694,5,430,39,2,3,86,0,NA,NA,2,3,9,0,NA,NA,2,4,NA,NA,NA,NA,0,NA,NA,NA,NA,NA,NA,NA,NA,NA,NA,NA,NA,NA,NA,NA,NA,NA,NA,NA,NA,NA,NA,NA,NA,NA
2022,695,3,2010,54,1,16,41,3,61,NA,2,3,24,19,1,1,1,3,2,1,2,1,9,NA,NA,NA,NA,NA,NA,NA,NA,NA,NA,NA,NA,NA,NA,NA,NA,NA,NA,NA,NA,NA,NA,NA,NA,NA
2022,696,5,20,50,3,20,NA,4,29,2,1,2,9,0,1,1,3,2,NA,NA,NA,NA,9,2,2,2,NA,1,2,2,2,1,2,2,2,2,4,4,4,2,4,4,4,2,4,4,4,4
2022,697,2,3645,51,5,16,21,1,NA,0,2,3,14,3,NA,1,2,2,2,1,1,1,9,NA,NA,NA,NA,NA,NA,NA,NA,NA,NA,NA,NA,NA,NA,NA,NA,NA,NA,NA,NA,NA,NA,NA,NA,NA
2022,698,1,9620,25,1,12,39,1,NA,NA,2,3,24,0,2,3,2,3,3,1,1,1,0,NA,NA,NA,NA,NA,NA,NA,NA,NA,NA,NA,NA,NA,NA,NA,NA,NA,NA,NA,NA,NA,NA,NA,NA,NA
2022,699,1,430,39,1,16,55,4,20,2,1,3,26,26,NA,NA,2,3,2,1,1,1,0,NA,NA,NA,NA,NA,NA,NA,NA,NA,NA,NA,NA,NA,NA,NA,NA,NA,NA,NA,NA,NA,NA,NA,NA,NA
2022,700,1,1020,60,1,16,29,3,14,0,2,1,26,26,NA,3,2,2,2,1,1,2,9,NA,NA,NA,NA,NA,NA,NA,NA,NA,NA,NA,NA,NA,NA,NA,NA,NA,NA,NA,NA,NA,NA,NA,NA,NA
2022,701,1,430,39,5,16,35,2,53,NA,1,3,NA,NA,NA,1,2,2,2,2,2,1,8,NA,NA,NA,NA,NA,NA,NA,NA,NA,NA,NA,NA,NA,NA,NA,NA,NA,NA,NA,NA,NA,NA,NA,NA,NA
2022,702,1,430,39,5,16,28,3,9,NA,2,1,19,19,NA,1,2,3,2,1,1,1,9,NA,NA,NA,NA,NA,NA,NA,NA,NA,NA,NA,NA,NA,NA,NA,NA,NA,NA,NA,NA,NA,NA,NA,NA,NA
2022,703,1,3850,60,5,17,48,3,70,0,2,1,25,25,2,NA,2,2,NA,NA,NA,NA,3,NA,NA,NA,NA,NA,NA,NA,NA,NA,NA,NA,NA,NA,NA,NA,NA,NA,NA,NA,NA,NA,NA,NA,NA,NA
2022,704,5,3140,60,1,14,77,1,NA,2,1,1,22,0,1,1,1,2,NA,NA,NA,NA,9,2,1,2,2,2,1,1,1,1,2,2,2,2,3,3,4,4,1,1,1,2,4,4,4,4
2022,705,5,9610,22,5,3,68,0,NA,NA,1,3,16,13,1,1,1,1,NA,NA,NA,NA,0,NA,NA,NA,NA,NA,NA,NA,NA,NA,NA,NA,NA,NA,NA,NA,NA,NA,NA,NA,NA,NA,NA,NA,NA,NA
2022,706,1,4510,36,5,12,27,1,NA,NA,2,1,NA,NA,2,2,2,2,NA,NA,NA,NA,9,NA,NA,NA,NA,NA,NA,NA,NA,NA,NA,NA,NA,NA,NA,NA,NA,NA,NA,NA,NA,NA,NA,NA,NA,NA
2022,707,5,4510,36,1,11,70,0,NA,NA,2,1,22,0,2,2,2,3,NA,NA,NA,NA,9,NA,NA,NA,NA,NA,NA,NA,NA,NA,NA,NA,NA,NA,NA,NA,NA,NA,NA,NA,NA,NA,NA,NA,NA,NA
2022,708,8,3420,55,1,16,49,1,NA,0,1,2,23,19,2,2,2,4,NA,NA,NA,NA,9,NA,NA,NA,NA,NA,NA,NA,NA,NA,NA,NA,NA,NA,NA,NA,NA,NA,NA,NA,NA,NA,NA,NA,NA,NA
2022,709,5,5360,36,2,12,72,0,NA,2,2,1,18,0,2,2,3,2,NA,NA,NA,NA,9,2,NA,1,2,2,1,1,2,1,2,2,1,2,2,2,2,2,2,2,4,2,4,2,4,4
2022,710,7,NA,NA,1,13,43,1,NA,7,2,1,26,0,1,1,1,2,3,1,1,3,5,NA,NA,NA,NA,NA,NA,NA,NA,NA,NA,NA,NA,NA,NA,NA,NA,NA,NA,NA,NA,NA,NA,NA,NA,NA
2022,711,1,1430,63,2,16,57,3,18,NA,1,1,26,26,3,2,2,2,NA,NA,NA,NA,5,NA,NA,NA,NA,NA,NA,NA,NA,NA,NA,NA,NA,NA,NA,NA,NA,NA,NA,NA,NA,NA,NA,NA,NA,NA
2022,712,8,5000,46,3,16,67,3,9,NA,2,3,NA,0,NA,1,2,2,2,1,2,1,9,NA,NA,NA,NA,NA,NA,NA,NA,NA,NA,NA,NA,NA,NA,NA,NA,NA,NA,NA,NA,NA,NA,NA,NA,NA
2022,713,5,1540,47,1,15,60,2,6,NA,2,1,25,25,1,1,2,1,3,1,1,2,9,NA,NA,NA,NA,NA,NA,NA,NA,NA,NA,NA,NA,NA,NA,NA,NA,NA,NA,NA,NA,NA,NA,NA,NA,NA
2022,714,1,4760,31,5,14,20,1,NA,0,2,1,20,3,NA,1,3,2,2,1,1,1,9,2,1,1,2,1,2,2,2,2,2,1,2,2,3,3,3,4,2,4,1,1,4,4,3,4
2022,715,6,NA,NA,5,11,18,0,NA,NA,1,3,NA,0,NA,NA,2,2,2,1,2,2,9,NA,NA,NA,NA,NA,NA,NA,NA,NA,NA,NA,NA,NA,NA,NA,NA,NA,NA,NA,NA,NA,NA,NA,NA,NA
2022,716,5,60,52,1,17,NA,3,2,NA,2,1,26,0,1,1,3,2,NA,NA,NA,NA,4,NA,NA,NA,NA,NA,NA,NA,NA,NA,NA,NA,NA,NA,NA,NA,NA,NA,NA,NA,NA,NA,NA,NA,NA,NA
2022,717,2,4510,36,1,12,58,1,NA,3,2,1,22,1,2,2,1,1,NA,NA,NA,NA,9,NA,NA,NA,NA,NA,NA,NA,NA,NA,NA,NA,NA,NA,NA,NA,NA,NA,NA,NA,NA,NA,NA,NA,NA,NA
2022,718,8,6420,35,3,14,55,1,NA,NA,2,1,12,0,2,1,2,3,3,3,1,1,9,2,2,2,NA,1,2,2,1,1,2,1,2,2,4,4,4,3,4,4,4,4,4,4,4,4
2022,719,1,310,39,5,13,46,1,NA,NA,1,1,23,20,NA,1,1,3,NA,NA,NA,NA,9,NA,NA,NA,NA,NA,NA,NA,NA,NA,NA,NA,NA,NA,NA,NA,NA,NA,NA,NA,NA,NA,NA,NA,NA,NA
2022,720,5,5810,37,3,12,77,1,NA,3,2,1,9,0,1,1,1,2,3,1,1,2,9,2,2,2,NA,1,1,1,1,1,2,1,1,1,4,4,4,1,2,1,2,2,2,2,2,2
2022,721,5,430,39,1,16,72,3,9,NA,1,1,26,0,4,1,2,3,NA,NA,NA,NA,9,NA,NA,NA,NA,NA,NA,NA,NA,NA,NA,NA,NA,NA,NA,NA,NA,NA,NA,NA,NA,NA,NA,NA,NA,NA
2022,722,1,50,53,1,16,61,2,36,NA,2,1,20,19,1,1,1,1,2,1,1,2,9,NA,NA,NA,NA,NA,NA,NA,NA,NA,NA,NA,NA,NA,NA,NA,NA,NA,NA,NA,NA,NA,NA,NA,NA,NA
2022,723,5,740,33,1,16,51,3,35,0,1,1,19,0,1,1,2,3,NA,NA,NA,NA,9,NA,NA,NA,NA,NA,NA,NA,NA,NA,NA,NA,NA,NA,NA,NA,NA,NA,NA,NA,NA,NA,NA,NA,NA,NA
2022,724,8,4140,20,1,NA,52,0,NA,NA,2,3,NA,0,NA,NA,1,2,2,2,2,2,0,NA,NA,NA,NA,NA,NA,NA,NA,NA,NA,NA,NA,NA,NA,NA,NA,NA,NA,NA,NA,NA,NA,NA,NA,NA
2022,725,5,1107,48,3,16,65,3,71,2,1,3,14,0,2,3,2,1,NA,NA,NA,NA,9,2,2,1,2,2,2,2,2,2,2,2,2,2,4,4,1,4,4,4,4,4,4,4,4,4
2022,726,5,5120,45,1,12,79,1,NA,NA,2,1,21,0,1,1,1,1,3,1,1,2,9,NA,NA,NA,NA,NA,NA,NA,NA,NA,NA,NA,NA,NA,NA,NA,NA,NA,NA,NA,NA,NA,NA,NA,NA,NA
2022,727,1,430,39,1,18,30,4,23,NA,2,1,26,21,1,1,2,2,2,1,1,2,9,1,2,2,1,1,1,1,1,1,2,1,1,2,1,4,4,2,3,2,2,2,4,2,4,4
2022,728,5,9130,35,1,13,73,1,NA,NA,1,1,24,0,NA,1,3,3,NA,NA,NA,NA,9,NA,NA,NA,NA,NA,NA,NA,NA,NA,NA,NA,NA,NA,NA,NA,NA,NA,NA,NA,NA,NA,NA,NA,NA,NA
2022,729,2,2630,46,1,16,37,3,19,NA,2,1,25,17,1,1,2,1,NA,NA,NA,NA,9,NA,NA,NA,NA,NA,NA,NA,NA,NA,NA,NA,NA,NA,NA,NA,NA,NA,NA,NA,NA,NA,NA,NA,NA,NA
2022,730,1,1105,61,1,16,32,3,80,NA,1,1,22,20,NA,NA,2,2,2,2,1,1,7,NA,NA,NA,NA,NA,NA,NA,NA,NA,NA,NA,NA,NA,NA,NA,NA,NA,NA,NA,NA,NA,NA,NA,NA,NA
2022,731,1,430,39,5,17,49,4,9,NA,2,1,23,23,1,1,3,1,2,1,1,1,7,NA,NA,NA,NA,NA,NA,NA,NA,NA,NA,NA,NA,NA,NA,NA,NA,NA,NA,NA,NA,NA,NA,NA,NA,NA
2022,732,5,2310,61,5,17,66,4,33,0,2,1,21,21,1,1,NA,2,NA,NA,NA,NA,7,NA,NA,NA,NA,NA,NA,NA,NA,NA,NA,NA,NA,NA,NA,NA,NA,NA,NA,NA,NA,NA,NA,NA,NA,NA
2022,733,1,4200,37,1,14,38,1,NA,NA,1,1,19,0,NA,3,2,3,NA,NA,NA,NA,7,NA,NA,NA,NA,NA,NA,NA,NA,NA,NA,NA,NA,NA,NA,NA,NA,NA,NA,NA,NA,NA,NA,NA,NA,NA
2022,734,1,3500,69,5,13,39,1,NA,NA,2,3,12,12,NA,NA,2,2,3,1,1,1,7,NA,NA,NA,NA,NA,NA,NA,NA,NA,NA,NA,NA,NA,NA,NA,NA,NA,NA,NA,NA,NA,NA,NA,NA,NA
2022,735,8,6200,49,5,15,78,1,NA,0,1,1,11,0,NA,1,2,2,NA,NA,NA,NA,9,2,1,2,2,1,1,1,1,1,1,1,2,1,3,3,3,1,2,2,1,1,1,1,2,1
2022,736,1,4220,24,1,14,60,2,7,NA,1,3,22,21,2,1,2,1,3,1,3,1,0,NA,NA,NA,NA,NA,NA,NA,NA,NA,NA,NA,NA,NA,NA,NA,NA,NA,NA,NA,NA,NA,NA,NA,NA,NA
2022,737,1,1020,60,1,14,51,2,14,1,1,1,23,22,1,1,3,2,NA,NA,NA,NA,5,2,2,2,NA,1,1,2,1,1,1,1,2,2,4,4,4,1,2,2,2,2,2,2,2,NA
2022,738,1,4700,38,5,13,37,1,NA,NA,2,2,18,18,1,1,1,2,NA,NA,NA,NA,7,NA,NA,NA,NA,NA,NA,NA,NA,NA,NA,NA,NA,NA,NA,NA,NA,NA,NA,NA,NA,NA,NA,NA,NA,NA
2022,739,7,4040,32,5,12,25,1,NA,NA,2,1,20,17,NA,NA,2,2,NA,NA,NA,NA,7,NA,NA,NA,NA,NA,NA,NA,NA,NA,NA,NA,NA,NA,NA,NA,NA,NA,NA,NA,NA,NA,NA,NA,NA,NA
2022,740,1,2310,61,5,20,43,4,45,NA,2,3,21,20,1,1,1,2,3,1,1,2,0,NA,NA,NA,NA,NA,NA,NA,NA,NA,NA,NA,NA,NA,NA,NA,NA,NA,NA,NA,NA,NA,NA,NA,NA,NA
2022,741,1,5620,25,1,14,45,1,NA,1,2,3,17,17,NA,2,3,2,NA,NA,NA,NA,7,NA,NA,NA,NA,NA,NA,NA,NA,NA,NA,NA,NA,NA,NA,NA,NA,NA,NA,NA,NA,NA,NA,NA,NA,NA
2022,742,7,3150,61,1,18,66,3,55,NA,2,1,23,0,3,3,NA,2,1,1,2,2,3,1,2,2,2,1,1,2,1,1,1,1,1,1,1,1,4,1,1,4,3,2,2,3,2,2
2022,743,1,5240,31,2,12,55,1,NA,NA,2,2,20,20,1,1,2,2,NA,NA,NA,NA,7,NA,NA,NA,NA,NA,NA,NA,NA,NA,NA,NA,NA,NA,NA,NA,NA,NA,NA,NA,NA,NA,NA,NA,NA,NA
2022,744,1,9620,25,5,12,NA,1,NA,NA,1,2,17,3,NA,NA,2,3,NA,NA,NA,NA,7,NA,NA,NA,NA,NA,NA,NA,NA,NA,NA,NA,NA,NA,NA,NA,NA,NA,NA,NA,NA,NA,NA,NA,NA,NA
2022,745,3,650,53,1,20,75,4,19,NA,1,1,23,23,2,2,2,2,3,2,2,1,3,NA,NA,NA,NA,NA,NA,NA,NA,NA,NA,NA,NA,NA,NA,NA,NA,NA,NA,NA,NA,NA,NA,NA,NA,NA
2022,746,5,3600,48,2,14,89,1,NA,NA,2,2,18,0,1,1,2,2,3,2,1,1,5,NA,NA,NA,NA,NA,NA,NA,NA,NA,NA,NA,NA,NA,NA,NA,NA,NA,NA,NA,NA,NA,NA,NA,NA,NA
2022,747,5,530,42,1,17,83,3,25,NA,1,1,24,0,2,2,1,2,3,1,1,1,8,NA,NA,NA,NA,NA,NA,NA,NA,NA,NA,NA,NA,NA,NA,NA,NA,NA,NA,NA,NA,NA,NA,NA,NA,NA
2022,748,8,430,39,1,14,NA,2,50,NA,1,3,24,24,NA,NA,1,2,NA,NA,NA,NA,7,NA,NA,NA,NA,NA,NA,NA,NA,NA,NA,NA,NA,NA,NA,NA,NA,NA,NA,NA,NA,NA,NA,NA,NA,NA
2022,749,5,3255,64,1,16,80,3,36,NA,2,3,NA,0,1,1,2,2,2,2,2,1,0,NA,NA,NA,NA,NA,NA,NA,NA,NA,NA,NA,NA,NA,NA,NA,NA,NA,NA,NA,NA,NA,NA,NA,NA,NA
2022,750,1,1020,60,1,16,61,3,33,0,2,1,26,24,1,1,2,2,NA,NA,NA,NA,7,2,2,2,NA,1,1,2,2,2,2,2,1,2,4,4,4,2,2,4,4,4,4,4,2,4
2022,751,5,5700,47,1,14,80,1,NA,0,2,1,26,0,1,1,2,2,1,1,1,1,7,2,2,2,NA,2,1,2,2,2,2,2,2,2,4,4,4,4,1,4,4,4,4,4,4,4
2022,752,5,2040,66,1,16,86,3,16,NA,1,1,21,0,NA,NA,1,2,1,3,3,3,7,NA,NA,NA,NA,NA,NA,NA,NA,NA,NA,NA,NA,NA,NA,NA,NA,NA,NA,NA,NA,NA,NA,NA,NA,NA
2022,753,5,2320,64,1,18,59,4,16,2,2,1,26,0,1,1,1,1,1,1,1,1,1,2,2,1,2,2,1,2,2,1,2,2,2,1,3,3,3,2,2,3,4,2,4,4,4,2
2022,754,1,5700,47,5,20,31,3,9,0,2,1,21,0,2,2,2,2,2,1,1,1,7,NA,NA,NA,NA,NA,NA,NA,NA,NA,NA,NA,NA,NA,NA,NA,NA,NA,NA,NA,NA,NA,NA,NA,NA,NA
2022,755,6,2016,44,1,18,63,4,82,NA,2,2,19,12,1,1,3,2,3,2,1,1,3,NA,NA,NA,NA,NA,NA,NA,NA,NA,NA,NA,NA,NA,NA,NA,NA,NA,NA,NA,NA,NA,NA,NA,NA,NA
2022,756,1,5240,31,5,12,NA,1,NA,NA,2,2,16,16,1,1,2,2,3,NA,NA,1,7,NA,NA,NA,NA,NA,NA,NA,NA,NA,NA,NA,NA,NA,NA,NA,NA,NA,NA,NA,NA,NA,NA,NA,NA,NA
2022,757,2,3600,48,5,13,NA,1,NA,NA,2,2,9,3,NA,1,3,3,NA,NA,NA,NA,7,NA,NA,NA,NA,NA,NA,NA,NA,NA,NA,NA,NA,NA,NA,NA,NA,NA,NA,NA,NA,NA,NA,NA,NA,NA
2022,758,5,5000,46,2,14,NA,1,NA,NA,2,2,NA,0,1,1,1,2,3,1,1,1,7,NA,NA,NA,NA,NA,NA,NA,NA,NA,NA,NA,NA,NA,NA,NA,NA,NA,NA,NA,NA,NA,NA,NA,NA,NA
2022,759,6,NA,NA,5,20,20,2,33,NA,1,3,NA,0,NA,4,3,3,1,2,1,1,7,NA,NA,NA,NA,NA,NA,NA,NA,NA,NA,NA,NA,NA,NA,NA,NA,NA,NA,NA,NA,NA,NA,NA,NA,NA
2022,760,5,9620,25,1,14,NA,1,NA,NA,2,2,13,0,1,1,2,2,NA,NA,NA,NA,7,NA,NA,NA,NA,NA,NA,NA,NA,NA,NA,NA,NA,NA,NA,NA,NA,NA,NA,NA,NA,NA,NA,NA,NA,NA
2022,761,1,3150,61,1,18,25,4,55,0,2,1,24,0,2,2,2,2,2,3,3,1,7,2,2,1,1,1,1,2,2,1,2,2,2,1,3,3,3,2,3,4,2,3,4,4,4,3
2022,762,2,2200,74,2,17,68,2,34,NA,1,1,16,16,2,NA,1,3,NA,NA,NA,NA,5,NA,NA,NA,NA,NA,NA,NA,NA,NA,NA,NA,NA,NA,NA,NA,NA,NA,NA,NA,NA,NA,NA,NA,NA,NA
2022,763,1,4840,43,5,12,38,1,NA,NA,1,2,20,19,NA,NA,1,2,2,1,1,1,2,NA,NA,NA,NA,NA,NA,NA,NA,NA,NA,NA,NA,NA,NA,NA,NA,NA,NA,NA,NA,NA,NA,NA,NA,NA
2022,764,6,2720,65,5,16,22,3,58,NA,2,2,21,17,NA,NA,2,2,2,1,1,1,7,NA,NA,NA,NA,NA,NA,NA,NA,NA,NA,NA,NA,NA,NA,NA,NA,NA,NA,NA,NA,NA,NA,NA,NA,NA
2022,765,1,5000,46,5,14,32,1,NA,NA,2,2,16,16,1,1,2,3,NA,NA,NA,NA,7,NA,NA,NA,NA,NA,NA,NA,NA,NA,NA,NA,NA,NA,NA,NA,NA,NA,NA,NA,NA,NA,NA,NA,NA,NA
2022,766,1,1550,50,1,16,35,3,18,1,1,3,21,20,NA,NA,2,3,NA,NA,NA,NA,7,NA,NA,NA,NA,NA,NA,NA,NA,NA,NA,NA,NA,NA,NA,NA,NA,NA,NA,NA,NA,NA,NA,NA,NA,NA
2022,767,1,1020,60,1,20,44,4,14,NA,1,2,23,22,NA,NA,2,2,NA,NA,NA,NA,7,2,2,1,2,2,1,2,2,1,2,2,2,2,3,4,3,4,2,3,2,2,4,4,4,4
2022,768,1,10,72,5,16,49,3,9,0,1,1,26,26,2,2,1,1,1,3,3,1,7,1,1,1,1,1,1,1,1,1,2,2,2,2,1,1,1,1,2,2,2,2,2,2,2,2
2022,769,7,4810,47,1,14,NA,1,NA,NA,1,3,20,6,NA,NA,2,2,NA,NA,NA,NA,7,NA,NA,NA,NA,NA,NA,NA,NA,NA,NA,NA,NA,NA,NA,NA,NA,NA,NA,NA,NA,NA,NA,NA,NA,NA
2022,770,1,1530,70,1,12,43,1,NA,NA,1,1,25,20,NA,NA,2,2,NA,NA,NA,NA,7,NA,NA,NA,NA,NA,NA,NA,NA,NA,NA,NA,NA,NA,NA,NA,NA,NA,NA,NA,NA,NA,NA,NA,NA,NA
2022,771,1,2200,74,5,20,40,4,55,NA,2,2,23,23,NA,1,2,2,NA,NA,NA,NA,2,NA,NA,NA,NA,NA,NA,NA,NA,NA,NA,NA,NA,NA,NA,NA,NA,NA,NA,NA,NA,NA,NA,NA,NA,NA
2022,772,1,2000,51,4,16,62,3,9,2,2,1,18,17,2,2,2,3,2,1,1,2,3,1,2,1,1,1,1,2,1,1,2,1,1,1,1,2,1,1,3,4,2,2,3,3,2,2
2022,773,1,50,53,3,18,NA,4,20,NA,1,1,NA,NA,1,1,2,2,NA,NA,NA,NA,9,NA,NA,NA,NA,NA,NA,NA,NA,NA,NA,NA,NA,NA,NA,NA,NA,NA,NA,NA,NA,NA,NA,NA,NA,NA
2022,774,8,420,52,1,20,55,4,43,NA,2,1,26,0,1,1,2,3,NA,NA,NA,NA,7,NA,NA,NA,NA,NA,NA,NA,NA,NA,NA,NA,NA,NA,NA,NA,NA,NA,NA,NA,NA,NA,NA,NA,NA,NA
2022,775,7,5700,47,1,14,31,2,9,2,2,3,20,0,NA,NA,1,2,NA,NA,NA,NA,0,NA,NA,NA,NA,NA,NA,NA,NA,NA,NA,NA,NA,NA,NA,NA,NA,NA,NA,NA,NA,NA,NA,NA,NA,NA
2022,776,5,2540,48,3,13,68,1,NA,2,2,1,17,0,1,1,2,2,NA,NA,NA,NA,4,1,1,1,2,1,2,2,1,2,2,2,1,2,3,3,4,1,4,4,4,3,4,4,4,4
2022,777,5,NA,NA,5,16,NA,3,NA,NA,2,1,NA,NA,2,2,2,3,3,2,1,1,3,NA,NA,NA,NA,NA,NA,NA,NA,NA,NA,NA,NA,NA,NA,NA,NA,NA,NA,NA,NA,NA,NA,NA,NA,NA
2022,778,5,9830,62,1,18,73,4,71,NA,1,1,21,0,1,1,2,2,1,1,1,2,7,1,2,1,2,2,1,2,2,1,2,2,2,2,2,4,3,4,2,4,4,3,NA,4,4,4
2022,779,5,7210,42,3,16,74,3,33,NA,1,1,20,0,2,2,3,2,NA,NA,NA,NA,7,NA,NA,NA,NA,NA,NA,NA,NA,NA,NA,NA,NA,NA,NA,NA,NA,NA,NA,NA,NA,NA,NA,NA,NA,NA
2022,780,5,2310,61,1,19,69,4,16,2,2,1,25,11,1,1,3,2,3,1,1,1,7,1,2,2,1,2,1,1,1,1,2,2,2,1,1,2,4,4,2,2,2,2,4,4,2,2
2022,781,5,860,43,1,16,78,3,16,NA,2,1,26,0,1,1,2,1,NA,NA,NA,NA,4,NA,NA,NA,NA,NA,NA,NA,NA,NA,NA,NA,NA,NA,NA,NA,NA,NA,NA,NA,NA,NA,NA,NA,NA,NA
2022,782,8,4010,38,1,12,58,1,NA,NA,2,1,24,16,2,2,2,3,NA,NA,NA,NA,8,NA,NA,NA,NA,NA,NA,NA,NA,NA,NA,NA,NA,NA,NA,NA,NA,NA,NA,NA,NA,NA,NA,NA,NA,NA
2022,783,7,6260,28,1,12,66,1,NA,NA,1,1,25,0,2,2,1,2,NA,NA,NA,NA,7,NA,NA,NA,NA,NA,NA,NA,NA,NA,NA,NA,NA,NA,NA,NA,NA,NA,NA,NA,NA,NA,NA,NA,NA,NA
2022,784,6,4760,31,5,15,21,1,NA,NA,1,1,23,7,NA,2,3,1,NA,NA,NA,NA,7,NA,NA,NA,NA,NA,NA,NA,NA,NA,NA,NA,NA,NA,NA,NA,NA,NA,NA,NA,NA,NA,NA,NA,NA,NA
2022,785,1,6260,28,1,20,43,4,NA,NA,2,1,NA,0,NA,NA,1,1,NA,NA,NA,NA,7,NA,NA,NA,NA,NA,NA,NA,NA,NA,NA,NA,NA,NA,NA,NA,NA,NA,NA,NA,NA,NA,NA,NA,NA,NA
2022,786,1,10,72,1,16,62,3,9,NA,1,1,26,26,2,2,1,3,1,3,2,1,7,NA,NA,NA,NA,NA,NA,NA,NA,NA,NA,NA,NA,NA,NA,NA,NA,NA,NA,NA,NA,NA,NA,NA,NA,NA
2022,787,1,930,39,1,15,40,1,NA,3,1,1,26,20,1,1,2,2,1,1,1,2,7,NA,NA,NA,NA,NA,NA,NA,NA,NA,NA,NA,NA,NA,NA,NA,NA,NA,NA,NA,NA,NA,NA,NA,NA,NA
2022,788,1,4850,45,1,19,37,4,16,NA,1,1,26,23,2,2,1,1,NA,NA,NA,NA,7,NA,NA,NA,NA,NA,NA,NA,NA,NA,NA,NA,NA,NA,NA,NA,NA,NA,NA,NA,NA,NA,NA,NA,NA,NA
2022,789,5,4700,38,1,16,68,3,9,NA,1,1,23,8,2,2,1,2,1,2,2,1,4,NA,NA,NA,NA,NA,NA,NA,NA,NA,NA,NA,NA,NA,NA,NA,NA,NA,NA,NA,NA,NA,NA,NA,NA,NA
2022,790,1,4700,38,1,16,39,4,40,NA,1,1,26,23,NA,2,1,2,2,2,3,2,7,NA,NA,NA,NA,NA,NA,NA,NA,NA,NA,NA,NA,NA,NA,NA,NA,NA,NA,NA,NA,NA,NA,NA,NA,NA
2022,791,1,800,60,1,16,42,3,20,2,2,NA,23,0,1,1,2,2,3,1,1,1,7,2,2,2,NA,2,1,1,2,1,2,1,1,2,1,2,1,2,2,4,2,2,4,4,2,2
2022,792,1,3050,66,1,20,37,4,38,NA,2,3,26,23,NA,NA,2,3,NA,NA,NA,NA,9,NA,NA,NA,NA,NA,NA,NA,NA,NA,NA,NA,NA,NA,NA,NA,NA,NA,NA,NA,NA,NA,NA,NA,NA,NA
2022,793,1,120,53,1,14,61,1,NA,NA,2,1,23,23,NA,2,1,2,1,3,2,2,5,NA,NA,NA,NA,NA,NA,NA,NA,NA,NA,NA,NA,NA,NA,NA,NA,NA,NA,NA,NA,NA,NA,NA,NA,NA
2022,794,5,2310,61,1,20,69,3,26,NA,2,3,20,0,NA,NA,1,2,NA,NA,NA,NA,0,NA,NA,NA,NA,NA,NA,NA,NA,NA,NA,NA,NA,NA,NA,NA,NA,NA,NA,NA,NA,NA,NA,NA,NA,NA
2022,795,2,5240,31,3,19,71,4,50,NA,2,1,21,8,1,1,2,2,NA,NA,NA,NA,2,1,2,1,2,2,1,2,1,1,1,1,1,1,1,1,1,4,3,3,3,3,3,3,3,3
2022,796,5,3255,64,3,17,73,3,36,NA,2,1,18,0,1,1,2,2,NA,NA,NA,NA,7,NA,NA,NA,NA,NA,NA,NA,NA,NA,NA,NA,NA,NA,NA,NA,NA,NA,NA,NA,NA,NA,NA,NA,NA,NA
2022,797,1,850,63,1,16,64,3,3,1,1,1,26,26,2,2,2,2,NA,NA,NA,NA,4,NA,NA,NA,NA,NA,NA,NA,NA,NA,NA,NA,NA,NA,NA,NA,NA,NA,NA,NA,NA,NA,NA,NA,NA,NA
2022,798,2,9140,26,1,16,70,3,12,NA,1,1,20,20,2,2,1,2,2,3,1,1,7,NA,NA,NA,NA,NA,NA,NA,NA,NA,NA,NA,NA,NA,NA,NA,NA,NA,NA,NA,NA,NA,NA,NA,NA,NA
2022,799,5,4850,45,3,16,70,3,32,NA,1,1,18,0,2,2,3,3,NA,NA,NA,NA,7,NA,NA,NA,NA,NA,NA,NA,NA,NA,NA,NA,NA,NA,NA,NA,NA,NA,NA,NA,NA,NA,NA,NA,NA,NA
2022,800,2,3255,64,1,17,55,3,36,NA,2,1,26,18,2,2,2,2,NA,NA,NA,NA,3,NA,NA,NA,NA,NA,NA,NA,NA,NA,NA,NA,NA,NA,NA,NA,NA,NA,NA,NA,NA,NA,NA,NA,NA,NA
2022,801,5,9510,47,3,6,69,0,NA,NA,1,1,19,0,NA,NA,3,4,2,1,1,1,7,NA,NA,NA,NA,NA,NA,NA,NA,NA,NA,NA,NA,NA,NA,NA,NA,NA,NA,NA,NA,NA,NA,NA,NA,NA
2022,802,1,6320,42,1,16,50,1,NA,NA,1,1,21,0,2,2,1,1,1,1,1,1,7,NA,NA,NA,NA,NA,NA,NA,NA,NA,NA,NA,NA,NA,NA,NA,NA,NA,NA,NA,NA,NA,NA,NA,NA,NA
2022,803,1,9130,35,1,12,41,1,NA,NA,1,1,25,23,2,2,1,2,2,3,3,1,7,NA,NA,NA,NA,NA,NA,NA,NA,NA,NA,NA,NA,NA,NA,NA,NA,NA,NA,NA,NA,NA,NA,NA,NA,NA
2022,804,5,5240,31,2,11,77,0,NA,NA,2,1,2,0,1,1,2,2,NA,NA,NA,NA,7,NA,NA,NA,NA,NA,NA,NA,NA,NA,NA,NA,NA,NA,NA,NA,NA,NA,NA,NA,NA,NA,NA,NA,NA,NA
2022,805,1,230,59,3,18,56,4,16,1,2,1,20,20,1,1,2,2,NA,NA,NA,NA,7,1,1,2,1,2,1,2,2,NA,2,2,1,2,1,1,4,4,2,4,2,2,4,4,2,4
2022,806,1,4340,38,1,20,56,3,48,NA,1,1,25,25,2,2,2,1,NA,NA,NA,NA,4,NA,NA,NA,NA,NA,NA,NA,NA,NA,NA,NA,NA,NA,NA,NA,NA,NA,NA,NA,NA,NA,NA,NA,NA,NA
2022,807,6,NA,NA,5,13,19,1,NA,NA,2,2,5,0,NA,NA,1,1,2,1,3,1,7,NA,NA,NA,NA,NA,NA,NA,NA,NA,NA,NA,NA,NA,NA,NA,NA,NA,NA,NA,NA,NA,NA,NA,NA,NA
2022,808,2,2700,58,1,13,40,1,NA,2,1,2,19,8,NA,NA,1,2,2,2,1,1,7,1,1,1,2,1,1,1,1,1,1,1,1,1,1,1,2,1,1,1,1,1,1,1,1,1
2022,809,1,3535,52,1,14,41,2,72,NA,1,3,20,20,1,1,2,2,1,1,1,1,5,NA,NA,NA,NA,NA,NA,NA,NA,NA,NA,NA,NA,NA,NA,NA,NA,NA,NA,NA,NA,NA,NA,NA,NA,NA
2022,810,8,3300,61,5,18,72,3,8,NA,2,2,11,0,1,1,2,3,2,1,1,1,7,2,2,2,NA,2,2,2,2,1,1,1,2,2,4,4,4,4,1,4,1,1,1,1,4,4
2022,811,6,4030,21,5,12,20,1,NA,NA,2,1,24,9,NA,1,2,2,2,1,1,1,7,NA,NA,NA,NA,NA,NA,NA,NA,NA,NA,NA,NA,NA,NA,NA,NA,NA,NA,NA,NA,NA,NA,NA,NA,NA
2022,812,1,2310,61,5,16,54,3,39,NA,1,1,19,19,1,2,3,1,NA,NA,NA,NA,5,NA,NA,NA,NA,NA,NA,NA,NA,NA,NA,NA,NA,NA,NA,NA,NA,NA,NA,NA,NA,NA,NA,NA,NA,NA
2022,813,1,4700,38,4,12,33,1,NA,NA,2,1,18,18,NA,NA,2,2,NA,NA,NA,NA,5,NA,NA,NA,NA,NA,NA,NA,NA,NA,NA,NA,NA,NA,NA,NA,NA,NA,NA,NA,NA,NA,NA,NA,NA,NA
2022,814,1,700,51,1,16,40,3,43,NA,2,1,21,18,NA,NA,3,3,2,1,1,1,7,NA,NA,NA,NA,NA,NA,NA,NA,NA,NA,NA,NA,NA,NA,NA,NA,NA,NA,NA,NA,NA,NA,NA,NA,NA
2022,815,1,5240,31,1,14,NA,1,NA,NA,NA,1,23,0,2,2,2,2,NA,NA,NA,NA,7,NA,NA,NA,NA,NA,NA,NA,NA,NA,NA,NA,NA,NA,NA,NA,NA,NA,NA,NA,NA,NA,NA,NA,NA,NA
2022,816,5,20,50,1,13,NA,1,NA,NA,1,1,21,0,2,2,1,2,NA,NA,NA,NA,7,NA,NA,NA,NA,NA,NA,NA,NA,NA,NA,NA,NA,NA,NA,NA,NA,NA,NA,NA,NA,NA,NA,NA,NA,NA
2022,817,5,4920,49,1,5,70,0,NA,3,2,3,NA,NA,1,1,2,3,3,1,3,3,0,1,1,2,2,2,2,1,1,1,1,1,2,1,1,1,2,2,4,2,2,2,1,1,2,2
2022,818,4,4810,47,5,12,32,1,NA,1,2,2,4,4,NA,1,3,1,3,1,2,1,7,NA,NA,NA,NA,NA,NA,NA,NA,NA,NA,NA,NA,NA,NA,NA,NA,NA,NA,NA,NA,NA,NA,NA,NA,NA
2022,819,1,4610,48,1,12,NA,1,NA,2,2,3,15,5,1,1,2,2,3,1,1,1,7,NA,NA,NA,NA,NA,NA,NA,NA,NA,NA,NA,NA,NA,NA,NA,NA,NA,NA,NA,NA,NA,NA,NA,NA,NA
2022,820,7,NA,NA,5,12,18,1,NA,NA,2,1,26,0,NA,NA,2,2,2,2,1,1,7,NA,NA,NA,NA,NA,NA,NA,NA,NA,NA,NA,NA,NA,NA,NA,NA,NA,NA,NA,NA,NA,NA,NA,NA,NA
2022,821,2,3230,59,1,18,54,4,13,NA,2,1,23,20,2,1,1,1,NA,NA,NA,NA,7,NA,NA,NA,NA,NA,NA,NA,NA,NA,NA,NA,NA,NA,NA,NA,NA,NA,NA,NA,NA,NA,NA,NA,NA,NA
2022,822,1,4700,38,1,12,65,1,NA,NA,1,1,24,22,1,1,2,3,1,1,1,1,3,NA,NA,NA,NA,NA,NA,NA,NA,NA,NA,NA,NA,NA,NA,NA,NA,NA,NA,NA,NA,NA,NA,NA,NA,NA
2022,823,5,340,42,1,12,66,1,NA,0,2,1,25,0,2,2,2,2,2,3,3,1,9,1,2,2,1,1,1,1,1,1,2,2,1,2,4,4,4,2,2,2,2,2,4,4,2,2
2022,824,7,8640,31,3,16,54,3,53,0,2,1,22,0,NA,NA,3,2,NA,NA,NA,NA,7,NA,NA,NA,NA,NA,NA,NA,NA,NA,NA,NA,NA,NA,NA,NA,NA,NA,NA,NA,NA,NA,NA,NA,NA,NA
2022,825,1,10,72,1,10,47,1,NA,NA,2,1,22,20,2,2,2,3,1,1,1,1,9,NA,NA,NA,NA,NA,NA,NA,NA,NA,NA,NA,NA,NA,NA,NA,NA,NA,NA,NA,NA,NA,NA,NA,NA,NA
2022,826,1,4710,48,5,12,40,1,NA,NA,2,3,22,22,NA,NA,1,3,NA,NA,NA,NA,7,NA,NA,NA,NA,NA,NA,NA,NA,NA,NA,NA,NA,NA,NA,NA,NA,NA,NA,NA,NA,NA,NA,NA,NA,NA
2022,827,2,2920,53,1,16,32,3,67,NA,2,1,22,15,2,2,2,1,NA,2,NA,NA,4,NA,NA,NA,NA,NA,NA,NA,NA,NA,NA,NA,NA,NA,NA,NA,NA,NA,NA,NA,NA,NA,NA,NA,NA,NA
2022,828,5,4950,21,2,12,67,1,NA,NA,2,2,19,0,4,NA,2,2,3,2,1,1,0,NA,NA,NA,NA,NA,NA,NA,NA,NA,NA,NA,NA,NA,NA,NA,NA,NA,NA,NA,NA,NA,NA,NA,NA,NA
2022,829,1,1550,50,1,12,61,1,NA,NA,1,1,25,24,2,2,2,3,2,2,1,1,4,NA,NA,NA,NA,NA,NA,NA,NA,NA,NA,NA,NA,NA,NA,NA,NA,NA,NA,NA,NA,NA,NA,NA,NA,NA
2022,830,5,4840,43,2,10,84,1,NA,5,1,1,19,0,2,2,2,3,2,3,2,1,7,NA,NA,NA,NA,NA,NA,NA,NA,NA,NA,NA,NA,NA,NA,NA,NA,NA,NA,NA,NA,NA,NA,NA,NA,NA
2022,831,1,3245,62,1,19,39,4,82,NA,2,3,22,20,1,1,1,3,2,1,1,2,7,NA,NA,NA,NA,NA,NA,NA,NA,NA,NA,NA,NA,NA,NA,NA,NA,NA,NA,NA,NA,NA,NA,NA,NA,NA
2022,832,1,220,53,1,11,28,0,NA,3,1,1,NA,NA,NA,NA,2,3,2,1,1,1,7,1,1,1,1,1,1,1,1,1,1,1,1,1,1,1,1,1,1,2,1,2,2,2,2,2
2022,833,1,430,39,1,16,60,3,68,NA,1,1,23,0,2,2,2,2,NA,NA,NA,NA,2,1,2,1,2,2,2,2,1,1,2,2,2,2,2,2,2,2,4,2,2,2,4,4,4,4
2022,834,2,5940,17,3,12,68,1,NA,2,2,1,15,0,NA,2,2,2,3,1,1,1,7,1,1,1,1,2,2,2,2,1,2,2,2,1,1,1,1,4,2,1,2,2,2,2,2,2
2022,835,5,4230,25,1,12,64,1,NA,4,2,1,13,0,4,4,2,3,3,1,1,1,7,NA,NA,NA,NA,NA,NA,NA,NA,NA,NA,NA,NA,NA,NA,NA,NA,NA,NA,NA,NA,NA,NA,NA,NA,NA
2022,836,1,9130,35,3,12,57,1,NA,NA,1,3,20,20,NA,NA,3,1,NA,NA,NA,NA,7,NA,NA,NA,NA,NA,NA,NA,NA,NA,NA,NA,NA,NA,NA,NA,NA,NA,NA,NA,NA,NA,NA,NA,NA,NA
2022,837,7,9120,35,NA,13,48,1,NA,NA,2,1,NA,0,2,2,2,2,NA,NA,NA,NA,7,NA,NA,NA,NA,NA,NA,NA,NA,NA,NA,NA,NA,NA,NA,NA,NA,NA,NA,NA,NA,NA,NA,NA,NA,NA
2022,838,1,5700,47,1,12,69,1,NA,NA,2,1,22,19,2,2,1,2,2,3,1,1,7,NA,NA,NA,NA,NA,NA,NA,NA,NA,NA,NA,NA,NA,NA,NA,NA,NA,NA,NA,NA,NA,NA,NA,NA,NA
2022,839,8,7340,44,1,13,55,1,NA,NA,1,1,17,0,2,NA,1,4,NA,NA,NA,NA,7,NA,NA,NA,NA,NA,NA,NA,NA,NA,NA,NA,NA,NA,NA,NA,NA,NA,NA,NA,NA,NA,NA,NA,NA,NA
2022,840,1,1360,65,1,16,60,3,18,1,1,1,26,26,NA,NA,2,2,NA,NA,NA,NA,4,2,2,2,NA,2,2,2,2,2,2,2,2,2,4,4,4,4,4,4,4,4,4,4,4,4
2022,841,5,1107,48,3,14,79,1,NA,3,1,1,19,9,1,1,2,2,NA,NA,NA,NA,2,1,2,1,2,1,1,2,2,1,2,1,1,2,1,4,1,2,2,4,4,1,4,1,2,4
2022,842,1,2630,46,1,20,41,4,27,NA,1,1,24,21,1,1,3,2,1,1,1,2,2,NA,NA,NA,NA,NA,NA,NA,NA,NA,NA,NA,NA,NA,NA,NA,NA,NA,NA,NA,NA,NA,NA,NA,NA,NA
2022,843,1,20,50,3,18,61,4,19,1,2,1,19,19,1,1,3,2,2,1,1,2,2,1,1,1,1,1,1,1,1,1,2,2,2,1,2,2,2,2,2,3,2,2,4,4,4,2
2022,844,5,5700,47,3,13,84,1,NA,NA,2,1,19,0,1,1,2,2,NA,NA,NA,NA,2,NA,NA,NA,NA,NA,NA,NA,NA,NA,NA,NA,NA,NA,NA,NA,NA,NA,NA,NA,NA,NA,NA,NA,NA,NA
2022,845,5,4810,47,2,13,NA,1,NA,NA,2,1,14,0,2,2,3,2,2,3,2,1,2,NA,NA,NA,NA,NA,NA,NA,NA,NA,NA,NA,NA,NA,NA,NA,NA,NA,NA,NA,NA,NA,NA,NA,NA,NA
2022,846,1,7200,45,5,14,28,2,74,0,1,1,26,13,NA,NA,3,3,1,1,1,2,5,NA,NA,NA,NA,NA,NA,NA,NA,NA,NA,NA,NA,NA,NA,NA,NA,NA,NA,NA,NA,NA,NA,NA,NA,NA
2022,847,1,4465,49,1,14,42,2,51,NA,1,1,21,21,1,1,1,2,NA,NA,NA,NA,3,NA,NA,NA,NA,NA,NA,NA,NA,NA,NA,NA,NA,NA,NA,NA,NA,NA,NA,NA,NA,NA,NA,NA,NA,NA
2022,848,1,50,53,5,15,36,1,NA,0,1,1,23,23,1,1,2,2,NA,NA,NA,NA,5,NA,NA,NA,NA,NA,NA,NA,NA,NA,NA,NA,NA,NA,NA,NA,NA,NA,NA,NA,NA,NA,NA,NA,NA,NA
2022,849,5,2310,61,1,17,62,3,16,1,2,1,26,0,1,1,1,2,1,1,1,1,7,1,1,2,1,2,1,1,1,1,2,2,2,2,3,3,4,4,2,1,1,1,4,4,2,4
2022,850,1,1360,65,1,14,60,2,18,2,1,1,26,24,3,3,2,2,3,3,3,3,5,1,1,1,1,2,1,2,2,2,2,2,2,2,1,1,1,4,2,4,4,4,4,4,4,4
2022,851,1,3255,64,1,19,59,3,36,NA,2,1,23,23,2,2,2,2,1,1,1,1,2,NA,NA,NA,NA,NA,NA,NA,NA,NA,NA,NA,NA,NA,NA,NA,NA,NA,NA,NA,NA,NA,NA,NA,NA,NA
2022,852,1,4620,35,5,16,22,3,19,NA,2,1,24,4,NA,1,3,3,2,1,1,3,5,1,2,2,1,1,1,2,2,1,2,2,2,2,1,4,4,1,1,4,4,2,4,4,4,4
2022,853,1,4210,36,1,16,69,3,9,NA,1,1,26,26,1,1,2,2,2,2,2,2,5,NA,NA,NA,NA,NA,NA,NA,NA,NA,NA,NA,NA,NA,NA,NA,NA,NA,NA,NA,NA,NA,NA,NA,NA,NA
2022,854,5,120,53,3,13,72,1,NA,2,1,1,20,0,2,2,3,2,2,1,1,1,2,2,2,2,NA,2,2,2,2,2,2,2,2,2,4,4,4,4,4,4,4,4,4,4,4,4
2022,855,5,300,62,1,12,76,1,NA,NA,1,1,20,0,NA,NA,1,3,NA,NA,NA,NA,2,NA,NA,NA,NA,NA,NA,NA,NA,NA,NA,NA,NA,NA,NA,NA,NA,NA,NA,NA,NA,NA,NA,NA,NA,NA
2022,856,6,4040,32,5,15,22,2,16,NA,1,1,26,10,NA,2,2,2,NA,NA,NA,NA,2,NA,NA,NA,NA,NA,NA,NA,NA,NA,NA,NA,NA,NA,NA,NA,NA,NA,NA,NA,NA,NA,NA,NA,NA,NA
2022,857,3,2330,61,1,12,54,1,NA,NA,2,1,20,15,2,2,1,3,NA,NA,NA,NA,2,NA,NA,NA,NA,NA,NA,NA,NA,NA,NA,NA,NA,NA,NA,NA,NA,NA,NA,NA,NA,NA,NA,NA,NA,NA
2022,858,5,5140,40,2,14,NA,1,NA,NA,2,1,NA,0,NA,1,3,1,NA,NA,NA,NA,2,NA,NA,NA,NA,NA,NA,NA,NA,NA,NA,NA,NA,NA,NA,NA,NA,NA,NA,NA,NA,NA,NA,NA,NA,NA
2022,859,2,4760,31,1,14,69,1,NA,NA,1,1,20,0,3,NA,2,1,1,1,2,2,2,NA,NA,NA,NA,NA,NA,NA,NA,NA,NA,NA,NA,NA,NA,NA,NA,NA,NA,NA,NA,NA,NA,NA,NA,NA
2022,860,5,5700,47,2,12,85,1,NA,NA,2,1,19,0,2,2,1,1,2,3,2,1,2,NA,NA,NA,NA,NA,NA,NA,NA,NA,NA,NA,NA,NA,NA,NA,NA,NA,NA,NA,NA,NA,NA,NA,NA,NA
2022,861,8,4110,31,5,18,NA,3,58,NA,NA,3,NA,0,NA,NA,2,4,NA,NA,NA,NA,2,NA,NA,NA,NA,NA,NA,NA,NA,NA,NA,NA,NA,NA,NA,NA,NA,NA,NA,NA,NA,NA,NA,NA,NA,NA
2022,862,1,4810,47,1,16,58,3,32,NA,1,1,25,25,2,2,2,2,1,3,1,1,2,NA,NA,NA,NA,NA,NA,NA,NA,NA,NA,NA,NA,NA,NA,NA,NA,NA,NA,NA,NA,NA,NA,NA,NA,NA
2022,863,7,410,41,1,17,37,4,9,1,2,1,NA,0,NA,NA,1,2,NA,NA,NA,NA,0,1,1,1,1,1,2,2,2,1,2,1,1,2,1,4,1,3,4,4,4,3,4,3,2,4
2022,864,7,NA,NA,5,14,20,1,NA,NA,1,1,26,0,NA,1,3,1,NA,NA,NA,NA,2,NA,NA,NA,NA,NA,NA,NA,NA,NA,NA,NA,NA,NA,NA,NA,NA,NA,NA,NA,NA,NA,NA,NA,NA,NA
2022,865,1,5700,47,1,16,64,3,63,2,2,1,18,12,1,1,2,2,NA,NA,NA,NA,3,2,1,2,2,2,1,2,2,1,2,2,2,2,4,1,4,4,3,4,4,2,NA,4,4,4
2022,866,7,1650,63,1,16,42,3,8,2,2,3,25,0,NA,NA,3,3,1,1,1,1,0,NA,NA,NA,NA,NA,NA,NA,NA,NA,NA,NA,NA,NA,NA,NA,NA,NA,NA,NA,NA,NA,NA,NA,NA,NA
2022,867,5,430,39,1,16,65,3,18,NA,1,1,24,0,2,2,2,2,NA,NA,NA,NA,2,1,2,2,2,2,1,1,2,1,2,2,2,1,1,1,3,4,2,3,3,3,4,4,1,4
2022,868,1,NA,NA,1,18,39,4,9,1,2,1,23,NA,1,1,1,2,NA,NA,NA,NA,2,NA,NA,NA,NA,NA,NA,NA,NA,NA,NA,NA,NA,NA,NA,NA,NA,NA,NA,NA,NA,NA,NA,NA,NA,NA
2022,869,5,4710,48,1,12,54,1,NA,2,2,1,26,23,1,1,2,2,NA,NA,NA,NA,2,NA,NA,NA,NA,NA,NA,NA,NA,NA,NA,NA,NA,NA,NA,NA,NA,NA,NA,NA,NA,NA,NA,NA,NA,NA
2022,870,1,4965,31,1,16,NA,3,9,NA,1,1,NA,0,1,1,1,2,1,1,1,1,2,NA,NA,NA,NA,NA,NA,NA,NA,NA,NA,NA,NA,NA,NA,NA,NA,NA,NA,NA,NA,NA,NA,NA,NA,NA
2022,871,5,4850,45,1,16,76,3,20,2,1,1,18,0,2,2,2,1,2,3,3,1,2,2,2,1,2,2,2,2,2,2,2,2,2,2,3,4,3,4,4,4,4,4,4,4,4,4
2022,872,5,4700,38,1,14,68,2,14,NA,1,1,24,0,2,2,1,1,NA,NA,NA,NA,3,NA,NA,NA,NA,NA,NA,NA,NA,NA,NA,NA,NA,NA,NA,NA,NA,NA,NA,NA,NA,NA,NA,NA,NA,NA
2022,873,1,10,72,1,16,58,3,19,NA,2,2,26,23,1,1,2,2,2,1,1,1,2,1,1,1,2,2,1,2,1,1,2,1,2,2,1,1,3,4,2,2,1,2,1,1,4,4
2022,874,5,1010,63,3,16,63,4,18,NA,1,3,16,0,2,2,2,1,NA,NA,NA,NA,0,NA,NA,NA,NA,NA,NA,NA,NA,NA,NA,NA,NA,NA,NA,NA,NA,NA,NA,NA,NA,NA,NA,NA,NA,NA
2022,875,2,7630,31,5,15,21,1,NA,0,2,1,16,4,NA,1,1,1,2,1,1,1,2,1,1,1,1,1,1,2,1,1,2,2,1,1,1,1,1,2,2,4,2,2,4,4,3,2
2022,876,1,5150,36,1,14,26,1,NA,0,2,3,23,18,NA,NA,1,1,1,2,1,1,0,NA,NA,NA,NA,NA,NA,NA,NA,NA,NA,NA,NA,NA,NA,NA,NA,NA,NA,NA,NA,NA,NA,NA,NA,NA
2022,877,1,1020,60,5,16,34,3,14,0,1,1,24,24,1,1,2,2,1,1,1,2,5,1,1,1,2,1,1,2,NA,NA,2,NA,2,1,1,1,1,2,2,4,3,3,3,2,4,3
2022,878,1,310,39,5,15,34,3,9,NA,1,1,20,20,1,1,2,2,1,1,1,2,2,NA,NA,NA,NA,NA,NA,NA,NA,NA,NA,NA,NA,NA,NA,NA,NA,NA,NA,NA,NA,NA,NA,NA,NA,NA
2022,879,6,NA,NA,5,16,23,3,3,0,2,1,26,0,NA,2,2,2,NA,NA,NA,NA,9,NA,NA,NA,NA,NA,NA,NA,NA,NA,NA,NA,NA,NA,NA,NA,NA,NA,NA,NA,NA,NA,NA,NA,NA,NA
2022,880,1,2630,46,5,16,32,4,62,NA,2,3,25,19,NA,NA,1,2,NA,2,1,1,0,NA,NA,NA,NA,NA,NA,NA,NA,NA,NA,NA,NA,NA,NA,NA,NA,NA,NA,NA,NA,NA,NA,NA,NA,NA
2022,881,6,NA,NA,3,17,26,3,63,0,1,1,9,0,NA,NA,2,2,2,1,1,2,0,1,1,1,2,1,1,1,2,1,2,1,2,1,3,3,3,2,2,1,2,2,2,2,1,1
2022,882,5,2310,61,2,16,76,3,55,NA,2,2,10,0,1,1,1,2,3,2,2,1,5,NA,NA,NA,NA,NA,NA,NA,NA,NA,NA,NA,NA,NA,NA,NA,NA,NA,NA,NA,NA,NA,NA,NA,NA,NA
2022,883,7,3600,48,5,12,22,0,NA,1,2,2,3,1,NA,1,3,1,NA,NA,NA,NA,2,NA,NA,NA,NA,NA,NA,NA,NA,NA,NA,NA,NA,NA,NA,NA,NA,NA,NA,NA,NA,NA,NA,NA,NA,NA
2022,884,5,1107,48,5,16,67,3,80,0,1,2,18,0,1,1,2,2,NA,NA,NA,NA,2,1,2,2,2,2,2,2,1,1,2,2,2,2,3,4,4,4,4,4,3,3,4,4,4,4
2022,885,1,430,39,5,16,35,3,9,NA,2,2,21,21,1,1,2,2,3,1,3,1,2,NA,NA,NA,NA,NA,NA,NA,NA,NA,NA,NA,NA,NA,NA,NA,NA,NA,NA,NA,NA,NA,NA,NA,NA,NA
2022,886,1,5620,25,5,11,40,0,NA,NA,2,2,16,14,NA,1,2,2,3,1,1,1,2,NA,NA,NA,NA,NA,NA,NA,NA,NA,NA,NA,NA,NA,NA,NA,NA,NA,NA,NA,NA,NA,NA,NA,NA,NA
2022,887,1,6330,35,5,16,53,3,42,NA,1,2,15,15,1,1,3,2,NA,NA,NA,NA,2,NA,NA,NA,NA,NA,NA,NA,NA,NA,NA,NA,NA,NA,NA,NA,NA,NA,NA,NA,NA,NA,NA,NA,NA,NA
2022,888,4,6515,36,5,12,63,1,NA,NA,1,2,17,17,1,1,3,2,2,1,2,1,2,NA,NA,NA,NA,NA,NA,NA,NA,NA,NA,NA,NA,NA,NA,NA,NA,NA,NA,NA,NA,NA,NA,NA,NA,NA
2022,889,1,1360,65,1,16,72,3,18,NA,1,3,21,20,1,1,2,2,NA,NA,NA,NA,0,NA,NA,NA,NA,NA,NA,NA,NA,NA,NA,NA,NA,NA,NA,NA,NA,NA,NA,NA,NA,NA,NA,NA,NA,NA
2022,890,5,2310,61,2,16,67,4,16,3,2,2,21,21,1,1,2,2,3,1,2,1,2,2,2,2,NA,2,1,2,1,1,2,2,1,2,2,2,2,2,2,2,2,2,2,2,2,2
2022,891,1,4710,48,1,16,NA,3,9,NA,1,1,22,22,3,1,1,2,NA,NA,NA,NA,2,NA,NA,NA,NA,NA,NA,NA,NA,NA,NA,NA,NA,NA,NA,NA,NA,NA,NA,NA,NA,NA,NA,NA,NA,NA
2022,892,1,2310,61,1,20,51,4,16,2,2,1,25,20,1,1,1,2,2,2,1,1,2,2,2,1,2,1,1,1,2,2,2,2,1,2,3,4,2,2,2,3,4,4,4,4,2,4
2022,893,1,1360,65,1,12,54,1,NA,NA,1,1,23,23,NA,1,3,3,NA,NA,NA,NA,2,NA,NA,NA,NA,NA,NA,NA,NA,NA,NA,NA,NA,NA,NA,NA,NA,NA,NA,NA,NA,NA,NA,NA,NA,NA
2022,894,5,NA,NA,1,17,75,3,42,1,1,1,21,NA,2,2,1,2,2,2,2,2,2,1,2,2,1,2,1,1,1,1,2,2,2,2,2,2,4,4,2,2,2,2,4,4,2,2
2022,895,6,NA,NA,1,18,28,3,42,3,2,3,19,0,1,2,2,3,1,1,1,1,2,2,2,2,NA,2,1,2,2,2,2,2,2,2,4,4,4,4,2,4,4,4,4,4,4,4
2022,896,1,3820,58,5,18,NA,4,42,NA,2,1,21,NA,2,2,1,1,2,3,1,1,2,NA,NA,NA,NA,NA,NA,NA,NA,NA,NA,NA,NA,NA,NA,NA,NA,NA,NA,NA,NA,NA,NA,NA,NA,NA
2022,897,1,1530,70,5,16,NA,4,33,NA,2,1,NA,NA,1,1,2,1,NA,NA,NA,NA,2,NA,NA,NA,NA,NA,NA,NA,NA,NA,NA,NA,NA,NA,NA,NA,NA,NA,NA,NA,NA,NA,NA,NA,NA,NA
2022,898,5,2320,64,3,18,75,4,16,6,2,2,16,0,1,1,2,3,2,1,2,1,5,2,2,2,NA,2,1,2,1,1,2,1,2,2,4,4,4,4,1,3,1,1,1,4,4,4
2022,899,7,340,42,3,13,82,1,NA,NA,2,1,15,0,2,1,2,2,2,1,1,1,2,2,2,2,NA,2,1,2,2,2,2,2,2,2,4,4,4,4,2,4,4,4,4,4,4,4
2022,900,4,5700,47,5,14,NA,1,NA,NA,2,1,NA,0,NA,1,2,3,NA,NA,NA,NA,2,NA,NA,NA,NA,NA,NA,NA,NA,NA,NA,NA,NA,NA,NA,NA,NA,NA,NA,NA,NA,NA,NA,NA,NA,NA
2022,901,7,9140,26,1,17,49,3,9,NA,1,3,18,0,1,1,3,4,2,1,2,1,0,NA,NA,NA,NA,NA,NA,NA,NA,NA,NA,NA,NA,NA,NA,NA,NA,NA,NA,NA,NA,NA,NA,NA,NA,NA
2022,902,1,5240,31,5,NA,27,0,NA,0,1,1,9,9,NA,NA,2,2,NA,NA,NA,NA,5,NA,NA,NA,NA,NA,NA,NA,NA,NA,NA,NA,NA,NA,NA,NA,NA,NA,NA,NA,NA,NA,NA,NA,NA,NA
2022,903,2,2340,38,1,15,57,1,NA,NA,2,1,25,8,2,2,1,2,1,3,3,1,5,NA,NA,NA,NA,NA,NA,NA,NA,NA,NA,NA,NA,NA,NA,NA,NA,NA,NA,NA,NA,NA,NA,NA,NA,NA
2022,904,1,5860,32,5,20,33,3,12,0,1,1,17,17,2,2,3,3,NA,NA,NA,NA,2,1,2,1,1,2,2,2,2,2,2,2,2,2,4,4,3,4,4,4,4,4,4,4,4,4
2022,905,2,3500,69,1,13,59,1,NA,NA,2,1,21,18,2,2,1,2,NA,2,2,NA,2,NA,NA,NA,NA,NA,NA,NA,NA,NA,NA,NA,NA,NA,NA,NA,NA,NA,NA,NA,NA,NA,NA,NA,NA,NA
2022,906,5,7000,43,1,12,68,1,NA,0,1,1,20,0,2,2,3,2,3,1,1,1,2,2,2,2,NA,2,2,2,2,2,2,2,2,2,4,4,4,4,4,4,4,4,4,4,4,4
2022,907,1,520,45,1,16,63,3,1,NA,1,1,21,16,NA,1,2,3,2,1,1,1,0,NA,NA,NA,NA,NA,NA,NA,NA,NA,NA,NA,NA,NA,NA,NA,NA,NA,NA,NA,NA,NA,NA,NA,NA,NA
2022,908,1,7750,35,1,14,37,2,55,NA,2,NA,20,14,NA,NA,1,2,3,3,1,3,0,NA,NA,NA,NA,NA,NA,NA,NA,NA,NA,NA,NA,NA,NA,NA,NA,NA,NA,NA,NA,NA,NA,NA,NA,NA
2022,909,5,4700,38,1,13,76,1,NA,2,1,1,23,0,2,2,3,2,1,1,1,1,2,NA,NA,NA,NA,NA,NA,NA,NA,NA,NA,NA,NA,NA,NA,NA,NA,NA,NA,NA,NA,NA,NA,NA,NA,NA
2022,910,5,3255,64,1,19,70,4,9,NA,2,2,NA,0,NA,NA,NA,3,NA,1,1,3,7,NA,NA,NA,NA,NA,NA,NA,NA,NA,NA,NA,NA,NA,NA,NA,NA,NA,NA,NA,NA,NA,NA,NA,NA,NA
2022,911,5,950,39,1,14,70,1,NA,NA,2,2,22,0,1,1,1,2,1,1,1,1,7,NA,NA,NA,NA,NA,NA,NA,NA,NA,NA,NA,NA,NA,NA,NA,NA,NA,NA,NA,NA,NA,NA,NA,NA,NA
2022,912,1,6730,41,5,14,42,1,NA,5,1,2,20,17,1,1,1,2,NA,NA,NA,NA,7,NA,NA,NA,NA,NA,NA,NA,NA,NA,NA,NA,NA,NA,NA,NA,NA,NA,NA,NA,NA,NA,NA,NA,NA,NA
2022,913,1,2310,61,5,16,42,3,8,NA,2,2,20,19,1,1,2,2,NA,NA,NA,NA,7,NA,NA,NA,NA,NA,NA,NA,NA,NA,NA,NA,NA,NA,NA,NA,NA,NA,NA,NA,NA,NA,NA,NA,NA,NA
2022,914,5,9130,35,1,12,65,1,NA,3,1,2,21,18,1,1,1,2,NA,NA,NA,NA,9,2,2,2,NA,2,2,2,2,1,2,2,2,2,4,4,3,4,4,4,3,3,4,4,4,4
2022,915,1,4700,38,1,14,45,1,NA,0,2,1,22,20,1,NA,2,3,NA,NA,NA,NA,7,NA,NA,NA,NA,NA,NA,NA,NA,NA,NA,NA,NA,NA,NA,NA,NA,NA,NA,NA,NA,NA,NA,NA,NA,NA
2022,916,7,9600,35,1,14,49,2,51,3,1,1,16,0,2,2,1,2,2,3,1,1,7,2,2,2,NA,2,2,2,2,2,2,2,2,2,4,4,3,4,4,4,4,4,4,4,4,4
2022,917,5,4700,38,1,12,75,1,NA,2,2,1,18,0,2,2,3,2,NA,NA,NA,NA,7,2,2,1,2,2,2,2,2,2,2,2,2,2,4,4,4,4,4,4,4,4,4,4,4,4
2022,918,1,4720,28,2,11,37,1,NA,NA,2,1,17,9,NA,NA,2,4,NA,1,1,1,7,NA,NA,NA,NA,NA,NA,NA,NA,NA,NA,NA,NA,NA,NA,NA,NA,NA,NA,NA,NA,NA,NA,NA,NA,NA
2022,919,5,6260,28,1,12,68,1,NA,2,1,2,3,0,1,1,1,3,NA,NA,NA,NA,7,2,2,2,NA,2,2,2,1,1,2,2,2,1,4,4,4,4,4,4,1,1,4,4,4,1
2022,920,1,7700,50,1,12,NA,1,NA,NA,1,1,20,20,NA,NA,3,3,NA,NA,NA,NA,7,NA,NA,NA,NA,NA,NA,NA,NA,NA,NA,NA,NA,NA,NA,NA,NA,NA,NA,NA,NA,NA,NA,NA,NA,NA
2022,921,1,4010,38,5,15,21,1,NA,NA,2,1,NA,0,NA,2,1,1,NA,NA,NA,NA,7,NA,NA,NA,NA,NA,NA,NA,NA,NA,NA,NA,NA,NA,NA,NA,NA,NA,NA,NA,NA,NA,NA,NA,NA,NA
2022,922,1,3255,64,1,16,44,3,36,NA,2,2,24,23,1,1,2,2,2,1,2,1,7,NA,NA,NA,NA,NA,NA,NA,NA,NA,NA,NA,NA,NA,NA,NA,NA,NA,NA,NA,NA,NA,NA,NA,NA,NA
2022,923,5,5700,47,4,13,48,1,NA,0,2,2,9,0,NA,NA,3,3,NA,NA,NA,NA,7,2,2,2,NA,2,1,2,1,1,1,1,1,2,2,2,2,4,2,4,2,2,2,2,2,4
2022,924,4,5860,32,1,12,51,1,NA,NA,2,1,23,11,1,1,2,3,3,1,1,2,7,NA,NA,NA,NA,NA,NA,NA,NA,NA,NA,NA,NA,NA,NA,NA,NA,NA,NA,NA,NA,NA,NA,NA,NA,NA
2022,925,8,9640,22,4,12,46,1,NA,NA,1,2,NA,0,NA,1,3,2,NA,1,1,1,7,NA,NA,NA,NA,NA,NA,NA,NA,NA,NA,NA,NA,NA,NA,NA,NA,NA,NA,NA,NA,NA,NA,NA,NA,NA
2022,926,3,2430,55,1,20,38,4,31,NA,2,2,23,20,1,1,2,1,NA,1,1,1,3,NA,NA,NA,NA,NA,NA,NA,NA,NA,NA,NA,NA,NA,NA,NA,NA,NA,NA,NA,NA,NA,NA,NA,NA,NA
2022,927,2,4760,31,3,14,41,1,NA,1,2,2,19,NA,1,1,2,2,2,2,2,1,3,NA,NA,NA,NA,NA,NA,NA,NA,NA,NA,NA,NA,NA,NA,NA,NA,NA,NA,NA,NA,NA,NA,NA,NA,NA
2022,928,1,2000,51,1,14,NA,2,70,NA,1,3,20,18,NA,2,2,2,2,2,2,NA,7,NA,NA,NA,NA,NA,NA,NA,NA,NA,NA,NA,NA,NA,NA,NA,NA,NA,NA,NA,NA,NA,NA,NA,NA,NA
2022,929,1,3600,48,2,15,52,1,NA,NA,2,1,14,14,NA,NA,1,4,NA,NA,NA,NA,9,NA,NA,NA,NA,NA,NA,NA,NA,NA,NA,NA,NA,NA,NA,NA,NA,NA,NA,NA,NA,NA,NA,NA,NA,NA
2022,930,2,6420,35,5,10,64,1,NA,NA,1,1,10,10,2,NA,2,2,1,2,2,1,7,NA,NA,NA,NA,NA,NA,NA,NA,NA,NA,NA,NA,NA,NA,NA,NA,NA,NA,NA,NA,NA,NA,NA,NA,NA
2022,931,1,1460,70,1,16,32,3,18,1,1,3,NA,NA,NA,NA,2,2,NA,NA,NA,NA,0,NA,NA,NA,NA,NA,NA,NA,NA,NA,NA,NA,NA,NA,NA,NA,NA,NA,NA,NA,NA,NA,NA,NA,NA,NA
2022,932,2,9140,26,5,14,28,1,NA,NA,1,1,19,9,NA,NA,2,2,NA,1,2,2,7,NA,NA,NA,NA,NA,NA,NA,NA,NA,NA,NA,NA,NA,NA,NA,NA,NA,NA,NA,NA,NA,NA,NA,NA,NA
2022,933,4,4130,16,4,6,51,0,NA,NA,2,1,11,11,1,2,2,3,1,1,2,1,0,NA,NA,NA,NA,NA,NA,NA,NA,NA,NA,NA,NA,NA,NA,NA,NA,NA,NA,NA,NA,NA,NA,NA,NA,NA
2022,934,4,5700,47,3,12,62,1,NA,2,2,1,NA,0,NA,NA,3,2,3,2,1,1,2,NA,NA,NA,NA,NA,NA,NA,NA,NA,NA,NA,NA,NA,NA,NA,NA,NA,NA,NA,NA,NA,NA,NA,NA,NA
2022,935,7,NA,NA,5,12,18,1,NA,0,2,1,16,0,NA,NA,3,3,2,1,1,1,7,1,2,2,2,1,1,2,2,1,2,1,2,2,2,2,4,1,2,4,2,1,4,3,3,2
2022,936,6,2300,53,5,15,21,2,51,0,2,1,8,8,NA,1,2,2,3,1,1,1,7,1,1,1,1,1,2,2,1,1,2,2,1,2,1,1,1,1,1,1,1,1,1,1,1,1
2022,937,1,110,60,4,12,38,1,NA,NA,2,1,20,20,1,1,1,2,NA,NA,NA,NA,7,NA,NA,NA,NA,NA,NA,NA,NA,NA,NA,NA,NA,NA,NA,NA,NA,NA,NA,NA,NA,NA,NA,NA,NA,NA
2022,938,7,4000,50,5,14,27,1,NA,NA,2,3,16,15,NA,NA,2,1,3,1,1,1,7,NA,NA,NA,NA,NA,NA,NA,NA,NA,NA,NA,NA,NA,NA,NA,NA,NA,NA,NA,NA,NA,NA,NA,NA,NA
2022,939,7,2310,61,4,17,39,3,16,NA,2,1,19,19,1,NA,2,2,3,1,1,1,7,NA,NA,NA,NA,NA,NA,NA,NA,NA,NA,NA,NA,NA,NA,NA,NA,NA,NA,NA,NA,NA,NA,NA,NA,NA
2022,940,4,4720,28,5,11,18,0,NA,NA,1,1,NA,0,NA,NA,2,2,NA,NA,NA,NA,7,NA,NA,NA,NA,NA,NA,NA,NA,NA,NA,NA,NA,NA,NA,NA,NA,NA,NA,NA,NA,NA,NA,NA,NA,NA
2022,941,1,6260,28,5,15,25,1,NA,NA,1,1,18,0,NA,NA,2,3,NA,NA,NA,NA,7,NA,NA,NA,NA,NA,NA,NA,NA,NA,NA,NA,NA,NA,NA,NA,NA,NA,NA,NA,NA,NA,NA,NA,NA,NA
2022,942,2,4220,24,1,9,32,0,NA,3,2,1,16,3,NA,NA,1,2,2,2,2,2,7,NA,NA,NA,NA,NA,NA,NA,NA,NA,NA,NA,NA,NA,NA,NA,NA,NA,NA,NA,NA,NA,NA,NA,NA,NA
2022,943,8,NA,NA,5,9,34,0,NA,NA,2,3,2,0,NA,NA,2,2,NA,NA,NA,NA,7,2,2,2,NA,2,2,2,2,2,2,2,2,2,4,4,4,4,4,4,4,3,4,4,3,4
2022,944,2,2630,46,1,12,25,1,NA,NA,2,3,2,0,NA,NA,3,2,NA,NA,NA,NA,0,NA,NA,NA,NA,NA,NA,NA,NA,NA,NA,NA,NA,NA,NA,NA,NA,NA,NA,NA,NA,NA,NA,NA,NA,NA
2022,945,7,NA,NA,1,2,48,0,NA,NA,2,1,17,0,NA,NA,2,3,NA,NA,NA,NA,0,NA,NA,NA,NA,NA,NA,NA,NA,NA,NA,NA,NA,NA,NA,NA,NA,NA,NA,NA,NA,NA,NA,NA,NA,NA
2022,946,7,NA,NA,1,12,36,1,NA,NA,2,1,1,0,NA,NA,2,2,NA,NA,NA,NA,0,NA,NA,NA,NA,NA,NA,NA,NA,NA,NA,NA,NA,NA,NA,NA,NA,NA,NA,NA,NA,NA,NA,NA,NA,NA
2022,947,1,5240,31,1,14,48,2,1,2,2,2,17,16,NA,2,2,2,NA,NA,NA,NA,7,1,2,1,2,1,1,2,2,2,2,2,1,2,2,2,3,3,3,4,4,3,4,4,3,4
2022,948,2,6230,44,4,6,41,0,NA,NA,1,1,NA,NA,NA,NA,3,3,3,1,1,1,0,NA,NA,NA,NA,NA,NA,NA,NA,NA,NA,NA,NA,NA,NA,NA,NA,NA,NA,NA,NA,NA,NA,NA,NA,NA
2022,949,1,4230,25,1,15,39,3,16,NA,2,1,5,5,NA,NA,3,1,NA,2,1,2,0,NA,NA,NA,NA,NA,NA,NA,NA,NA,NA,NA,NA,NA,NA,NA,NA,NA,NA,NA,NA,NA,NA,NA,NA,NA
2022,950,1,4040,32,5,20,26,1,NA,0,2,2,3,3,NA,NA,1,3,3,1,1,1,7,1,1,1,1,2,1,1,1,1,2,1,1,2,2,2,2,1,1,1,2,1,2,1,2,2
2022,951,1,2630,46,5,16,38,3,2,0,1,3,20,20,NA,NA,3,2,NA,NA,NA,NA,7,2,2,2,NA,2,1,2,2,1,2,1,1,1,2,2,4,2,2,4,4,1,4,2,2,1
2022,952,1,565,47,5,17,50,3,9,0,1,3,24,24,3,1,2,2,1,1,1,3,0,1,NA,1,2,2,1,2,1,1,2,1,1,1,3,4,4,4,4,3,1,1,3,2,1,1
2022,953,1,7950,40,5,12,57,1,NA,NA,1,2,15,15,NA,NA,3,3,NA,NA,NA,NA,7,NA,NA,NA,NA,NA,NA,NA,NA,NA,NA,NA,NA,NA,NA,NA,NA,NA,NA,NA,NA,NA,NA,NA,NA,NA
2022,954,1,3255,64,5,16,42,3,36,NA,2,3,23,23,NA,NA,2,2,NA,NA,NA,NA,0,NA,NA,NA,NA,NA,NA,NA,NA,NA,NA,NA,NA,NA,NA,NA,NA,NA,NA,NA,NA,NA,NA,NA,NA,NA
2022,955,1,430,39,5,16,50,3,17,NA,2,1,26,26,2,2,2,3,1,2,1,1,1,NA,NA,NA,NA,NA,NA,NA,NA,NA,NA,NA,NA,NA,NA,NA,NA,NA,NA,NA,NA,NA,NA,NA,NA,NA
2022,956,1,5120,45,1,NA,34,0,NA,NA,1,1,21,19,NA,1,1,1,NA,NA,NA,NA,7,NA,NA,NA,NA,NA,NA,NA,NA,NA,NA,NA,NA,NA,NA,NA,NA,NA,NA,NA,NA,NA,NA,NA,NA,NA
2022,957,1,310,39,1,14,48,1,NA,NA,1,1,21,NA,1,1,2,3,NA,NA,NA,NA,7,NA,NA,NA,NA,NA,NA,NA,NA,NA,NA,NA,NA,NA,NA,NA,NA,NA,NA,NA,NA,NA,NA,NA,NA,NA
2022,958,7,7750,35,3,14,42,1,NA,NA,2,1,16,6,2,2,2,2,NA,NA,NA,NA,7,NA,NA,NA,NA,NA,NA,NA,NA,NA,NA,NA,NA,NA,NA,NA,NA,NA,NA,NA,NA,NA,NA,NA,NA,NA
2022,959,1,9620,25,5,14,23,2,54,NA,1,3,15,15,NA,NA,3,1,NA,NA,NA,NA,7,NA,NA,NA,NA,NA,NA,NA,NA,NA,NA,NA,NA,NA,NA,NA,NA,NA,NA,NA,NA,NA,NA,NA,NA,NA
2022,960,1,5700,47,1,17,34,4,43,NA,2,1,22,11,NA,NA,1,2,2,1,1,1,0,NA,NA,NA,NA,NA,NA,NA,NA,NA,NA,NA,NA,NA,NA,NA,NA,NA,NA,NA,NA,NA,NA,NA,NA,NA
2022,961,5,710,51,1,18,76,4,43,NA,1,3,17,0,1,1,2,2,1,1,1,1,0,NA,NA,NA,NA,NA,NA,NA,NA,NA,NA,NA,NA,NA,NA,NA,NA,NA,NA,NA,NA,NA,NA,NA,NA,NA
2022,962,1,1006,65,1,17,36,4,20,NA,2,1,26,0,NA,NA,2,2,1,1,1,1,0,NA,NA,NA,NA,NA,NA,NA,NA,NA,NA,NA,NA,NA,NA,NA,NA,NA,NA,NA,NA,NA,NA,NA,NA,NA
2022,963,1,910,45,1,18,52,3,42,2,2,1,26,23,2,1,1,1,NA,NA,NA,NA,7,NA,NA,NA,NA,NA,NA,NA,NA,NA,NA,NA,NA,NA,NA,NA,NA,NA,NA,NA,NA,NA,NA,NA,NA,NA
2022,964,5,1350,71,1,20,81,4,18,0,1,1,26,0,2,1,2,2,NA,NA,NA,NA,3,NA,NA,NA,NA,NA,NA,NA,NA,NA,NA,NA,NA,NA,NA,NA,NA,NA,NA,NA,NA,NA,NA,NA,NA,NA
2022,965,2,3230,59,1,18,57,4,13,NA,2,1,20,15,NA,NA,2,1,NA,NA,NA,NA,7,NA,NA,NA,NA,NA,NA,NA,NA,NA,NA,NA,NA,NA,NA,NA,NA,NA,NA,NA,NA,NA,NA,NA,NA,NA
2022,966,2,6440,43,3,11,35,1,NA,NA,1,1,17,17,NA,NA,2,2,2,2,3,1,7,NA,NA,NA,NA,NA,NA,NA,NA,NA,NA,NA,NA,NA,NA,NA,NA,NA,NA,NA,NA,NA,NA,NA,NA,NA
2022,967,2,4110,31,5,14,20,1,NA,0,2,1,NA,NA,NA,1,2,3,3,1,1,1,7,NA,NA,NA,NA,NA,NA,NA,NA,NA,NA,NA,NA,NA,NA,NA,NA,NA,NA,NA,NA,NA,NA,NA,NA,NA
2022,968,1,220,53,3,14,49,1,NA,NA,1,3,26,26,1,1,2,2,NA,NA,NA,NA,0,NA,NA,NA,NA,NA,NA,NA,NA,NA,NA,NA,NA,NA,NA,NA,NA,NA,NA,NA,NA,NA,NA,NA,NA,NA
2022,969,1,1740,65,2,18,50,4,24,NA,1,1,26,26,1,1,2,1,NA,NA,NA,NA,0,NA,NA,NA,NA,NA,NA,NA,NA,NA,NA,NA,NA,NA,NA,NA,NA,NA,NA,NA,NA,NA,NA,NA,NA,NA
2022,970,2,5820,37,5,13,25,1,NA,NA,1,2,16,6,1,NA,2,2,NA,NA,NA,NA,6,NA,NA,NA,NA,NA,NA,NA,NA,NA,NA,NA,NA,NA,NA,NA,NA,NA,NA,NA,NA,NA,NA,NA,NA,NA
2022,971,1,8740,39,5,12,49,1,NA,3,2,2,8,0,NA,NA,2,2,3,1,1,1,5,2,2,2,NA,2,2,2,2,2,2,2,2,2,4,4,4,4,4,4,4,4,4,4,4,4
2022,972,1,1340,75,1,16,62,3,9,NA,1,3,25,21,NA,1,1,3,2,1,1,2,0,NA,NA,NA,NA,NA,NA,NA,NA,NA,NA,NA,NA,NA,NA,NA,NA,NA,NA,NA,NA,NA,NA,NA,NA,NA
2022,973,2,3930,34,2,14,64,1,NA,2,2,2,8,8,1,1,3,2,NA,NA,NA,NA,7,NA,NA,NA,NA,NA,NA,NA,NA,NA,NA,NA,NA,NA,NA,NA,NA,NA,NA,NA,NA,NA,NA,NA,NA,NA
2022,974,1,4020,33,5,12,21,1,NA,NA,2,2,2,0,NA,1,2,3,1,1,1,3,5,NA,NA,NA,NA,NA,NA,NA,NA,NA,NA,NA,NA,NA,NA,NA,NA,NA,NA,NA,NA,NA,NA,NA,NA,NA
2022,975,7,4220,24,3,12,46,1,NA,4,2,2,7,0,1,NA,2,4,2,1,1,1,3,NA,NA,NA,NA,NA,NA,NA,NA,NA,NA,NA,NA,NA,NA,NA,NA,NA,NA,NA,NA,NA,NA,NA,NA,NA
2022,976,1,9620,25,5,15,58,2,51,NA,1,3,17,15,1,1,3,4,NA,NA,NA,NA,6,2,2,1,2,1,1,1,1,1,1,1,1,1,4,3,3,3,3,3,3,3,3,3,3,3
2022,977,1,5620,25,5,12,32,1,NA,NA,1,2,20,18,NA,1,3,2,NA,NA,NA,NA,5,NA,NA,NA,NA,NA,NA,NA,NA,NA,NA,NA,NA,NA,NA,NA,NA,NA,NA,NA,NA,NA,NA,NA,NA,NA
2022,978,2,4760,31,5,10,32,0,NA,0,1,1,24,0,NA,NA,2,2,3,1,1,3,5,NA,NA,NA,NA,NA,NA,NA,NA,NA,NA,NA,NA,NA,NA,NA,NA,NA,NA,NA,NA,NA,NA,NA,NA,NA
2022,979,1,9030,65,1,16,41,3,43,0,1,1,26,24,2,2,1,2,NA,NA,NA,NA,5,1,2,1,1,2,1,2,2,2,2,2,2,2,2,2,2,4,2,4,4,4,4,4,4,4
2022,980,1,4010,38,5,9,29,0,NA,NA,2,3,NA,0,2,NA,3,2,2,1,1,1,5,NA,NA,NA,NA,NA,NA,NA,NA,NA,NA,NA,NA,NA,NA,NA,NA,NA,NA,NA,NA,NA,NA,NA,NA,NA
2022,981,1,310,39,1,12,NA,1,NA,NA,1,3,23,23,NA,NA,2,1,2,2,2,3,3,NA,NA,NA,NA,NA,NA,NA,NA,NA,NA,NA,NA,NA,NA,NA,NA,NA,NA,NA,NA,NA,NA,NA,NA,NA
2022,982,1,6260,28,3,16,64,1,NA,NA,1,3,20,16,NA,NA,3,2,NA,NA,NA,NA,0,NA,NA,NA,NA,NA,NA,NA,NA,NA,NA,NA,NA,NA,NA,NA,NA,NA,NA,NA,NA,NA,NA,NA,NA,NA
2022,983,2,9130,35,5,13,20,1,NA,NA,2,1,18,8,NA,1,2,2,NA,NA,NA,NA,5,NA,NA,NA,NA,NA,NA,NA,NA,NA,NA,NA,NA,NA,NA,NA,NA,NA,NA,NA,NA,NA,NA,NA,NA,NA
2022,984,5,430,39,3,14,82,2,32,3,2,3,22,0,NA,NA,3,2,3,1,1,1,5,1,2,1,1,2,1,1,1,1,1,1,2,2,2,2,3,4,2,3,3,2,2,2,4,4
2022,985,1,2330,61,5,20,31,4,45,NA,1,2,23,21,1,NA,2,3,2,1,1,1,5,NA,NA,NA,NA,NA,NA,NA,NA,NA,NA,NA,NA,NA,NA,NA,NA,NA,NA,NA,NA,NA,NA,NA,NA,NA
2022,986,1,4700,38,5,14,28,1,NA,0,2,1,19,19,NA,NA,1,2,NA,NA,NA,NA,7,1,1,1,1,1,1,2,1,1,1,1,1,1,1,1,1,2,2,4,2,2,2,2,2,2
2022,987,2,4110,31,3,10,40,0,NA,NA,2,2,NA,NA,NA,NA,1,2,NA,NA,NA,NA,5,NA,NA,NA,NA,NA,NA,NA,NA,NA,NA,NA,NA,NA,NA,NA,NA,NA,NA,NA,NA,NA,NA,NA,NA,NA
2022,988,1,3930,34,5,12,43,1,NA,NA,1,2,13,13,NA,2,2,1,NA,1,1,1,5,NA,NA,NA,NA,NA,NA,NA,NA,NA,NA,NA,NA,NA,NA,NA,NA,NA,NA,NA,NA,NA,NA,NA,NA,NA
2022,989,4,4720,28,5,9,31,0,NA,NA,2,2,16,0,NA,NA,2,2,NA,NA,NA,NA,5,NA,NA,NA,NA,NA,NA,NA,NA,NA,NA,NA,NA,NA,NA,NA,NA,NA,NA,NA,NA,NA,NA,NA,NA,NA
2022,990,5,6200,49,3,13,84,1,NA,NA,1,2,17,0,2,1,2,3,2,2,1,3,5,NA,NA,NA,NA,NA,NA,NA,NA,NA,NA,NA,NA,NA,NA,NA,NA,NA,NA,NA,NA,NA,NA,NA,NA,NA
2022,991,5,2310,61,2,12,79,1,NA,NA,2,2,18,0,1,1,2,2,1,1,1,1,5,NA,NA,NA,NA,NA,NA,NA,NA,NA,NA,NA,NA,NA,NA,NA,NA,NA,NA,NA,NA,NA,NA,NA,NA,NA
2022,992,5,4600,35,2,14,72,2,57,4,2,2,11,0,1,1,1,3,NA,NA,NA,NA,5,NA,NA,NA,NA,NA,NA,NA,NA,NA,NA,NA,NA,NA,NA,NA,NA,NA,NA,NA,NA,NA,NA,NA,NA,NA
2022,993,5,4230,25,2,12,70,0,NA,NA,2,2,10,0,1,1,2,2,3,1,1,1,5,NA,NA,NA,NA,NA,NA,NA,NA,NA,NA,NA,NA,NA,NA,NA,NA,NA,NA,NA,NA,NA,NA,NA,NA,NA
2022,994,8,NA,NA,3,NA,47,0,NA,NA,2,2,9,0,NA,NA,2,4,2,1,2,2,5,NA,NA,NA,NA,NA,NA,NA,NA,NA,NA,NA,NA,NA,NA,NA,NA,NA,NA,NA,NA,NA,NA,NA,NA,NA
2022,995,1,6230,44,1,16,28,1,NA,NA,1,3,NA,NA,NA,NA,3,3,3,1,1,1,0,NA,NA,NA,NA,NA,NA,NA,NA,NA,NA,NA,NA,NA,NA,NA,NA,NA,NA,NA,NA,NA,NA,NA,NA,NA
2022,996,1,6220,39,5,12,23,1,NA,NA,1,NA,18,11,NA,NA,2,1,NA,1,1,1,5,NA,NA,NA,NA,NA,NA,NA,NA,NA,NA,NA,NA,NA,NA,NA,NA,NA,NA,NA,NA,NA,NA,NA,NA,NA
2022,997,7,4950,21,1,14,77,0,NA,NA,2,3,17,17,1,1,2,2,NA,NA,NA,NA,0,NA,NA,NA,NA,NA,NA,NA,NA,NA,NA,NA,NA,NA,NA,NA,NA,NA,NA,NA,NA,NA,NA,NA,NA,NA
2022,998,1,410,41,1,17,60,3,19,NA,2,1,24,21,1,1,2,2,NA,NA,NA,NA,5,NA,NA,NA,NA,NA,NA,NA,NA,NA,NA,NA,NA,NA,NA,NA,NA,NA,NA,NA,NA,NA,NA,NA,NA,NA
2022,999,1,4720,28,5,12,62,1,NA,NA,2,2,17,16,2,1,2,2,3,1,1,1,7,NA,NA,NA,NA,NA,NA,NA,NA,NA,NA,NA,NA,NA,NA,NA,NA,NA,NA,NA,NA,NA,NA,NA,NA,NA
2022,1000,1,4700,38,3,16,43,3,9,NA,2,2,21,20,1,1,2,2,NA,NA,NA,NA,8,NA,NA,NA,NA,NA,NA,NA,NA,NA,NA,NA,NA,NA,NA,NA,NA,NA,NA,NA,NA,NA,NA,NA,NA,NA
2022,1001,2,3645,51,5,14,20,1,NA,NA,1,1,22,8,NA,1,2,2,NA,NA,NA,NA,5,NA,NA,NA,NA,NA,NA,NA,NA,NA,NA,NA,NA,NA,NA,NA,NA,NA,NA,NA,NA,NA,NA,NA,NA,NA
2022,1002,1,2300,53,5,18,47,4,9,NA,2,2,15,0,1,1,2,3,NA,NA,NA,NA,5,NA,NA,NA,NA,NA,NA,NA,NA,NA,NA,NA,NA,NA,NA,NA,NA,NA,NA,NA,NA,NA,NA,NA,NA,NA
2022,1003,1,5120,45,1,10,39,0,NA,NA,2,1,20,0,NA,2,2,2,NA,NA,NA,NA,5,NA,NA,NA,NA,NA,NA,NA,NA,NA,NA,NA,NA,NA,NA,NA,NA,NA,NA,NA,NA,NA,NA,NA,NA,NA
2022,1004,2,NA,NA,3,16,NA,1,NA,NA,NA,NA,NA,0,NA,2,3,3,1,1,1,3,7,NA,NA,NA,NA,NA,NA,NA,NA,NA,NA,NA,NA,NA,NA,NA,NA,NA,NA,NA,NA,NA,NA,NA,NA,NA
2022,1005,2,2340,38,1,20,NA,1,NA,NA,2,1,13,6,NA,1,3,3,NA,NA,NA,NA,5,NA,NA,NA,NA,NA,NA,NA,NA,NA,NA,NA,NA,NA,NA,NA,NA,NA,NA,NA,NA,NA,NA,NA,NA,NA
2022,1006,1,710,51,1,14,46,1,NA,NA,1,2,25,23,1,1,2,2,NA,NA,NA,NA,2,NA,NA,NA,NA,NA,NA,NA,NA,NA,NA,NA,NA,NA,NA,NA,NA,NA,NA,NA,NA,NA,NA,NA,NA,NA
2022,1007,1,9130,35,3,12,51,1,NA,NA,1,2,23,23,1,1,2,1,NA,NA,NA,NA,7,NA,NA,NA,NA,NA,NA,NA,NA,NA,NA,NA,NA,NA,NA,NA,NA,NA,NA,NA,NA,NA,NA,NA,NA,NA
2022,1008,1,3255,64,2,16,44,3,36,NA,2,2,NA,NA,NA,NA,2,2,3,1,1,1,5,NA,NA,NA,NA,NA,NA,NA,NA,NA,NA,NA,NA,NA,NA,NA,NA,NA,NA,NA,NA,NA,NA,NA,NA,NA
2022,1009,4,NA,NA,3,16,35,2,55,NA,1,2,24,NA,4,1,1,1,2,2,2,1,5,NA,NA,NA,NA,NA,NA,NA,NA,NA,NA,NA,NA,NA,NA,NA,NA,NA,NA,NA,NA,NA,NA,NA,NA,NA
2022,1010,1,4600,35,5,12,68,0,NA,1,2,1,7,7,1,1,1,2,NA,NA,NA,NA,2,1,1,2,1,2,1,2,2,2,2,2,2,2,3,2,4,4,2,4,4,4,4,4,1,4
2022,1011,5,5700,47,1,13,69,1,NA,4,2,1,21,0,2,2,1,2,NA,NA,NA,NA,5,1,2,1,2,1,2,2,2,2,2,2,1,2,2,4,2,2,4,4,4,4,4,4,1,4
2022,1012,1,6200,49,1,15,22,2,50,NA,1,1,22,0,NA,2,2,1,NA,NA,NA,NA,5,NA,NA,NA,NA,NA,NA,NA,NA,NA,NA,NA,NA,NA,NA,NA,NA,NA,NA,NA,NA,NA,NA,NA,NA,NA
2022,1013,1,2310,61,1,20,36,4,16,2,2,1,22,21,1,1,2,2,2,1,2,1,5,1,2,1,2,2,1,2,2,2,2,2,2,2,1,1,1,1,1,1,1,1,1,1,1,1
2022,1014,8,4600,35,5,16,29,1,NA,NA,2,1,NA,0,NA,NA,1,2,3,1,1,3,5,NA,NA,NA,NA,NA,NA,NA,NA,NA,NA,NA,NA,NA,NA,NA,NA,NA,NA,NA,NA,NA,NA,NA,NA,NA
2022,1015,1,3850,60,2,14,55,1,NA,NA,1,2,19,19,1,1,2,3,2,1,1,1,5,NA,NA,NA,NA,NA,NA,NA,NA,NA,NA,NA,NA,NA,NA,NA,NA,NA,NA,NA,NA,NA,NA,NA,NA,NA
2022,1016,1,2025,56,3,20,NA,4,71,2,2,1,23,23,3,1,2,2,1,3,1,2,3,1,1,1,2,2,1,2,2,2,2,2,2,2,4,1,1,4,2,4,4,4,4,4,4,2
2022,1017,2,5510,29,1,13,34,1,NA,NA,2,1,20,8,2,2,2,3,2,3,2,1,5,NA,NA,NA,NA,NA,NA,NA,NA,NA,NA,NA,NA,NA,NA,NA,NA,NA,NA,NA,NA,NA,NA,NA,NA,NA
2022,1018,5,850,63,1,18,76,4,9,2,1,1,26,21,2,2,2,2,1,2,2,2,5,2,2,2,NA,2,1,2,1,2,2,2,2,2,4,4,4,4,2,2,2,2,4,4,4,2
2022,1019,1,4760,31,1,14,41,2,9,NA,1,1,25,0,2,2,2,1,2,3,1,1,5,NA,NA,NA,NA,NA,NA,NA,NA,NA,NA,NA,NA,NA,NA,NA,NA,NA,NA,NA,NA,NA,NA,NA,NA,NA
2022,1020,1,140,50,1,14,42,1,NA,NA,1,1,26,21,NA,1,2,2,NA,NA,NA,NA,5,NA,NA,NA,NA,NA,NA,NA,NA,NA,NA,NA,NA,NA,NA,NA,NA,NA,NA,NA,NA,NA,NA,NA,NA,NA
2022,1021,2,4220,24,1,16,29,2,9,NA,1,2,20,0,2,2,1,2,2,1,1,1,5,NA,NA,NA,NA,NA,NA,NA,NA,NA,NA,NA,NA,NA,NA,NA,NA,NA,NA,NA,NA,NA,NA,NA,NA,NA
2022,1022,5,120,53,3,13,70,1,NA,1,2,2,16,0,1,1,2,3,NA,NA,NA,NA,5,2,2,2,NA,2,1,2,2,2,2,2,2,2,4,4,4,4,4,4,4,4,4,4,4,4
2022,1023,7,2300,53,3,13,39,1,NA,NA,2,2,NA,0,1,1,3,2,NA,NA,NA,NA,5,NA,NA,NA,NA,NA,NA,NA,NA,NA,NA,NA,NA,NA,NA,NA,NA,NA,NA,NA,NA,NA,NA,NA,NA,NA
2022,1024,1,2550,50,3,18,53,4,16,3,2,2,21,21,1,1,2,2,2,1,1,1,5,1,1,1,1,2,1,1,2,1,2,2,1,1,3,3,3,4,2,1,2,2,2,2,1,2
2022,1025,1,5520,32,1,14,56,2,57,5,2,2,22,7,1,1,3,3,3,1,1,1,5,1,1,1,1,1,1,1,1,1,1,1,1,1,3,3,3,3,1,1,1,1,1,1,1,2
2022,1026,5,4250,37,2,10,70,0,NA,NA,1,2,22,0,NA,NA,3,4,NA,NA,NA,NA,5,NA,NA,NA,NA,NA,NA,NA,NA,NA,NA,NA,NA,NA,NA,NA,NA,NA,NA,NA,NA,NA,NA,NA,NA,NA
2022,1027,2,5700,47,2,12,74,1,NA,NA,2,2,22,13,1,1,3,2,NA,NA,NA,NA,5,NA,NA,NA,NA,NA,NA,NA,NA,NA,NA,NA,NA,NA,NA,NA,NA,NA,NA,NA,NA,NA,NA,NA,NA,NA
2022,1028,4,NA,NA,5,12,23,1,NA,1,2,2,NA,NA,NA,1,3,1,NA,NA,NA,NA,5,2,1,1,2,2,2,2,1,1,2,2,2,2,3,3,3,3,3,3,2,2,4,4,4,4
2022,1029,1,4050,21,5,16,25,3,25,NA,1,1,NA,NA,1,1,2,3,NA,NA,NA,NA,5,1,2,1,1,2,1,2,1,1,2,2,2,2,4,4,3,4,2,4,2,2,4,4,4,4
2022,1030,1,310,39,1,11,60,1,NA,NA,2,3,13,0,NA,2,NA,3,3,NA,1,1,5,NA,NA,NA,NA,NA,NA,NA,NA,NA,NA,NA,NA,NA,NA,NA,NA,NA,NA,NA,NA,NA,NA,NA,NA,NA
2022,1031,1,530,42,5,12,60,1,NA,NA,2,1,17,17,NA,NA,2,4,NA,NA,1,1,5,NA,NA,NA,NA,NA,NA,NA,NA,NA,NA,NA,NA,NA,NA,NA,NA,NA,NA,NA,NA,NA,NA,NA,NA,NA
2022,1032,1,4020,33,1,9,58,0,NA,NA,2,1,3,3,NA,NA,2,3,2,1,1,1,0,NA,NA,NA,NA,NA,NA,NA,NA,NA,NA,NA,NA,NA,NA,NA,NA,NA,NA,NA,NA,NA,NA,NA,NA,NA
2022,1033,7,NA,NA,1,16,32,1,NA,3,2,1,4,0,NA,NA,2,2,2,1,2,1,0,1,2,1,2,2,1,2,1,2,2,2,2,2,3,4,3,4,2,4,3,4,4,4,4,4
2022,1034,4,7800,45,1,11,76,1,NA,2,1,1,15,0,2,2,3,2,NA,NA,NA,NA,8,2,2,2,NA,2,1,2,2,2,2,2,2,2,4,4,4,4,4,4,4,4,4,4,4,4
2022,1035,1,4740,24,3,12,55,1,NA,0,2,1,16,5,1,1,2,2,2,1,1,1,5,2,2,2,NA,2,1,1,2,1,2,1,2,2,4,4,4,4,2,2,4,2,4,4,4,4
2022,1036,1,5000,46,5,13,31,1,NA,NA,2,1,19,19,1,1,2,2,2,1,1,2,5,NA,NA,NA,NA,NA,NA,NA,NA,NA,NA,NA,NA,NA,NA,NA,NA,NA,NA,NA,NA,NA,NA,NA,NA,NA
2022,1037,4,4230,25,5,12,45,0,NA,NA,2,2,NA,NA,NA,NA,2,2,NA,NA,NA,NA,5,NA,NA,NA,NA,NA,NA,NA,NA,NA,NA,NA,NA,NA,NA,NA,NA,NA,NA,NA,NA,NA,NA,NA,NA,NA
2022,1038,8,NA,NA,5,11,18,0,NA,NA,1,1,NA,0,NA,NA,2,1,NA,NA,NA,NA,5,NA,NA,NA,NA,NA,NA,NA,NA,NA,NA,NA,NA,NA,NA,NA,NA,NA,NA,NA,NA,NA,NA,NA,NA,NA
2022,1039,1,4700,38,5,13,38,1,NA,NA,2,2,20,20,NA,NA,2,3,3,1,NA,1,5,NA,NA,NA,NA,NA,NA,NA,NA,NA,NA,NA,NA,NA,NA,NA,NA,NA,NA,NA,NA,NA,NA,NA,NA,NA
2022,1040,1,9720,32,5,12,31,1,NA,NA,2,2,NA,NA,NA,1,2,2,NA,NA,NA,NA,5,NA,NA,NA,NA,NA,NA,NA,NA,NA,NA,NA,NA,NA,NA,NA,NA,NA,NA,NA,NA,NA,NA,NA,NA,NA
2022,1041,8,4030,21,3,12,40,1,NA,NA,1,2,NA,0,1,1,3,3,NA,NA,NA,NA,5,NA,NA,NA,NA,NA,NA,NA,NA,NA,NA,NA,NA,NA,NA,NA,NA,NA,NA,NA,NA,NA,NA,NA,NA,NA
2022,1042,8,3600,48,3,6,87,0,NA,NA,2,2,NA,0,NA,1,3,4,3,NA,1,1,0,NA,NA,NA,NA,NA,NA,NA,NA,NA,NA,NA,NA,NA,NA,NA,NA,NA,NA,NA,NA,NA,NA,NA,NA,NA
2022,1043,1,3850,60,5,17,25,3,70,NA,1,1,20,19,NA,1,3,1,3,1,1,1,5,NA,NA,NA,NA,NA,NA,NA,NA,NA,NA,NA,NA,NA,NA,NA,NA,NA,NA,NA,NA,NA,NA,NA,NA,NA
2022,1044,5,4760,31,5,16,66,3,44,NA,1,1,10,0,2,NA,1,4,3,1,1,1,4,NA,NA,NA,NA,NA,NA,NA,NA,NA,NA,NA,NA,NA,NA,NA,NA,NA,NA,NA,NA,NA,NA,NA,NA,NA
2022,1045,1,5840,38,5,14,23,1,NA,0,2,2,16,0,2,2,3,3,NA,NA,NA,NA,5,2,2,2,NA,1,2,2,2,1,1,1,2,1,4,4,4,4,4,4,2,2,2,4,4,4
2022,1046,1,3420,55,1,20,55,4,55,2,1,1,23,18,1,1,1,2,NA,NA,NA,NA,0,NA,NA,NA,NA,NA,NA,NA,NA,NA,NA,NA,NA,NA,NA,NA,NA,NA,NA,NA,NA,NA,NA,NA,NA,NA
2022,1047,1,3850,60,1,13,35,1,NA,NA,1,2,20,20,1,2,2,3,2,2,2,1,5,NA,NA,NA,NA,NA,NA,NA,NA,NA,NA,NA,NA,NA,NA,NA,NA,NA,NA,NA,NA,NA,NA,NA,NA,NA
2022,1048,6,3420,55,3,14,31,1,NA,NA,2,1,12,6,NA,NA,2,2,NA,NA,NA,NA,0,NA,NA,NA,NA,NA,NA,NA,NA,NA,NA,NA,NA,NA,NA,NA,NA,NA,NA,NA,NA,NA,NA,NA,NA,NA
2022,1049,5,3649,53,2,14,71,1,NA,3,2,3,15,0,2,2,2,3,2,1,1,1,0,1,2,2,2,2,1,1,1,2,2,2,2,1,2,2,3,4,2,3,3,4,2,2,4,3
2022,1050,7,8810,32,4,12,34,1,NA,NA,1,1,NA,0,NA,NA,2,3,NA,NA,NA,NA,5,NA,NA,NA,NA,NA,NA,NA,NA,NA,NA,NA,NA,NA,NA,NA,NA,NA,NA,NA,NA,NA,NA,NA,NA,NA
2022,1051,1,430,39,1,12,59,1,NA,NA,1,1,21,21,3,1,2,2,NA,NA,NA,NA,0,NA,NA,NA,NA,NA,NA,NA,NA,NA,NA,NA,NA,NA,NA,NA,NA,NA,NA,NA,NA,NA,NA,NA,NA,NA
2022,1052,1,4030,21,5,11,25,0,NA,NA,2,3,NA,1,NA,NA,1,2,NA,NA,NA,NA,0,2,2,1,1,2,1,1,1,2,2,2,NA,1,2,NA,NA,NA,NA,NA,2,2,NA,NA,2,2
2022,1053,1,3600,48,3,12,51,1,NA,NA,2,1,17,17,NA,NA,1,3,NA,NA,NA,NA,0,NA,NA,NA,NA,NA,NA,NA,NA,NA,NA,NA,NA,NA,NA,NA,NA,NA,NA,NA,NA,NA,NA,NA,NA,NA
2022,1054,8,9140,26,1,9,83,0,NA,NA,1,1,NA,0,NA,NA,3,1,NA,NA,NA,NA,0,NA,NA,NA,NA,NA,NA,NA,NA,NA,NA,NA,NA,NA,NA,NA,NA,NA,NA,NA,NA,NA,NA,NA,NA,NA
2022,1055,6,9610,22,5,12,29,1,NA,NA,1,3,19,9,NA,1,2,1,NA,NA,NA,NA,5,NA,NA,NA,NA,NA,NA,NA,NA,NA,NA,NA,NA,NA,NA,NA,NA,NA,NA,NA,NA,NA,NA,NA,NA,NA
2022,1056,1,2145,52,1,16,47,3,29,2,2,1,20,20,2,2,3,2,2,2,1,1,5,1,2,2,1,2,1,2,1,1,2,1,2,2,1,1,1,1,1,1,1,1,1,1,1,1
2022,1057,6,NA,NA,5,15,21,1,NA,NA,2,1,NA,NA,NA,NA,3,1,2,1,1,1,5,NA,NA,NA,NA,NA,NA,NA,NA,NA,NA,NA,NA,NA,NA,NA,NA,NA,NA,NA,NA,NA,NA,NA,NA,NA
2022,1058,1,2010,54,1,16,47,4,82,NA,2,2,24,21,1,1,2,3,NA,NA,NA,NA,5,NA,NA,NA,NA,NA,NA,NA,NA,NA,NA,NA,NA,NA,NA,NA,NA,NA,NA,NA,NA,NA,NA,NA,NA,NA
2022,1059,1,630,47,1,12,56,1,NA,NA,2,1,20,19,1,1,2,3,3,3,3,1,5,NA,NA,NA,NA,NA,NA,NA,NA,NA,NA,NA,NA,NA,NA,NA,NA,NA,NA,NA,NA,NA,NA,NA,NA,NA
2022,1060,1,5150,36,1,18,27,4,9,0,1,1,26,22,NA,1,1,1,NA,NA,NA,NA,5,1,1,2,1,2,1,1,2,1,2,2,1,2,1,1,3,4,2,4,1,2,2,3,4,4
2022,1061,1,5240,31,5,12,23,1,NA,NA,2,2,14,9,NA,NA,3,3,NA,NA,NA,NA,5,NA,NA,NA,NA,NA,NA,NA,NA,NA,NA,NA,NA,NA,NA,NA,NA,NA,NA,NA,NA,NA,NA,NA,NA,NA
2022,1062,1,6200,49,5,12,41,1,NA,NA,1,1,NA,NA,NA,2,1,2,NA,NA,NA,1,0,NA,NA,NA,NA,NA,NA,NA,NA,NA,NA,NA,NA,NA,NA,NA,NA,NA,NA,NA,NA,NA,NA,NA,NA,NA
2022,1063,2,4030,21,3,12,48,0,NA,NA,2,1,20,9,2,2,2,2,2,3,2,2,0,NA,NA,NA,NA,NA,NA,NA,NA,NA,NA,NA,NA,NA,NA,NA,NA,NA,NA,NA,NA,NA,NA,NA,NA,NA
2022,1064,1,630,47,1,12,32,1,NA,2,2,1,21,14,NA,2,2,2,2,1,1,1,5,NA,NA,NA,NA,NA,NA,NA,NA,NA,NA,NA,NA,NA,NA,NA,NA,NA,NA,NA,NA,NA,NA,NA,NA,NA
2022,1065,7,5360,36,5,12,23,1,NA,NA,2,1,17,17,NA,NA,2,2,NA,NA,NA,NA,5,NA,NA,NA,NA,NA,NA,NA,NA,NA,NA,NA,NA,NA,NA,NA,NA,NA,NA,NA,NA,NA,NA,NA,NA,NA
2022,1066,7,4760,31,1,13,37,1,NA,1,2,1,20,0,1,1,3,3,NA,NA,NA,NA,7,1,1,NA,1,2,2,1,2,1,2,2,2,2,1,1,1,1,4,1,1,2,4,4,4,4
2022,1067,4,4250,37,5,16,30,3,32,NA,1,2,13,13,1,1,1,1,1,1,1,1,5,NA,NA,NA,NA,NA,NA,NA,NA,NA,NA,NA,NA,NA,NA,NA,NA,NA,NA,NA,NA,NA,NA,NA,NA,NA
2022,1068,5,2860,56,5,17,77,4,29,NA,2,2,1,1,1,1,3,2,NA,NA,NA,NA,0,NA,NA,NA,NA,NA,NA,NA,NA,NA,NA,NA,NA,NA,NA,NA,NA,NA,NA,NA,NA,NA,NA,NA,NA,NA
2022,1069,1,910,45,3,16,62,3,9,NA,2,1,19,19,2,2,3,2,2,1,1,1,2,NA,NA,NA,NA,NA,NA,NA,NA,NA,NA,NA,NA,NA,NA,NA,NA,NA,NA,NA,NA,NA,NA,NA,NA,NA
2022,1070,1,4610,48,2,15,57,1,NA,NA,2,2,NA,11,1,1,2,2,NA,NA,NA,NA,0,NA,NA,NA,NA,NA,NA,NA,NA,NA,NA,NA,NA,NA,NA,NA,NA,NA,NA,NA,NA,NA,NA,NA,NA,NA
2022,1071,1,2830,51,5,17,61,3,28,NA,2,1,NA,NA,1,1,3,3,2,1,1,2,4,NA,NA,NA,NA,NA,NA,NA,NA,NA,NA,NA,NA,NA,NA,NA,NA,NA,NA,NA,NA,NA,NA,NA,NA,NA
2022,1072,1,3255,64,1,18,43,4,51,NA,1,1,24,20,2,2,2,2,3,1,1,NA,0,NA,NA,NA,NA,NA,NA,NA,NA,NA,NA,NA,NA,NA,NA,NA,NA,NA,NA,NA,NA,NA,NA,NA,NA,NA
2022,1073,1,10,72,2,17,46,4,18,NA,1,1,26,26,NA,NA,1,2,NA,NA,NA,NA,0,NA,NA,NA,NA,NA,NA,NA,NA,NA,NA,NA,NA,NA,NA,NA,NA,NA,NA,NA,NA,NA,NA,NA,NA,NA
2022,1074,5,110,60,1,17,82,3,33,1,1,1,22,0,2,2,2,2,1,3,2,1,7,2,2,2,NA,2,1,1,2,1,2,1,2,2,4,4,4,4,3,3,3,2,4,4,4,4
2022,1075,1,1300,73,1,17,56,3,6,2,1,1,26,26,2,2,2,2,NA,NA,NA,NA,3,NA,NA,NA,NA,NA,NA,NA,NA,NA,NA,NA,NA,NA,NA,NA,NA,NA,NA,NA,NA,NA,NA,NA,NA,NA
2022,1076,2,4050,21,5,12,20,1,NA,NA,2,2,2,2,NA,NA,2,1,NA,NA,NA,NA,5,NA,NA,NA,NA,NA,NA,NA,NA,NA,NA,NA,NA,NA,NA,NA,NA,NA,NA,NA,NA,NA,NA,NA,NA,NA
2022,1077,2,9620,25,5,11,34,0,NA,NA,1,3,19,11,NA,NA,1,2,NA,NA,NA,NA,0,NA,NA,NA,NA,NA,NA,NA,NA,NA,NA,NA,NA,NA,NA,NA,NA,NA,NA,NA,NA,NA,NA,NA,NA,NA
2022,1078,2,4510,36,1,NA,30,0,NA,NA,2,1,15,15,NA,NA,3,3,2,2,1,3,0,NA,NA,NA,NA,NA,NA,NA,NA,NA,NA,NA,NA,NA,NA,NA,NA,NA,NA,NA,NA,NA,NA,NA,NA,NA
2022,1079,3,NA,NA,NA,8,44,0,NA,NA,2,1,12,12,NA,NA,1,1,1,1,1,2,5,NA,NA,NA,NA,NA,NA,NA,NA,NA,NA,NA,NA,NA,NA,NA,NA,NA,NA,NA,NA,NA,NA,NA,NA,NA
2022,1080,1,2310,61,5,17,23,4,16,NA,2,1,16,16,NA,1,2,1,NA,NA,NA,NA,2,NA,NA,NA,NA,NA,NA,NA,NA,NA,NA,NA,NA,NA,NA,NA,NA,NA,NA,NA,NA,NA,NA,NA,NA,NA
2022,1081,1,3060,80,5,20,NA,4,34,0,1,1,19,19,2,2,2,2,2,1,2,2,6,1,2,1,2,2,1,2,2,1,2,2,2,2,1,4,1,4,1,4,4,2,4,4,4,4
2022,1082,1,6420,35,3,12,25,1,NA,NA,1,1,18,14,NA,NA,3,2,3,2,1,1,0,NA,NA,NA,NA,NA,NA,NA,NA,NA,NA,NA,NA,NA,NA,NA,NA,NA,NA,NA,NA,NA,NA,NA,NA,NA
2022,1083,7,6440,43,1,12,35,1,NA,NA,1,2,NA,0,NA,NA,2,2,NA,NA,NA,NA,5,NA,NA,NA,NA,NA,NA,NA,NA,NA,NA,NA,NA,NA,NA,NA,NA,NA,NA,NA,NA,NA,NA,NA,NA,NA
2022,1084,1,5320,25,5,16,24,3,9,0,2,1,20,12,1,1,2,2,NA,NA,NA,NA,5,1,1,1,1,2,1,2,1,1,1,2,1,2,3,2,1,2,2,3,2,2,2,4,3,4
2022,1085,1,4710,48,3,12,44,1,NA,NA,1,3,19,NA,NA,NA,1,2,NA,NA,NA,NA,2,NA,NA,NA,NA,NA,NA,NA,NA,NA,NA,NA,NA,NA,NA,NA,NA,NA,NA,NA,NA,NA,NA,NA,NA,NA
2022,1086,1,4220,24,3,12,44,0,NA,NA,2,1,13,0,NA,NA,3,2,NA,NA,NA,NA,0,NA,NA,NA,NA,NA,NA,NA,NA,NA,NA,NA,NA,NA,NA,NA,NA,NA,NA,NA,NA,NA,NA,NA,NA,NA
2022,1087,1,2145,52,1,16,36,2,53,0,2,1,18,18,1,1,2,1,NA,NA,NA,NA,5,2,2,2,NA,2,2,2,2,2,2,2,2,2,4,4,4,4,4,4,4,4,4,4,4,4
2022,1088,7,3600,48,1,12,46,1,NA,NA,1,2,16,0,1,1,1,3,1,1,2,1,0,NA,NA,NA,NA,NA,NA,NA,NA,NA,NA,NA,NA,NA,NA,NA,NA,NA,NA,NA,NA,NA,NA,NA,NA,NA
2022,1089,1,5860,32,5,15,34,2,55,NA,2,2,18,18,1,1,1,3,NA,NA,NA,NA,0,NA,NA,NA,NA,NA,NA,NA,NA,NA,NA,NA,NA,NA,NA,NA,NA,NA,NA,NA,NA,NA,NA,NA,NA,NA
2022,1090,6,4760,31,5,14,19,1,NA,NA,1,2,12,12,NA,NA,NA,3,NA,NA,NA,NA,5,NA,NA,NA,NA,NA,NA,NA,NA,NA,NA,NA,NA,NA,NA,NA,NA,NA,NA,NA,NA,NA,NA,NA,NA,NA
2022,1091,1,5860,32,3,16,51,3,9,1,2,2,18,18,1,1,2,1,NA,NA,NA,NA,5,NA,NA,NA,NA,NA,NA,NA,NA,NA,NA,NA,NA,NA,NA,NA,NA,NA,NA,NA,NA,NA,NA,NA,NA,NA
2022,1092,2,2100,69,1,16,74,3,43,NA,1,2,18,14,NA,NA,1,2,2,1,1,1,3,NA,NA,NA,NA,NA,NA,NA,NA,NA,NA,NA,NA,NA,NA,NA,NA,NA,NA,NA,NA,NA,NA,NA,NA,NA
2022,1093,1,110,60,1,16,53,3,18,NA,1,1,26,24,1,1,2,3,NA,NA,NA,NA,0,NA,NA,NA,NA,NA,NA,NA,NA,NA,NA,NA,NA,NA,NA,NA,NA,NA,NA,NA,NA,NA,NA,NA,NA,NA
2022,1094,1,9130,35,1,16,72,3,23,NA,1,1,24,24,NA,NA,2,2,2,1,1,1,0,NA,NA,NA,NA,NA,NA,NA,NA,NA,NA,NA,NA,NA,NA,NA,NA,NA,NA,NA,NA,NA,NA,NA,NA,NA
2022,1095,1,1460,70,1,18,44,4,18,1,1,3,25,25,NA,1,2,1,NA,NA,NA,NA,0,1,2,1,1,2,1,2,2,2,2,2,2,2,1,2,1,2,3,2,4,4,4,4,4,4
2022,1096,1,430,39,5,16,48,4,32,NA,1,3,23,23,NA,NA,2,3,2,2,2,2,0,2,1,2,2,2,1,1,2,1,2,2,2,2,4,2,1,2,4,1,4,2,4,4,2,2
2022,1097,2,3210,42,5,15,21,1,NA,NA,2,1,22,7,NA,1,3,1,NA,NA,NA,NA,3,NA,NA,NA,NA,NA,NA,NA,NA,NA,NA,NA,NA,NA,NA,NA,NA,NA,NA,NA,NA,NA,NA,NA,NA,NA
2022,1098,1,120,53,1,16,44,3,9,1,2,1,26,23,1,1,1,2,NA,NA,NA,NA,3,1,2,1,1,2,2,2,2,2,2,2,2,2,3,3,3,4,4,4,4,4,4,4,4,4
2022,1099,1,2330,61,1,18,55,4,16,NA,2,1,26,21,2,2,3,3,NA,NA,NA,NA,3,NA,NA,NA,NA,NA,NA,NA,NA,NA,NA,NA,NA,NA,NA,NA,NA,NA,NA,NA,NA,NA,NA,NA,NA,NA
2022,1100,1,1020,60,1,16,50,3,18,4,1,3,24,18,NA,NA,1,2,2,1,1,1,0,NA,NA,NA,NA,NA,NA,NA,NA,NA,NA,NA,NA,NA,NA,NA,NA,NA,NA,NA,NA,NA,NA,NA,NA,NA
2022,1101,1,230,59,1,18,47,4,19,2,2,3,26,20,NA,1,2,3,NA,NA,NA,NA,0,NA,NA,NA,NA,NA,NA,NA,NA,NA,NA,NA,NA,NA,NA,NA,NA,NA,NA,NA,NA,NA,NA,NA,NA,NA
2022,1102,2,4760,31,5,17,26,3,8,0,2,1,NA,0,NA,2,1,4,2,1,2,2,8,NA,NA,NA,NA,NA,NA,NA,NA,NA,NA,NA,NA,NA,NA,NA,NA,NA,NA,NA,NA,NA,NA,NA,NA,NA
2022,1103,1,4760,31,3,20,54,4,32,2,1,1,23,23,1,1,2,2,NA,NA,NA,NA,8,NA,NA,NA,NA,NA,NA,NA,NA,NA,NA,NA,NA,NA,NA,NA,NA,NA,NA,NA,NA,NA,NA,NA,NA,NA
2022,1104,1,430,39,1,16,36,4,9,NA,1,1,22,0,3,1,2,2,NA,NA,NA,NA,3,NA,NA,NA,NA,NA,NA,NA,NA,NA,NA,NA,NA,NA,NA,NA,NA,NA,NA,NA,NA,NA,NA,NA,NA,NA
2022,1105,5,6700,39,1,14,NA,2,6,NA,1,1,22,0,1,1,2,2,3,1,1,1,3,NA,NA,NA,NA,NA,NA,NA,NA,NA,NA,NA,NA,NA,NA,NA,NA,NA,NA,NA,NA,NA,NA,NA,NA,NA
2022,1106,1,5240,31,5,12,26,1,NA,NA,2,2,NA,NA,NA,NA,3,2,3,1,1,3,3,NA,NA,NA,NA,NA,NA,NA,NA,NA,NA,NA,NA,NA,NA,NA,NA,NA,NA,NA,NA,NA,NA,NA,NA,NA
2022,1107,1,4020,33,1,13,33,1,NA,NA,1,2,9,0,1,2,2,3,3,1,1,1,3,NA,NA,NA,NA,NA,NA,NA,NA,NA,NA,NA,NA,NA,NA,NA,NA,NA,NA,NA,NA,NA,NA,NA,NA,NA
2022,1108,2,NA,NA,1,16,32,3,28,NA,2,1,20,9,1,1,2,2,NA,NA,NA,NA,3,NA,NA,NA,NA,NA,NA,NA,NA,NA,NA,NA,NA,NA,NA,NA,NA,NA,NA,NA,NA,NA,NA,NA,NA,NA
2022,1109,2,2300,53,3,18,54,3,16,2,2,2,20,20,1,1,1,2,2,1,1,1,3,NA,NA,NA,NA,NA,NA,NA,NA,NA,NA,NA,NA,NA,NA,NA,NA,NA,NA,NA,NA,NA,NA,NA,NA,NA
2022,1110,1,40,57,1,16,31,4,32,1,2,2,26,23,1,1,2,3,NA,NA,NA,NA,3,1,1,1,1,2,1,1,1,1,1,1,2,1,3,3,3,3,1,3,3,1,1,1,1,3
2022,1111,1,8450,34,5,12,20,1,NA,NA,1,2,20,5,NA,1,2,1,3,1,1,1,3,NA,NA,NA,NA,NA,NA,NA,NA,NA,NA,NA,NA,NA,NA,NA,NA,NA,NA,NA,NA,NA,NA,NA,NA,NA
2022,1112,5,2000,51,1,19,64,4,82,3,1,2,23,0,1,1,1,2,2,1,2,1,3,2,2,2,NA,2,2,1,1,1,2,1,2,1,3,4,4,4,4,4,1,1,4,2,4,2
2022,1113,7,2340,38,NA,15,33,1,NA,NA,2,3,17,0,NA,NA,1,2,NA,NA,NA,NA,3,NA,NA,NA,NA,NA,NA,NA,NA,NA,NA,NA,NA,NA,NA,NA,NA,NA,NA,NA,NA,NA,NA,NA,NA,NA
2022,1114,7,4230,25,5,12,23,1,NA,0,2,2,4,0,NA,1,2,1,NA,NA,NA,NA,3,NA,2,1,1,2,2,2,2,1,2,1,2,2,4,4,2,NA,4,4,4,2,2,2,2,4
2022,1115,4,310,39,1,14,37,1,NA,5,2,1,13,10,NA,NA,2,4,NA,NA,NA,NA,3,NA,NA,NA,NA,NA,NA,NA,NA,NA,NA,NA,NA,NA,NA,NA,NA,NA,NA,NA,NA,NA,NA,NA,NA,NA
2022,1116,1,4700,38,5,13,26,1,NA,NA,1,2,NA,NA,NA,NA,2,2,NA,NA,NA,NA,3,NA,NA,NA,NA,NA,NA,NA,NA,NA,NA,NA,NA,NA,NA,NA,NA,NA,NA,NA,NA,NA,NA,NA,NA,NA
2022,1117,5,4760,31,2,12,67,1,NA,2,1,1,17,0,NA,NA,2,3,NA,NA,NA,NA,3,NA,NA,NA,NA,NA,NA,NA,NA,NA,NA,NA,NA,NA,NA,NA,NA,NA,NA,NA,NA,NA,NA,NA,NA,NA
2022,1118,5,4700,38,1,12,82,1,NA,NA,2,1,22,0,NA,NA,2,3,NA,NA,NA,NA,3,NA,NA,NA,NA,NA,NA,NA,NA,NA,NA,NA,NA,NA,NA,NA,NA,NA,NA,NA,NA,NA,NA,NA,NA,NA
2022,1119,2,3655,49,3,13,42,1,NA,2,2,1,16,16,NA,2,3,3,NA,NA,NA,NA,3,NA,NA,NA,NA,NA,NA,NA,NA,NA,NA,NA,NA,NA,NA,NA,NA,NA,NA,NA,NA,NA,NA,NA,NA,NA
2022,1120,1,4700,38,3,13,60,1,NA,NA,2,1,25,17,2,2,2,2,NA,NA,NA,NA,3,NA,NA,NA,NA,NA,NA,NA,NA,NA,NA,NA,NA,NA,NA,NA,NA,NA,NA,NA,NA,NA,NA,NA,NA,NA
2022,1121,5,5700,47,3,12,66,1,NA,NA,2,1,19,19,NA,1,3,2,NA,NA,NA,NA,3,NA,NA,NA,NA,NA,NA,NA,NA,NA,NA,NA,NA,NA,NA,NA,NA,NA,NA,NA,NA,NA,NA,NA,NA,NA
2022,1122,8,3255,64,2,17,51,3,36,NA,2,2,NA,NA,NA,NA,3,1,2,1,1,1,0,NA,NA,NA,NA,NA,NA,NA,NA,NA,NA,NA,NA,NA,NA,NA,NA,NA,NA,NA,NA,NA,NA,NA,NA,NA
2022,1123,1,430,39,1,19,39,4,16,2,1,1,25,24,1,1,2,1,3,1,2,3,3,1,1,2,1,2,1,2,2,1,2,2,2,2,1,2,4,4,2,4,4,2,4,4,4,3
2022,1124,5,120,53,1,16,80,3,1,0,1,1,25,0,1,1,3,2,NA,NA,NA,NA,3,1,1,2,2,2,1,2,2,2,2,2,2,2,1,2,4,4,2,4,4,4,4,4,4,4
2022,1125,5,8630,49,1,16,75,3,18,NA,1,1,NA,0,1,1,2,2,2,1,1,2,3,1,1,2,1,2,2,2,1,2,2,2,2,2,2,2,4,4,4,4,4,4,4,4,4,4
2022,1126,5,1430,63,1,20,85,4,18,NA,1,1,25,0,2,2,2,2,2,3,3,1,3,NA,NA,NA,NA,NA,NA,NA,NA,NA,NA,NA,NA,NA,NA,NA,NA,NA,NA,NA,NA,NA,NA,NA,NA,NA
2022,1127,2,2630,46,1,20,65,4,9,1,2,1,26,1,2,2,3,2,3,3,2,1,3,NA,NA,NA,NA,NA,NA,NA,NA,NA,NA,NA,NA,NA,NA,NA,NA,NA,NA,NA,NA,NA,NA,NA,NA,NA
2022,1128,5,9830,62,1,16,70,3,19,2,1,1,22,0,1,1,2,3,2,1,1,1,3,1,1,2,1,1,1,2,2,1,2,1,2,1,1,1,4,3,1,4,4,1,4,1,4,2
2022,1129,1,3060,80,1,20,32,4,34,0,2,3,23,20,1,1,2,2,2,1,1,2,9,2,2,1,1,2,1,2,2,2,2,2,2,2,3,4,3,4,2,3,4,4,4,4,4,4
2022,1130,5,120,53,1,16,72,3,1,0,1,1,24,0,1,1,1,2,NA,1,1,2,3,1,2,1,1,2,1,2,1,1,NA,1,2,1,1,2,2,4,2,2,2,2,2,2,4,4
2022,1131,3,5360,36,5,19,41,3,42,NA,2,2,21,21,1,1,2,2,NA,NA,NA,NA,3,NA,NA,NA,NA,NA,NA,NA,NA,NA,NA,NA,NA,NA,NA,NA,NA,NA,NA,NA,NA,NA,NA,NA,NA,NA
2022,1132,5,4760,31,5,20,72,3,42,0,1,1,13,0,1,1,3,1,NA,NA,NA,NA,3,2,2,2,NA,2,1,2,2,2,2,2,2,2,4,4,4,4,1,4,4,4,4,4,4,4
2022,1133,1,350,64,5,17,40,3,55,NA,2,2,19,19,1,1,2,2,2,1,1,1,3,NA,NA,NA,NA,NA,NA,NA,NA,NA,NA,NA,NA,NA,NA,NA,NA,NA,NA,NA,NA,NA,NA,NA,NA,NA
2022,1134,2,NA,NA,1,20,43,4,16,NA,2,1,23,8,1,1,2,2,NA,NA,NA,NA,3,NA,NA,NA,NA,NA,NA,NA,NA,NA,NA,NA,NA,NA,NA,NA,NA,NA,NA,NA,NA,NA,NA,NA,NA,NA
2022,1135,5,800,60,3,16,69,3,16,NA,1,1,17,0,1,1,1,1,2,1,2,1,3,NA,NA,NA,NA,NA,NA,NA,NA,NA,NA,NA,NA,NA,NA,NA,NA,NA,NA,NA,NA,NA,NA,NA,NA,NA
2022,1136,5,4510,36,2,14,69,1,NA,NA,2,1,26,0,1,1,3,2,1,1,1,1,3,NA,NA,NA,NA,NA,NA,NA,NA,NA,NA,NA,NA,NA,NA,NA,NA,NA,NA,NA,NA,NA,NA,NA,NA,NA
2022,1137,1,6050,27,5,14,30,1,NA,NA,1,1,17,17,NA,NA,2,2,1,1,1,3,9,NA,NA,NA,NA,NA,NA,NA,NA,NA,NA,NA,NA,NA,NA,NA,NA,NA,NA,NA,NA,NA,NA,NA,NA,NA
2022,1138,NA,NA,47,5,10,60,0,NA,NA,1,1,NA,NA,NA,2,3,3,NA,NA,NA,NA,3,NA,NA,NA,NA,NA,NA,NA,NA,NA,NA,NA,NA,NA,NA,NA,NA,NA,NA,NA,NA,NA,NA,NA,NA,NA
2022,1139,7,NA,NA,5,12,26,1,NA,NA,2,1,15,0,1,1,2,2,2,1,1,1,3,NA,NA,NA,NA,NA,NA,NA,NA,NA,NA,NA,NA,NA,NA,NA,NA,NA,NA,NA,NA,NA,NA,NA,NA,NA
2022,1140,1,7750,35,5,12,35,1,NA,NA,1,1,15,15,1,1,2,2,NA,NA,NA,NA,3,NA,NA,NA,NA,NA,NA,NA,NA,NA,NA,NA,NA,NA,NA,NA,NA,NA,NA,NA,NA,NA,NA,NA,NA,NA
2022,1141,8,7240,34,1,13,61,1,NA,NA,1,1,10,0,2,2,2,4,2,2,2,1,3,NA,NA,NA,NA,NA,NA,NA,NA,NA,NA,NA,NA,NA,NA,NA,NA,NA,NA,NA,NA,NA,NA,NA,NA,NA
2022,1142,1,4020,33,5,12,18,1,NA,NA,1,2,9,2,NA,NA,3,3,NA,NA,NA,NA,3,NA,NA,NA,NA,NA,NA,NA,NA,NA,NA,NA,NA,NA,NA,NA,NA,NA,NA,NA,NA,NA,NA,NA,NA,NA
2022,1143,4,2540,48,5,12,21,1,NA,NA,2,1,1,0,NA,NA,3,2,2,1,1,1,3,NA,NA,NA,NA,NA,NA,NA,NA,NA,NA,NA,NA,NA,NA,NA,NA,NA,NA,NA,NA,NA,NA,NA,NA,NA
2022,1144,5,10,72,2,14,78,1,NA,NA,1,1,19,0,1,1,3,4,2,1,1,2,3,NA,NA,NA,NA,NA,NA,NA,NA,NA,NA,NA,NA,NA,NA,NA,NA,NA,NA,NA,NA,NA,NA,NA,NA,NA
2022,1145,2,9830,62,5,16,27,3,41,NA,1,3,15,15,NA,NA,3,2,1,2,1,1,2,NA,NA,NA,NA,NA,NA,NA,NA,NA,NA,NA,NA,NA,NA,NA,NA,NA,NA,NA,NA,NA,NA,NA,NA,NA
2022,1146,1,4720,28,5,13,21,1,NA,1,2,2,9,9,NA,NA,3,2,2,1,1,1,3,1,1,1,1,1,1,1,1,1,1,1,2,1,2,2,2,2,2,2,2,2,2,2,2,2
2022,1147,1,9130,35,5,12,21,1,NA,0,1,1,13,0,NA,NA,2,2,NA,NA,NA,NA,3,2,2,1,2,2,2,2,2,2,2,2,2,2,2,2,2,2,2,2,2,2,2,2,2,2
2022,1148,4,9130,35,5,12,22,1,NA,NA,1,2,19,16,NA,NA,2,3,NA,NA,NA,NA,3,NA,NA,NA,NA,NA,NA,NA,NA,NA,NA,NA,NA,NA,NA,NA,NA,NA,NA,NA,NA,NA,NA,NA,NA,NA
2022,1149,2,4040,32,5,14,24,1,NA,1,2,2,21,17,2,NA,3,2,2,1,1,1,3,NA,NA,NA,NA,NA,NA,NA,NA,NA,NA,NA,NA,NA,NA,NA,NA,NA,NA,NA,NA,NA,NA,NA,NA,NA
2022,1150,1,5410,33,5,NA,26,0,NA,NA,1,3,NA,NA,NA,NA,1,1,2,1,1,1,0,NA,NA,NA,NA,NA,NA,NA,NA,NA,NA,NA,NA,NA,NA,NA,NA,NA,NA,NA,NA,NA,NA,NA,NA,NA
2022,1151,2,3600,48,1,12,57,1,NA,NA,2,1,14,0,2,2,2,2,1,3,1,1,3,1,2,1,1,2,1,2,2,1,2,2,2,1,1,4,3,4,2,4,4,4,4,4,4,4
2022,1152,1,5600,40,3,16,50,3,9,NA,1,2,23,23,NA,NA,3,3,NA,NA,NA,NA,3,NA,NA,NA,NA,NA,NA,NA,NA,NA,NA,NA,NA,NA,NA,NA,NA,NA,NA,NA,NA,NA,NA,NA,NA,NA
2022,1153,2,8330,34,3,13,75,1,NA,2,1,1,18,8,1,1,2,2,2,1,1,1,3,2,2,1,2,2,1,2,1,1,2,2,2,2,1,4,2,4,2,4,2,2,4,4,4,4
2022,1154,5,5700,47,2,14,NA,1,NA,NA,2,3,NA,0,NA,NA,3,3,3,1,1,1,7,NA,NA,NA,NA,NA,NA,NA,NA,NA,NA,NA,NA,NA,NA,NA,NA,NA,NA,NA,NA,NA,NA,NA,NA,NA
2022,1155,1,1530,70,5,16,25,3,18,NA,1,1,21,21,NA,2,2,1,2,2,2,2,1,NA,NA,NA,NA,NA,NA,NA,NA,NA,NA,NA,NA,NA,NA,NA,NA,NA,NA,NA,NA,NA,NA,NA,NA,NA
2022,1156,5,7750,35,3,13,65,0,NA,3,1,1,16,0,1,1,2,3,NA,NA,NA,NA,3,2,2,2,NA,2,2,2,2,2,2,1,2,2,4,4,4,4,3,3,4,4,3,4,2,4
2022,1157,1,4610,48,5,13,27,1,NA,2,2,1,17,11,NA,1,3,4,2,1,1,1,3,NA,NA,NA,NA,NA,NA,NA,NA,NA,NA,NA,NA,NA,NA,NA,NA,NA,NA,NA,NA,NA,NA,NA,NA,NA
2022,1158,5,6260,28,5,12,64,1,NA,NA,1,1,9,0,NA,NA,2,2,3,2,2,3,3,NA,NA,NA,NA,NA,NA,NA,NA,NA,NA,NA,NA,NA,NA,NA,NA,NA,NA,NA,NA,NA,NA,NA,NA,NA
2022,1159,5,4760,31,1,12,68,1,NA,NA,2,1,18,0,1,1,3,3,3,1,1,1,3,NA,NA,NA,NA,NA,NA,NA,NA,NA,NA,NA,NA,NA,NA,NA,NA,NA,NA,NA,NA,NA,NA,NA,NA,NA
2022,1160,4,4020,33,5,11,19,0,NA,NA,1,1,NA,8,NA,NA,3,2,NA,NA,NA,NA,3,NA,NA,NA,NA,NA,NA,NA,NA,NA,NA,NA,NA,NA,NA,NA,NA,NA,NA,NA,NA,NA,NA,NA,NA,NA
2022,1161,1,8930,32,3,13,39,1,NA,3,2,1,NA,10,2,2,2,2,NA,NA,NA,NA,3,NA,NA,NA,NA,NA,NA,NA,NA,NA,NA,NA,NA,NA,NA,NA,NA,NA,NA,NA,NA,NA,NA,NA,NA,NA
2022,1162,5,2340,38,2,12,89,1,NA,NA,2,1,9,0,1,1,2,4,NA,NA,NA,NA,3,NA,NA,NA,NA,NA,NA,NA,NA,NA,NA,NA,NA,NA,NA,NA,NA,NA,NA,NA,NA,NA,NA,NA,NA,NA
2022,1163,1,4200,37,1,12,32,1,NA,NA,1,1,16,9,NA,2,1,1,2,1,1,1,3,NA,NA,NA,NA,NA,NA,NA,NA,NA,NA,NA,NA,NA,NA,NA,NA,NA,NA,NA,NA,NA,NA,NA,NA,NA
2022,1164,5,7700,50,1,14,59,1,NA,4,1,1,22,22,2,2,2,2,NA,NA,NA,NA,3,NA,NA,NA,NA,NA,NA,NA,NA,NA,NA,NA,NA,NA,NA,NA,NA,NA,NA,NA,NA,NA,NA,NA,NA,NA
2022,1165,1,2000,51,3,20,51,4,82,NA,2,1,21,20,1,1,2,1,3,1,1,1,3,NA,NA,NA,NA,NA,NA,NA,NA,NA,NA,NA,NA,NA,NA,NA,NA,NA,NA,NA,NA,NA,NA,NA,NA,NA
2022,1166,8,8030,40,5,6,56,0,NA,NA,2,1,3,0,NA,NA,2,3,NA,NA,NA,NA,3,NA,NA,NA,NA,NA,NA,NA,NA,NA,NA,NA,NA,NA,NA,NA,NA,NA,NA,NA,NA,NA,NA,NA,NA,NA
2022,1167,4,4220,24,5,12,20,1,NA,NA,2,2,8,4,NA,2,2,2,NA,NA,NA,NA,3,NA,NA,NA,NA,NA,NA,NA,NA,NA,NA,NA,NA,NA,NA,NA,NA,NA,NA,NA,NA,NA,NA,NA,NA,NA
2022,1168,2,520,45,5,12,63,1,NA,0,1,1,14,14,NA,2,2,2,NA,NA,NA,NA,3,2,2,2,NA,2,1,2,2,2,2,2,2,2,4,4,4,4,2,4,4,4,4,4,4,4
2022,1169,3,3000,61,5,20,52,4,55,0,1,1,26,26,2,NA,2,3,NA,NA,NA,NA,3,NA,NA,NA,NA,NA,NA,NA,NA,NA,NA,NA,NA,NA,NA,NA,NA,NA,NA,NA,NA,NA,NA,NA,NA,NA
2022,1170,1,50,53,3,12,NA,1,NA,2,2,1,13,13,1,1,2,1,NA,NA,NA,NA,9,2,2,1,1,2,2,2,2,2,2,2,2,2,2,4,1,4,4,4,4,4,4,4,4,4
2022,1171,5,4220,24,1,12,76,0,NA,NA,1,1,NA,0,1,1,2,3,2,1,1,1,8,NA,NA,NA,NA,NA,NA,NA,NA,NA,NA,NA,NA,NA,NA,NA,NA,NA,NA,NA,NA,NA,NA,NA,NA,NA
2022,1172,1,9620,25,1,15,24,1,NA,NA,1,1,17,16,1,1,2,2,2,1,1,3,9,NA,NA,NA,NA,NA,NA,NA,NA,NA,NA,NA,NA,NA,NA,NA,NA,NA,NA,NA,NA,NA,NA,NA,NA,NA
2022,1173,2,4720,28,5,7,41,0,NA,6,2,1,10,10,2,NA,2,2,2,2,1,1,7,NA,NA,NA,NA,NA,NA,NA,NA,NA,NA,NA,NA,NA,NA,NA,NA,NA,NA,NA,NA,NA,NA,NA,NA,NA
2022,1174,1,4920,49,5,15,40,1,NA,NA,1,3,26,26,NA,NA,2,2,NA,NA,NA,NA,9,NA,NA,NA,NA,NA,NA,NA,NA,NA,NA,NA,NA,NA,NA,NA,NA,NA,NA,NA,NA,NA,NA,NA,NA,NA
2022,1175,1,3310,56,1,8,45,0,NA,NA,2,3,23,23,1,1,1,1,2,1,1,2,9,NA,NA,NA,NA,NA,NA,NA,NA,NA,NA,NA,NA,NA,NA,NA,NA,NA,NA,NA,NA,NA,NA,NA,NA,NA
2022,1176,2,5510,29,3,12,58,1,NA,NA,1,1,19,0,NA,NA,2,2,NA,NA,NA,NA,8,NA,NA,NA,NA,NA,NA,NA,NA,NA,NA,NA,NA,NA,NA,NA,NA,NA,NA,NA,NA,NA,NA,NA,NA,NA
2022,1177,8,3500,69,2,14,72,2,36,NA,2,1,14,0,1,1,2,3,NA,NA,NA,NA,9,NA,NA,NA,NA,NA,NA,NA,NA,NA,NA,NA,NA,NA,NA,NA,NA,NA,NA,NA,NA,NA,NA,NA,NA,NA
2022,1178,2,6260,28,2,11,59,0,NA,NA,1,1,14,NA,NA,NA,3,3,NA,NA,NA,NA,9,NA,NA,NA,NA,NA,NA,NA,NA,NA,NA,NA,NA,NA,NA,NA,NA,NA,NA,NA,NA,NA,NA,NA,NA,NA
2022,1179,1,4720,28,5,13,55,1,NA,NA,1,1,16,NA,3,1,3,4,1,1,1,3,5,NA,NA,NA,NA,NA,NA,NA,NA,NA,NA,NA,NA,NA,NA,NA,NA,NA,NA,NA,NA,NA,NA,NA,NA,NA
2022,1180,5,2200,74,1,16,55,3,44,NA,1,1,23,0,1,1,3,2,3,1,1,1,9,1,1,2,2,2,2,2,1,1,2,1,2,1,2,4,4,4,2,2,1,2,4,3,2,1
2022,1181,5,7700,50,3,12,71,1,NA,NA,1,1,15,0,1,NA,3,3,1,1,1,2,9,NA,NA,NA,NA,NA,NA,NA,NA,NA,NA,NA,NA,NA,NA,NA,NA,NA,NA,NA,NA,NA,NA,NA,NA,NA
2022,1182,5,420,52,1,18,76,4,82,2,2,1,24,0,1,1,1,3,1,1,2,1,3,1,1,1,2,2,1,2,2,1,2,2,2,2,1,1,1,4,2,4,4,2,4,4,3,4
2022,1183,5,NA,NA,2,16,82,3,43,4,2,1,23,0,1,1,2,4,NA,NA,NA,NA,3,2,2,2,NA,2,1,NA,1,1,2,2,2,2,4,4,4,4,3,4,4,4,4,4,4,4
2022,1184,2,4020,33,4,12,20,1,NA,0,2,3,20,5,NA,NA,3,2,3,1,1,2,9,NA,NA,NA,NA,NA,NA,NA,NA,NA,NA,NA,NA,NA,NA,NA,NA,NA,NA,NA,NA,NA,NA,NA,NA,NA
2022,1185,1,4840,43,3,9,58,1,NA,NA,2,1,20,18,2,2,2,2,3,3,3,1,7,NA,NA,NA,NA,NA,NA,NA,NA,NA,NA,NA,NA,NA,NA,NA,NA,NA,NA,NA,NA,NA,NA,NA,NA,NA
2022,1186,6,NA,NA,5,12,19,1,NA,0,1,1,14,0,NA,NA,2,2,NA,NA,NA,NA,9,NA,NA,NA,NA,NA,NA,NA,NA,NA,NA,NA,NA,NA,NA,NA,NA,NA,NA,NA,NA,NA,NA,NA,NA,NA
2022,1187,4,6260,28,3,12,55,1,NA,NA,1,1,21,19,3,NA,3,3,NA,NA,NA,NA,9,NA,NA,NA,NA,NA,NA,NA,NA,NA,NA,NA,NA,NA,NA,NA,NA,NA,NA,NA,NA,NA,NA,NA,NA,NA
2022,1188,1,5700,47,3,14,37,1,NA,NA,2,1,21,19,NA,NA,2,2,NA,NA,NA,NA,9,NA,NA,NA,NA,NA,NA,NA,NA,NA,NA,NA,NA,NA,NA,NA,NA,NA,NA,NA,NA,NA,NA,NA,NA,NA
2022,1189,8,7200,45,5,12,47,1,NA,NA,1,1,16,16,NA,NA,2,3,NA,NA,NA,NA,8,NA,NA,NA,NA,NA,NA,NA,NA,NA,NA,NA,NA,NA,NA,NA,NA,NA,NA,NA,NA,NA,NA,NA,NA,NA
2022,1190,1,20,50,3,18,52,4,16,NA,2,1,24,24,1,1,2,2,2,1,1,2,2,NA,NA,NA,NA,NA,NA,NA,NA,NA,NA,NA,NA,NA,NA,NA,NA,NA,NA,NA,NA,NA,NA,NA,NA,NA
2022,1191,1,4700,38,NA,16,NA,3,26,NA,2,NA,NA,NA,NA,NA,2,2,2,2,1,1,NA,NA,NA,NA,NA,NA,NA,NA,NA,NA,NA,NA,NA,NA,NA,NA,NA,NA,NA,NA,NA,NA,NA,NA,NA,NA
2022,1192,5,9030,65,1,14,89,2,68,NA,1,1,22,0,2,2,2,2,2,1,1,1,3,1,2,2,2,2,1,2,2,2,2,1,2,2,3,4,3,4,2,4,3,4,4,4,4,4
2022,1193,7,6260,28,5,13,53,1,NA,NA,1,3,9,9,NA,NA,3,3,3,1,1,1,0,NA,NA,NA,NA,NA,NA,NA,NA,NA,NA,NA,NA,NA,NA,NA,NA,NA,NA,NA,NA,NA,NA,NA,NA,NA
2022,1194,5,4760,31,3,14,74,2,43,6,1,1,17,0,2,2,3,2,2,3,2,1,3,NA,NA,NA,NA,NA,NA,NA,NA,NA,NA,NA,NA,NA,NA,NA,NA,NA,NA,NA,NA,NA,NA,NA,NA,NA
2022,1195,2,4220,24,5,16,NA,3,12,0,1,1,20,18,1,1,2,1,2,2,1,2,9,2,2,2,NA,2,1,2,2,1,2,2,2,1,4,3,3,4,2,3,2,2,3,4,2,2
2022,1196,1,3060,80,3,17,37,4,NA,NA,1,1,20,20,1,1,2,2,NA,NA,NA,NA,5,NA,NA,NA,NA,NA,NA,NA,NA,NA,NA,NA,NA,NA,NA,NA,NA,NA,NA,NA,NA,NA,NA,NA,NA,NA
2022,1197,7,2200,74,1,17,39,4,14,NA,2,3,22,0,NA,NA,1,2,NA,NA,NA,NA,0,NA,NA,NA,NA,NA,NA,NA,NA,NA,NA,NA,NA,NA,NA,NA,NA,NA,NA,NA,NA,NA,NA,NA,NA,NA
2022,1198,1,1360,65,1,18,33,4,9,0,2,1,22,22,1,1,2,1,NA,NA,NA,NA,8,1,1,1,1,1,1,1,2,2,2,2,2,2,1,1,4,1,2,2,2,2,2,2,2,2
2022,1199,1,120,53,1,16,44,3,18,2,2,3,26,26,NA,NA,2,2,NA,NA,NA,NA,0,1,2,1,1,2,1,1,1,1,1,1,2,1,1,4,1,4,2,2,1,3,2,2,2,2
2022,1200,2,3955,32,5,15,21,1,NA,NA,1,1,26,5,NA,2,1,1,3,1,1,2,9,NA,NA,NA,NA,NA,NA,NA,NA,NA,NA,NA,NA,NA,NA,NA,NA,NA,NA,NA,NA,NA,NA,NA,NA,NA
2022,1201,6,NA,NA,5,15,22,2,50,0,2,1,NA,0,NA,1,3,2,NA,NA,NA,NA,9,2,2,2,NA,1,1,2,2,1,2,2,2,2,4,4,4,1,1,4,4,4,4,4,4,4
2022,1202,5,2310,61,1,17,NA,4,42,1,2,1,25,17,1,1,1,3,NA,1,1,NA,9,2,2,2,NA,2,1,1,1,1,2,1,1,1,3,3,3,2,1,2,1,1,2,1,1,1
2022,1203,2,6260,28,5,12,NA,1,NA,NA,1,1,8,8,NA,NA,2,2,NA,NA,NA,NA,9,NA,NA,NA,NA,NA,NA,NA,NA,NA,NA,NA,NA,NA,NA,NA,NA,NA,NA,NA,NA,NA,NA,NA,NA,NA
2022,1204,1,3600,48,3,13,NA,1,NA,NA,2,1,16,16,NA,1,1,2,NA,NA,NA,NA,9,NA,NA,NA,NA,NA,NA,NA,NA,NA,NA,NA,NA,NA,NA,NA,NA,NA,NA,NA,NA,NA,NA,NA,NA,NA
2022,1205,4,2700,58,5,13,NA,1,NA,NA,1,1,11,0,2,2,3,1,1,1,3,3,8,NA,NA,NA,NA,NA,NA,NA,NA,NA,NA,NA,NA,NA,NA,NA,NA,NA,NA,NA,NA,NA,NA,NA,NA,NA
2022,1206,4,4760,31,4,16,55,3,55,NA,1,1,19,0,NA,NA,3,3,3,1,2,1,9,NA,NA,NA,NA,NA,NA,NA,NA,NA,NA,NA,NA,NA,NA,NA,NA,NA,NA,NA,NA,NA,NA,NA,NA,NA
2022,1207,1,7150,40,3,16,59,1,NA,NA,1,3,23,23,1,1,3,3,NA,NA,NA,NA,NA,NA,NA,NA,NA,NA,NA,NA,NA,NA,NA,NA,NA,NA,NA,NA,NA,NA,NA,NA,NA,NA,NA,NA,NA,NA
2022,1208,4,4250,37,5,12,36,1,NA,NA,2,3,NA,NA,NA,NA,2,3,2,1,1,NA,9,NA,NA,NA,NA,NA,NA,NA,NA,NA,NA,NA,NA,NA,NA,NA,NA,NA,NA,NA,NA,NA,NA,NA,NA,NA
2022,1209,1,4220,24,2,12,37,1,NA,NA,1,1,18,17,NA,NA,3,3,2,1,1,1,9,NA,NA,NA,NA,NA,NA,NA,NA,NA,NA,NA,NA,NA,NA,NA,NA,NA,NA,NA,NA,NA,NA,NA,NA,NA
2022,1210,1,9620,25,1,14,57,1,NA,6,1,2,26,14,1,1,2,2,NA,NA,NA,NA,9,2,2,1,1,1,1,1,2,2,2,2,2,2,4,3,2,1,1,2,4,4,4,4,3,4
2022,1211,5,4020,33,3,14,79,1,NA,NA,1,3,8,0,NA,NA,2,1,3,2,1,1,0,NA,NA,2,NA,2,2,2,2,2,2,2,2,2,4,4,4,4,4,4,4,4,4,4,4,4
2022,1212,8,2330,61,3,20,73,4,45,2,2,2,7,0,2,2,3,4,NA,NA,NA,NA,5,NA,NA,NA,NA,NA,NA,NA,NA,NA,NA,NA,NA,NA,NA,NA,NA,NA,NA,NA,NA,NA,NA,NA,NA,NA
2022,1213,8,9620,25,2,12,58,1,NA,NA,2,1,11,0,NA,NA,2,3,2,2,2,1,9,NA,NA,NA,NA,NA,NA,NA,NA,NA,NA,NA,NA,NA,NA,NA,NA,NA,NA,NA,NA,NA,NA,NA,NA,NA
2022,1214,2,5120,45,3,17,80,3,35,NA,2,1,15,11,1,1,3,2,NA,NA,NA,NA,8,NA,NA,NA,NA,NA,NA,NA,NA,NA,NA,NA,NA,NA,NA,NA,NA,NA,NA,NA,NA,NA,NA,NA,NA,NA
2022,1215,3,20,50,5,11,47,1,NA,NA,2,1,22,22,1,NA,2,2,NA,NA,NA,NA,9,NA,NA,NA,NA,NA,NA,NA,NA,NA,NA,NA,NA,NA,NA,NA,NA,NA,NA,NA,NA,NA,NA,NA,NA,NA
2022,1216,4,3649,53,1,14,54,2,8,2,2,1,17,0,1,1,1,1,3,1,1,1,9,NA,NA,NA,NA,NA,NA,NA,NA,NA,NA,NA,NA,NA,NA,NA,NA,NA,NA,NA,NA,NA,NA,NA,NA,NA
2022,1217,1,5240,31,3,14,33,2,34,NA,2,2,20,20,NA,NA,3,2,3,1,1,1,5,NA,NA,NA,NA,NA,NA,NA,NA,NA,NA,NA,NA,NA,NA,NA,NA,NA,NA,NA,NA,NA,NA,NA,NA,NA
2022,1218,5,4230,25,5,11,58,1,NA,NA,2,2,16,5,NA,NA,2,2,2,1,1,1,NA,NA,NA,NA,NA,NA,NA,NA,NA,NA,NA,NA,NA,NA,NA,NA,NA,NA,NA,NA,NA,NA,NA,NA,NA,NA
2022,1219,5,1610,73,5,13,67,1,NA,NA,1,1,11,0,NA,NA,2,3,1,1,1,1,9,NA,NA,NA,NA,NA,NA,NA,NA,NA,NA,NA,NA,NA,NA,NA,NA,NA,NA,NA,NA,NA,NA,NA,NA,NA
2022,1220,4,4920,49,3,16,70,1,NA,NA,2,1,16,0,1,1,2,1,NA,NA,NA,NA,2,NA,NA,NA,NA,NA,NA,NA,NA,NA,NA,NA,NA,NA,NA,NA,NA,NA,NA,NA,NA,NA,NA,NA,NA,NA
2022,1221,5,230,59,2,14,78,2,9,NA,2,1,14,0,1,1,1,2,NA,NA,NA,NA,9,NA,NA,NA,NA,NA,NA,NA,NA,NA,NA,NA,NA,NA,NA,NA,NA,NA,NA,NA,NA,NA,NA,NA,NA,NA
2022,1222,1,3160,65,5,16,35,3,9,NA,2,1,22,21,2,2,2,2,2,1,1,1,9,NA,NA,NA,NA,NA,NA,NA,NA,NA,NA,NA,NA,NA,NA,NA,NA,NA,NA,NA,NA,NA,NA,NA,NA,NA
2022,1223,5,2100,69,2,19,69,4,29,NA,1,1,26,0,1,1,3,2,2,1,2,2,9,NA,NA,NA,NA,NA,NA,NA,NA,NA,NA,NA,NA,NA,NA,NA,NA,NA,NA,NA,NA,NA,NA,NA,NA,NA
2022,1224,3,20,50,5,15,28,3,47,NA,2,3,17,0,2,1,3,3,2,1,1,2,9,NA,NA,NA,NA,NA,NA,NA,NA,NA,NA,NA,NA,NA,NA,NA,NA,NA,NA,NA,NA,NA,NA,NA,NA,NA
2022,1225,1,3600,48,3,15,63,1,NA,0,2,1,16,16,1,1,2,1,2,1,NA,1,5,1,1,2,1,1,1,2,2,1,2,2,2,2,3,2,4,1,2,4,4,4,4,NA,4,4
2022,1226,1,1360,65,5,16,NA,4,14,NA,2,3,26,26,NA,NA,2,3,3,1,1,1,2,NA,NA,NA,NA,NA,NA,NA,NA,NA,NA,NA,NA,NA,NA,NA,NA,NA,NA,NA,NA,NA,NA,NA,NA,NA
2022,1227,3,3255,64,1,18,58,3,36,NA,2,1,26,20,1,1,2,2,3,1,1,1,9,1,2,2,1,2,1,2,1,1,2,1,2,2,1,4,4,4,1,4,3,1,4,4,4,1
2022,1228,1,1300,73,5,16,28,3,6,0,1,1,20,20,1,1,3,1,1,1,1,1,9,1,1,1,1,1,1,2,1,2,2,2,2,2,1,1,2,2,1,3,2,2,2,2,3,4
2022,1229,8,2310,61,1,18,37,4,42,NA,2,1,22,14,1,1,2,2,2,1,1,1,9,NA,NA,NA,NA,NA,NA,NA,NA,NA,NA,NA,NA,NA,NA,NA,NA,NA,NA,NA,NA,NA,NA,NA,NA,NA
2022,1230,1,8740,39,5,18,75,1,NA,0,1,1,15,15,1,1,2,2,2,1,1,1,0,1,1,1,2,2,1,2,2,1,2,2,1,2,1,1,1,2,2,2,2,2,4,4,1,2
2022,1231,7,1050,48,1,16,49,1,NA,NA,1,1,26,19,1,1,1,1,NA,NA,NA,NA,4,NA,NA,NA,NA,NA,NA,NA,NA,NA,NA,NA,NA,NA,NA,NA,NA,NA,NA,NA,NA,NA,NA,NA,NA,NA
2022,1232,4,5700,47,5,18,42,4,16,NA,2,1,16,0,2,2,3,2,NA,NA,NA,NA,9,NA,NA,NA,NA,NA,NA,NA,NA,NA,NA,NA,NA,NA,NA,NA,NA,NA,NA,NA,NA,NA,NA,NA,NA,NA
2022,1233,1,800,60,5,20,46,4,51,0,2,1,23,23,1,1,2,1,1,1,1,3,4,1,2,1,1,1,1,2,2,1,2,2,2,2,1,1,1,3,2,3,3,2,4,4,2,4
2022,1234,1,2540,48,1,16,40,3,61,NA,2,1,26,18,1,1,2,3,2,3,1,1,9,NA,NA,NA,NA,NA,NA,NA,NA,NA,NA,NA,NA,NA,NA,NA,NA,NA,NA,NA,NA,NA,NA,NA,NA,NA
2022,1235,1,2340,38,1,19,33,4,9,NA,2,3,NA,NA,1,1,1,2,NA,NA,NA,NA,9,NA,NA,NA,NA,NA,NA,NA,NA,NA,NA,NA,NA,NA,NA,NA,NA,NA,NA,NA,NA,NA,NA,NA,NA,NA
2022,1236,2,4050,21,5,8,39,0,NA,NA,2,NA,3,0,NA,NA,1,3,3,1,1,1,9,NA,NA,NA,NA,NA,NA,NA,NA,NA,NA,NA,NA,NA,NA,NA,NA,NA,NA,NA,NA,NA,NA,NA,NA,NA
2022,1237,3,2310,61,5,16,32,3,16,0,2,1,20,19,3,1,2,1,NA,NA,NA,NA,9,1,1,1,1,1,1,1,1,1,1,1,1,1,1,1,1,1,2,3,3,2,3,2,2,2
2022,1238,8,4720,28,3,14,45,2,55,3,2,1,5,0,NA,NA,3,4,3,1,1,1,9,NA,NA,NA,NA,NA,NA,NA,NA,NA,NA,NA,NA,NA,NA,NA,NA,NA,NA,NA,NA,NA,NA,NA,NA,NA
2022,1239,4,8750,42,5,11,27,0,NA,NA,1,1,NA,NA,2,2,2,3,3,1,1,1,9,NA,NA,NA,NA,NA,NA,NA,NA,NA,NA,NA,NA,NA,NA,NA,NA,NA,NA,NA,NA,NA,NA,NA,NA,NA
2022,1240,1,530,42,1,16,56,3,1,2,1,1,20,19,2,1,2,2,NA,NA,NA,NA,0,NA,NA,NA,NA,NA,NA,NA,NA,NA,NA,NA,NA,NA,NA,NA,NA,NA,NA,NA,NA,NA,NA,NA,NA,NA
2022,1241,8,9620,25,3,13,60,1,NA,NA,1,1,NA,0,NA,NA,2,2,2,1,2,1,9,NA,NA,NA,NA,NA,NA,NA,NA,NA,NA,NA,NA,NA,NA,NA,NA,NA,NA,NA,NA,NA,NA,NA,NA,NA
2022,1242,1,1720,72,3,14,52,1,NA,NA,1,3,19,19,1,1,1,1,1,1,1,2,8,NA,NA,NA,NA,NA,NA,NA,NA,NA,NA,NA,NA,NA,NA,NA,NA,NA,NA,NA,NA,NA,NA,NA,NA,NA
2022,1243,1,9130,35,4,12,50,1,NA,NA,1,3,22,22,2,2,1,3,NA,NA,NA,NA,8,NA,NA,NA,NA,NA,NA,NA,NA,NA,NA,NA,NA,NA,NA,NA,NA,NA,NA,NA,NA,NA,NA,NA,NA,NA
2022,1244,1,NA,NA,1,12,39,1,NA,NA,2,3,20,NA,NA,NA,2,1,2,1,1,1,8,NA,NA,NA,NA,NA,NA,NA,NA,NA,NA,NA,NA,NA,NA,NA,NA,NA,NA,NA,NA,NA,NA,NA,NA,NA
2022,1245,5,6840,40,2,13,84,1,NA,NA,1,1,11,0,2,2,2,3,NA,NA,NA,NA,4,NA,NA,NA,NA,NA,NA,NA,NA,NA,NA,NA,NA,NA,NA,NA,NA,NA,NA,NA,NA,NA,NA,NA,NA,NA
2022,1246,1,8140,38,1,12,40,1,NA,NA,1,2,21,21,NA,NA,2,2,NA,NA,NA,NA,3,NA,NA,NA,NA,NA,NA,NA,NA,NA,NA,NA,NA,NA,NA,NA,NA,NA,NA,NA,NA,NA,NA,NA,NA,NA
2022,1247,2,4800,38,3,NA,64,0,NA,NA,2,3,13,13,1,2,3,2,3,2,2,1,9,NA,NA,NA,NA,NA,NA,NA,NA,NA,NA,NA,NA,NA,NA,NA,NA,NA,NA,NA,NA,NA,NA,NA,NA,NA
2022,1248,5,5120,45,1,16,71,3,63,NA,2,1,20,0,2,2,3,2,NA,NA,NA,NA,9,NA,NA,NA,NA,NA,NA,NA,NA,NA,NA,NA,NA,NA,NA,NA,NA,NA,NA,NA,NA,NA,NA,NA,NA,NA
2022,1249,1,800,60,1,18,53,4,16,NA,1,1,22,22,4,2,3,2,NA,3,NA,1,8,NA,NA,NA,NA,NA,NA,NA,NA,NA,NA,NA,NA,NA,NA,NA,NA,NA,NA,NA,NA,NA,NA,NA,NA,NA
2022,1250,1,1020,60,3,17,41,3,12,NA,1,1,25,0,NA,1,2,2,NA,NA,NA,NA,9,NA,NA,NA,NA,NA,NA,NA,NA,NA,NA,NA,NA,NA,NA,NA,NA,NA,NA,NA,NA,NA,NA,NA,NA,NA
2022,1251,7,NA,NA,1,14,33,2,50,NA,2,1,24,NA,NA,1,1,2,NA,NA,NA,NA,8,NA,NA,NA,NA,NA,NA,NA,NA,NA,NA,NA,NA,NA,NA,NA,NA,NA,NA,NA,NA,NA,NA,NA,NA,NA
2022,1252,1,2630,46,5,13,38,1,NA,NA,2,NA,26,26,3,NA,2,3,NA,NA,NA,NA,8,NA,NA,NA,NA,NA,NA,NA,NA,NA,NA,NA,NA,NA,NA,NA,NA,NA,NA,NA,NA,NA,NA,NA,NA,NA
2022,1253,1,140,50,5,17,43,3,9,NA,1,1,22,22,2,2,2,2,1,3,3,1,9,NA,NA,NA,NA,NA,NA,NA,NA,NA,NA,NA,NA,NA,NA,NA,NA,NA,NA,NA,NA,NA,NA,NA,NA,NA
2022,1254,1,160,44,1,12,58,0,NA,NA,1,3,25,19,1,1,2,2,NA,NA,NA,NA,9,NA,NA,NA,NA,NA,NA,NA,NA,NA,NA,NA,NA,NA,NA,NA,NA,NA,NA,NA,NA,NA,NA,NA,NA,NA
2022,1255,7,2310,61,1,16,35,3,16,NA,2,3,17,0,NA,1,2,2,3,2,1,1,8,NA,NA,NA,NA,NA,NA,NA,NA,NA,NA,NA,NA,NA,NA,NA,NA,NA,NA,NA,NA,NA,NA,NA,NA,NA
2022,1256,2,6260,28,1,12,38,1,NA,2,1,1,18,16,NA,NA,2,2,1,1,2,1,4,2,2,2,NA,1,2,2,1,2,2,2,1,1,3,4,4,2,4,3,1,4,1,1,4,1
2022,1257,2,9600,35,5,12,32,1,NA,NA,2,3,20,13,1,1,2,4,NA,NA,NA,NA,8,NA,NA,NA,NA,NA,NA,NA,NA,NA,NA,NA,NA,NA,NA,NA,NA,NA,NA,NA,NA,NA,NA,NA,NA,NA
2022,1258,1,1107,48,1,13,45,1,NA,0,1,1,23,20,2,2,1,2,1,1,1,1,2,1,2,1,1,2,2,2,1,1,2,2,2,2,1,4,1,4,4,4,4,4,4,4,4,4
2022,1259,1,910,45,1,14,36,1,NA,NA,2,3,21,18,NA,NA,1,2,NA,1,1,1,9,NA,NA,NA,NA,NA,NA,NA,NA,NA,NA,NA,NA,NA,NA,NA,NA,NA,NA,NA,NA,NA,NA,NA,NA,NA
2022,1260,7,4720,28,5,12,24,1,NA,2,2,3,NA,0,NA,NA,2,3,2,1,1,1,8,NA,NA,NA,NA,NA,NA,NA,NA,NA,NA,NA,NA,NA,NA,NA,NA,NA,NA,NA,NA,NA,NA,NA,NA,NA
2022,1261,6,NA,NA,5,11,22,0,NA,3,2,2,3,0,NA,NA,2,3,2,1,1,1,8,NA,NA,NA,NA,NA,NA,NA,NA,NA,NA,NA,NA,NA,NA,NA,NA,NA,NA,NA,NA,NA,NA,NA,NA,NA
2022,1262,5,7200,45,3,11,66,1,NA,3,1,1,10,0,NA,NA,2,2,NA,NA,NA,NA,4,NA,NA,NA,NA,NA,NA,NA,NA,NA,NA,NA,NA,NA,NA,NA,NA,NA,NA,NA,NA,NA,NA,NA,NA,NA
2022,1263,1,3230,59,1,18,36,4,13,NA,2,1,24,20,1,1,2,2,2,1,1,1,8,NA,NA,NA,NA,NA,NA,NA,NA,NA,NA,NA,NA,NA,NA,NA,NA,NA,NA,NA,NA,NA,NA,NA,NA,NA
2022,1264,1,110,60,1,15,33,1,NA,NA,2,1,22,19,1,1,2,3,2,1,1,1,8,NA,NA,NA,NA,NA,NA,NA,NA,NA,NA,NA,NA,NA,NA,NA,NA,NA,NA,NA,NA,NA,NA,NA,NA,NA
2022,1265,6,230,59,5,15,21,1,NA,NA,1,1,10,10,NA,NA,3,2,2,1,1,1,7,1,2,1,2,2,2,2,2,1,2,2,1,2,2,2,2,2,2,2,2,2,2,2,2,2
2022,1266,5,540,46,1,16,71,3,16,NA,2,3,20,13,2,2,2,2,NA,3,NA,1,0,NA,NA,NA,NA,NA,NA,NA,NA,NA,NA,NA,NA,NA,NA,NA,NA,NA,NA,NA,NA,NA,NA,NA,NA,NA
2022,1267,1,3850,60,1,14,40,2,NA,NA,1,1,19,19,2,2,2,2,NA,NA,NA,NA,8,NA,NA,NA,NA,NA,NA,NA,NA,NA,NA,NA,NA,NA,NA,NA,NA,NA,NA,NA,NA,NA,NA,NA,NA,NA
2022,1268,7,9600,35,3,13,43,1,NA,NA,1,3,5,0,NA,NA,3,3,3,1,2,1,9,NA,NA,NA,NA,NA,NA,NA,NA,NA,NA,NA,NA,NA,NA,NA,NA,NA,NA,NA,NA,NA,NA,NA,NA,NA
2022,1269,4,5240,31,5,13,42,1,NA,NA,2,2,16,11,NA,NA,3,3,3,1,1,1,8,NA,NA,NA,NA,NA,NA,NA,NA,NA,NA,NA,NA,NA,NA,NA,NA,NA,NA,NA,NA,NA,NA,NA,NA,NA
2022,1270,4,6420,35,1,12,27,0,NA,NA,1,2,9,NA,NA,NA,2,2,3,1,1,2,8,NA,NA,NA,NA,NA,NA,NA,NA,NA,NA,NA,NA,NA,NA,NA,NA,NA,NA,NA,NA,NA,NA,NA,NA,NA
2022,1271,1,4230,25,5,8,35,0,NA,NA,2,1,15,13,NA,NA,1,3,2,2,2,2,0,NA,NA,NA,NA,NA,NA,NA,NA,NA,NA,NA,NA,NA,NA,NA,NA,NA,NA,NA,NA,NA,NA,NA,NA,NA
2022,1272,1,6260,28,5,12,33,1,NA,4,1,2,19,18,1,1,2,1,NA,NA,NA,NA,3,NA,NA,NA,NA,NA,NA,NA,NA,NA,NA,NA,NA,NA,NA,NA,NA,NA,NA,NA,NA,NA,NA,NA,NA,NA
2022,1273,2,4620,35,1,18,35,4,17,NA,2,1,16,2,NA,NA,2,2,2,2,2,1,0,NA,NA,NA,NA,NA,NA,NA,NA,NA,NA,NA,NA,NA,NA,NA,NA,NA,NA,NA,NA,NA,NA,NA,NA,NA
2022,1274,1,710,51,1,16,NA,3,NA,NA,1,1,26,23,1,1,2,3,1,1,2,1,9,NA,NA,NA,NA,NA,NA,NA,NA,NA,NA,NA,NA,NA,NA,NA,NA,NA,NA,NA,NA,NA,NA,NA,NA,NA
2022,1275,1,4520,30,1,14,34,1,NA,NA,1,3,20,20,NA,2,3,2,NA,NA,NA,NA,4,NA,NA,NA,NA,NA,NA,NA,NA,NA,NA,NA,NA,NA,NA,NA,NA,NA,NA,NA,NA,NA,NA,NA,NA,NA
2022,1276,1,3255,64,1,16,52,3,36,NA,2,1,25,22,3,3,2,2,NA,NA,NA,NA,9,NA,NA,NA,NA,NA,NA,NA,NA,NA,NA,NA,NA,NA,NA,NA,NA,NA,NA,NA,NA,NA,NA,NA,NA,NA
2022,1277,1,5510,29,1,12,55,1,NA,NA,1,1,23,21,2,2,2,3,NA,NA,NA,NA,8,NA,NA,NA,NA,NA,NA,NA,NA,NA,NA,NA,NA,NA,NA,NA,NA,NA,NA,NA,NA,NA,NA,NA,NA,NA
2022,1278,1,3320,59,3,15,32,2,9,NA,2,1,20,20,1,1,3,1,2,1,1,3,8,NA,NA,NA,NA,NA,NA,NA,NA,NA,NA,NA,NA,NA,NA,NA,NA,NA,NA,NA,NA,NA,NA,NA,NA,NA
2022,1279,1,4850,45,3,12,53,1,NA,2,1,1,21,21,2,2,2,2,NA,NA,NA,NA,9,2,2,1,2,2,2,1,1,NA,2,2,2,2,4,2,3,4,2,2,2,NA,4,4,4,2
2022,1280,1,NA,NA,1,15,51,1,NA,NA,1,2,23,22,1,3,1,2,2,2,3,3,3,NA,NA,NA,NA,NA,NA,NA,NA,NA,NA,NA,NA,NA,NA,NA,NA,NA,NA,NA,NA,NA,NA,NA,NA,NA
2022,1281,7,5940,17,1,12,47,1,NA,NA,2,1,19,12,2,2,3,4,NA,NA,NA,NA,4,NA,NA,NA,NA,NA,NA,NA,NA,NA,NA,NA,NA,NA,NA,NA,NA,NA,NA,NA,NA,NA,NA,NA,NA,NA
2022,1282,7,6050,27,3,2,64,0,NA,NA,2,3,10,0,2,2,3,1,3,3,1,1,0,NA,NA,NA,NA,NA,NA,NA,NA,NA,NA,NA,NA,NA,NA,NA,NA,NA,NA,NA,NA,NA,NA,NA,NA,NA
2022,1283,1,3300,61,3,13,33,3,11,NA,2,1,26,23,NA,NA,2,1,1,1,1,2,3,NA,NA,NA,NA,NA,NA,NA,NA,NA,NA,NA,NA,NA,NA,NA,NA,NA,NA,NA,NA,NA,NA,NA,NA,NA
2022,1284,1,3645,51,5,13,21,1,NA,NA,2,1,17,17,NA,1,2,2,NA,NA,NA,NA,8,NA,NA,NA,NA,NA,NA,NA,NA,NA,NA,NA,NA,NA,NA,NA,NA,NA,NA,NA,NA,NA,NA,NA,NA,NA
2022,1285,1,6355,49,5,11,23,0,NA,NA,1,3,21,18,NA,NA,2,3,2,1,2,2,8,NA,NA,NA,NA,NA,NA,NA,NA,NA,NA,NA,NA,NA,NA,NA,NA,NA,NA,NA,NA,NA,NA,NA,NA,NA
2022,1286,1,3060,80,1,12,44,1,NA,NA,2,3,18,18,1,2,2,3,NA,NA,NA,NA,8,NA,NA,NA,NA,NA,NA,NA,NA,NA,NA,NA,NA,NA,NA,NA,NA,NA,NA,NA,NA,NA,NA,NA,NA,NA
2022,1287,8,5510,29,5,12,54,1,NA,NA,1,1,4,2,NA,NA,2,1,2,1,NA,2,7,NA,NA,NA,NA,NA,NA,NA,NA,NA,NA,NA,NA,NA,NA,NA,NA,NA,NA,NA,NA,NA,NA,NA,NA,NA
2022,1288,6,NA,NA,5,16,23,3,34,NA,2,1,16,0,1,1,1,2,2,1,1,1,5,NA,NA,NA,NA,NA,NA,NA,NA,NA,NA,NA,NA,NA,NA,NA,NA,NA,NA,NA,NA,NA,NA,NA,NA,NA
2022,1289,1,2630,46,3,12,68,1,NA,NA,2,1,NA,0,1,1,2,2,NA,NA,NA,NA,8,NA,NA,NA,NA,NA,NA,NA,NA,NA,NA,NA,NA,NA,NA,NA,NA,NA,NA,NA,NA,NA,NA,NA,NA,NA
2022,1290,1,5400,38,5,16,26,3,43,0,2,1,20,20,1,1,2,2,1,1,1,3,8,2,1,1,2,1,1,2,2,1,1,1,1,2,4,3,3,1,3,4,2,2,4,4,2,4
2022,1291,3,1020,60,1,16,42,3,14,NA,1,1,24,23,3,3,2,1,1,1,3,2,9,NA,NA,NA,NA,NA,NA,NA,NA,NA,NA,NA,NA,NA,NA,NA,NA,NA,NA,NA,NA,NA,NA,NA,NA,NA
2022,1292,5,430,39,1,17,73,3,9,NA,1,1,19,16,2,2,2,2,2,2,2,1,8,NA,NA,NA,NA,NA,NA,NA,NA,NA,NA,NA,NA,NA,NA,NA,NA,NA,NA,NA,NA,NA,NA,NA,NA,NA
2022,1293,4,7210,42,3,9,35,0,NA,NA,1,3,8,8,NA,NA,3,3,NA,NA,NA,NA,8,NA,NA,NA,NA,NA,NA,NA,NA,NA,NA,NA,NA,NA,NA,NA,NA,NA,NA,NA,NA,NA,NA,NA,NA,NA
2022,1294,7,430,39,NA,10,32,0,NA,NA,1,3,9,0,1,1,3,3,NA,NA,NA,NA,2,NA,NA,NA,NA,NA,NA,NA,NA,NA,NA,NA,NA,NA,NA,NA,NA,NA,NA,NA,NA,NA,NA,NA,NA,NA
2022,1295,1,2016,44,5,18,63,4,82,4,2,3,NA,19,1,1,2,2,2,1,1,1,8,1,2,1,1,1,2,2,2,2,2,2,2,2,1,4,1,2,4,4,4,4,4,4,4,4
2022,1296,1,5000,46,5,12,21,1,NA,NA,2,1,14,14,NA,1,2,3,2,1,1,3,8,NA,NA,NA,NA,NA,NA,NA,NA,NA,NA,NA,NA,NA,NA,NA,NA,NA,NA,NA,NA,NA,NA,NA,NA,NA
2022,1297,7,3930,34,2,13,60,1,NA,NA,2,3,11,0,NA,NA,2,3,NA,NA,NA,NA,8,NA,NA,NA,NA,NA,NA,NA,NA,NA,NA,NA,NA,NA,NA,NA,NA,NA,NA,NA,NA,NA,NA,NA,NA,NA
2022,1298,2,4610,48,4,10,65,1,NA,3,2,3,6,6,NA,1,2,2,NA,NA,NA,NA,8,1,2,1,1,2,1,2,1,1,1,1,2,2,3,4,3,4,2,2,3,3,2,2,4,4
2022,1299,7,NA,NA,5,9,33,0,NA,0,2,3,6,0,NA,NA,3,3,2,1,1,2,8,NA,NA,NA,NA,NA,NA,NA,NA,NA,NA,NA,NA,NA,NA,NA,NA,NA,NA,NA,NA,NA,NA,NA,NA,NA
2022,1300,8,3600,48,3,8,35,0,NA,NA,2,2,3,0,2,1,3,4,2,1,2,1,0,NA,NA,NA,NA,NA,NA,NA,NA,NA,NA,NA,NA,NA,NA,NA,NA,NA,NA,NA,NA,NA,NA,NA,NA,NA
2022,1301,8,3600,48,3,12,56,1,NA,NA,2,1,11,0,1,1,3,2,NA,NA,NA,NA,3,NA,NA,NA,NA,NA,NA,NA,NA,NA,NA,NA,NA,NA,NA,NA,NA,NA,NA,NA,NA,NA,NA,NA,NA,NA
2022,1302,1,8650,27,1,17,68,3,60,NA,1,2,24,21,1,1,2,2,1,1,1,3,4,NA,NA,NA,NA,NA,NA,NA,NA,NA,NA,NA,NA,NA,NA,NA,NA,NA,NA,NA,NA,NA,NA,NA,NA,NA
2022,1303,1,4050,21,2,12,54,0,NA,NA,2,2,1,1,1,NA,3,3,NA,NA,NA,NA,NA,NA,NA,NA,NA,NA,NA,NA,NA,NA,NA,NA,NA,NA,NA,NA,NA,NA,NA,NA,NA,NA,NA,NA,NA,NA
2022,1304,1,5400,38,3,14,57,1,NA,2,2,1,19,19,2,NA,2,2,NA,NA,NA,NA,4,NA,NA,NA,NA,NA,NA,NA,NA,NA,NA,NA,NA,NA,NA,NA,NA,NA,NA,NA,NA,NA,NA,NA,NA,NA
2022,1305,1,120,53,1,13,36,1,NA,2,1,1,22,19,1,1,3,2,NA,NA,NA,NA,4,NA,NA,NA,NA,NA,NA,NA,NA,NA,NA,NA,NA,NA,NA,NA,NA,NA,NA,NA,NA,NA,NA,NA,NA,NA
2022,1306,2,4220,24,5,9,59,0,NA,NA,1,1,8,8,NA,NA,3,3,1,NA,1,1,4,NA,NA,NA,NA,NA,NA,NA,NA,NA,NA,NA,NA,NA,NA,NA,NA,NA,NA,NA,NA,NA,NA,NA,NA,NA
2022,1307,8,NA,NA,5,12,50,1,NA,4,1,3,8,0,NA,1,2,3,NA,NA,NA,NA,4,NA,NA,NA,NA,NA,NA,NA,NA,NA,NA,NA,NA,NA,NA,NA,NA,NA,NA,NA,NA,NA,NA,NA,NA,NA
2022,1308,1,4820,58,3,18,41,3,20,NA,1,NA,NA,0,NA,NA,2,2,NA,NA,NA,NA,4,NA,NA,NA,NA,NA,NA,NA,NA,NA,NA,NA,NA,NA,NA,NA,NA,NA,NA,NA,NA,NA,NA,NA,NA,NA
2022,1309,1,5860,32,1,15,NA,1,NA,NA,2,2,21,17,1,1,1,2,3,2,1,1,3,NA,NA,NA,NA,NA,NA,NA,NA,NA,NA,NA,NA,NA,NA,NA,NA,NA,NA,NA,NA,NA,NA,NA,NA,NA
2022,1310,5,2310,61,3,16,72,3,42,NA,2,2,12,0,1,1,3,3,3,1,1,1,6,NA,NA,NA,NA,NA,NA,NA,NA,NA,NA,NA,NA,NA,NA,NA,NA,NA,NA,NA,NA,NA,NA,NA,NA,NA
2022,1311,1,4700,38,5,12,27,1,NA,NA,2,3,20,20,3,1,2,2,2,1,1,1,3,1,1,1,1,1,1,1,1,1,1,1,2,1,1,1,1,3,3,1,2,2,2,2,4,2
2022,1312,1,220,53,3,16,33,3,7,NA,2,1,21,18,1,1,2,2,2,1,1,3,4,NA,NA,NA,NA,NA,NA,NA,NA,NA,NA,NA,NA,NA,NA,NA,NA,NA,NA,NA,NA,NA,NA,NA,NA,NA
2022,1313,1,1610,73,5,17,33,3,8,0,2,1,20,19,1,1,2,2,3,1,1,1,4,NA,NA,NA,NA,NA,NA,NA,NA,NA,NA,NA,NA,NA,NA,NA,NA,NA,NA,NA,NA,NA,NA,NA,NA,NA
2022,1314,1,1760,42,5,16,23,3,43,0,2,1,NA,14,NA,1,2,2,NA,NA,NA,NA,4,1,1,2,1,2,1,2,2,1,2,2,2,1,1,1,2,2,2,1,3,3,3,3,3,3
2022,1315,5,7950,40,2,12,74,1,NA,NA,1,2,18,0,1,1,2,3,NA,NA,NA,NA,4,2,2,1,2,2,2,2,2,1,2,2,2,2,4,4,2,4,4,4,4,2,4,4,4,4
2022,1316,4,4720,28,5,14,20,1,NA,0,2,1,9,0,NA,1,2,3,2,1,1,2,4,1,1,1,1,1,1,2,2,1,2,1,2,2,2,2,3,3,1,4,1,2,4,4,3,4
2022,1317,5,430,39,1,15,66,2,9,0,1,1,21,0,2,2,1,1,1,2,2,2,4,NA,NA,NA,NA,NA,NA,NA,NA,NA,NA,NA,NA,NA,NA,NA,NA,NA,NA,NA,NA,NA,NA,NA,NA,NA
2022,1318,1,3850,60,5,16,42,3,30,0,1,1,21,21,3,1,3,2,1,1,1,1,4,1,2,2,1,2,2,2,1,1,2,1,2,2,2,2,2,4,4,2,2,2,4,4,4,2
2022,1319,1,2110,75,1,18,33,3,20,1,1,1,26,23,NA,2,2,2,3,2,1,1,4,2,2,1,2,2,1,1,2,1,2,2,1,1,2,4,3,4,1,2,2,2,2,2,2,1
2022,1320,5,5000,46,3,15,66,1,NA,NA,2,1,21,0,2,2,1,4,NA,NA,NA,NA,3,NA,NA,NA,NA,NA,NA,NA,NA,NA,NA,NA,NA,NA,NA,NA,NA,NA,NA,NA,NA,NA,NA,NA,NA,NA
2022,1321,1,4700,38,1,16,41,3,16,3,1,1,22,19,NA,NA,1,2,NA,NA,NA,NA,4,NA,NA,NA,NA,NA,NA,NA,NA,NA,NA,NA,NA,NA,NA,NA,NA,NA,NA,NA,NA,NA,NA,NA,NA,NA
2022,1322,1,20,50,5,19,57,4,9,0,2,1,24,24,NA,NA,2,3,NA,NA,NA,NA,4,NA,NA,NA,NA,NA,NA,NA,NA,NA,NA,NA,NA,NA,NA,NA,NA,NA,NA,NA,NA,NA,NA,NA,NA,NA
2022,1323,5,3640,48,1,12,74,1,NA,NA,2,1,22,0,1,1,3,2,3,1,1,1,4,NA,NA,NA,NA,NA,NA,NA,NA,NA,NA,NA,NA,NA,NA,NA,NA,NA,NA,NA,NA,NA,NA,NA,NA,NA
2022,1324,7,120,53,1,17,46,3,20,1,2,3,NA,0,NA,NA,2,2,NA,NA,NA,NA,0,NA,NA,NA,NA,NA,NA,NA,NA,NA,NA,NA,NA,NA,NA,NA,NA,NA,NA,NA,NA,NA,NA,NA,NA,NA
2022,1325,1,1410,73,1,14,44,2,72,NA,1,1,25,22,2,2,2,1,1,3,3,1,4,NA,NA,NA,NA,NA,NA,NA,NA,NA,NA,NA,NA,NA,NA,NA,NA,NA,NA,NA,NA,NA,NA,NA,NA,NA
2022,1326,2,4920,49,1,16,42,3,19,2,2,1,26,24,2,2,1,2,NA,NA,NA,NA,4,2,2,1,1,2,1,2,2,1,2,2,2,2,1,1,3,4,1,4,3,4,4,4,4,4
2022,1327,1,230,59,1,18,45,4,66,2,1,1,26,23,3,1,2,2,3,1,1,1,4,2,2,2,NA,2,1,2,2,2,2,2,2,2,1,2,2,2,2,2,2,3,4,4,4,2
2022,1328,1,2145,52,5,12,38,1,NA,0,1,1,18,0,2,2,2,2,NA,1,NA,1,4,NA,NA,NA,NA,NA,NA,NA,NA,NA,NA,NA,NA,NA,NA,NA,NA,NA,NA,NA,NA,NA,NA,NA,NA,NA
2022,1329,1,735,57,1,16,46,3,32,NA,2,1,26,25,1,1,2,2,NA,NA,NA,NA,4,NA,NA,NA,NA,NA,NA,NA,NA,NA,NA,NA,NA,NA,NA,NA,NA,NA,NA,NA,NA,NA,NA,NA,NA,NA
2022,1330,1,2000,51,5,16,22,3,70,0,2,1,19,0,NA,NA,2,1,2,1,1,1,4,NA,NA,NA,NA,NA,NA,NA,NA,NA,NA,NA,NA,NA,NA,NA,NA,NA,NA,NA,NA,NA,NA,NA,NA,NA
2022,1331,3,5165,37,5,16,22,3,20,NA,2,1,26,1,NA,1,3,1,NA,NA,NA,NA,4,NA,NA,NA,NA,NA,NA,NA,NA,NA,NA,NA,NA,NA,NA,NA,NA,NA,NA,NA,NA,NA,NA,NA,NA,NA
2022,1332,1,5500,38,5,14,42,2,67,0,2,1,18,18,2,2,2,2,NA,NA,NA,NA,4,1,1,2,2,2,1,1,1,2,2,2,2,2,2,2,2,2,2,2,2,2,2,2,2,2
2022,1333,1,5240,31,5,16,23,3,9,NA,2,1,NA,18,NA,NA,2,2,NA,NA,NA,NA,4,NA,NA,NA,NA,NA,NA,NA,NA,NA,NA,NA,NA,NA,NA,NA,NA,NA,NA,NA,NA,NA,NA,NA,NA,NA
2022,1334,1,430,39,1,16,38,3,61,NA,1,1,26,24,1,1,2,2,NA,NA,NA,NA,4,NA,NA,NA,NA,NA,NA,NA,NA,NA,NA,NA,NA,NA,NA,NA,NA,NA,NA,NA,NA,NA,NA,NA,NA,NA
2022,1335,1,4810,47,1,18,39,4,9,NA,2,1,26,25,NA,1,1,2,NA,NA,NA,NA,4,NA,NA,NA,NA,NA,NA,NA,NA,NA,NA,NA,NA,NA,NA,NA,NA,NA,NA,NA,NA,NA,NA,NA,NA,NA
2022,1336,5,2850,67,5,19,73,4,9,0,1,1,18,0,1,1,3,1,3,1,1,3,4,2,2,2,NA,1,2,2,2,1,2,2,2,2,4,4,4,2,4,4,4,4,4,4,4,4
2022,1337,1,4320,42,5,13,36,1,NA,NA,2,1,NA,NA,1,1,2,2,2,1,1,1,4,NA,NA,NA,NA,NA,NA,NA,NA,NA,NA,NA,NA,NA,NA,NA,NA,NA,NA,NA,NA,NA,NA,NA,NA,NA
2022,1338,1,9620,25,3,13,46,1,NA,NA,1,1,17,0,NA,2,2,2,NA,NA,NA,NA,4,NA,NA,NA,NA,NA,NA,NA,NA,NA,NA,NA,NA,NA,NA,NA,NA,NA,NA,NA,NA,NA,NA,NA,NA,NA
2022,1339,1,5240,31,1,13,31,1,NA,NA,2,1,20,2,2,NA,3,2,2,2,2,1,3,NA,NA,NA,NA,NA,NA,NA,NA,NA,NA,NA,NA,NA,NA,NA,NA,NA,NA,NA,NA,NA,NA,NA,NA,NA
2022,1340,5,5610,35,3,14,78,1,NA,0,1,1,18,0,2,2,2,2,2,2,1,1,4,1,1,2,1,2,1,2,1,2,1,2,2,2,2,2,2,4,2,2,4,4,4,4,4,4
2022,1341,5,4510,36,2,12,81,1,NA,3,2,1,NA,0,1,1,2,2,NA,NA,NA,NA,4,2,2,1,2,1,1,2,2,2,2,2,1,2,4,4,2,4,2,4,4,3,4,4,4,4
2022,1342,1,140,50,1,13,60,1,NA,4,1,1,26,22,2,3,1,2,1,2,2,1,3,NA,NA,NA,NA,NA,NA,NA,NA,NA,NA,NA,NA,NA,NA,NA,NA,NA,NA,NA,NA,NA,NA,NA,NA,NA
2022,1343,2,1430,63,2,15,58,2,18,NA,1,1,26,21,NA,1,2,1,NA,NA,NA,NA,4,NA,NA,NA,NA,NA,NA,NA,NA,NA,NA,NA,NA,NA,NA,NA,NA,NA,NA,NA,NA,NA,NA,NA,NA,NA
2022,1344,1,4220,24,5,12,57,1,NA,0,1,1,22,19,2,3,2,2,3,2,1,1,4,NA,NA,NA,NA,NA,NA,NA,NA,NA,NA,NA,NA,NA,NA,NA,NA,NA,NA,NA,NA,NA,NA,NA,NA,NA
2022,1345,5,5610,35,1,9,87,0,NA,NA,1,1,NA,0,2,2,3,3,NA,NA,NA,NA,3,NA,NA,NA,NA,NA,NA,NA,NA,NA,NA,NA,NA,NA,NA,NA,NA,NA,NA,NA,NA,NA,NA,NA,NA,NA
2022,1346,5,4510,36,3,12,76,1,NA,NA,2,1,10,0,NA,NA,2,2,NA,NA,NA,NA,3,NA,NA,NA,NA,NA,NA,NA,NA,NA,NA,NA,NA,NA,NA,NA,NA,NA,NA,NA,NA,NA,NA,NA,NA,NA
2022,1347,5,430,39,1,18,76,4,33,1,1,1,19,19,3,3,2,4,NA,NA,NA,NA,4,NA,NA,NA,NA,NA,NA,NA,NA,NA,NA,NA,NA,NA,NA,NA,NA,NA,NA,NA,NA,NA,NA,NA,NA,NA
2022,1348,7,3930,34,1,12,58,1,NA,NA,2,1,23,0,2,2,2,2,2,2,2,1,3,NA,NA,NA,NA,NA,NA,NA,NA,NA,NA,NA,NA,NA,NA,NA,NA,NA,NA,NA,NA,NA,NA,NA,NA,NA
2022,1349,1,3540,53,1,20,51,4,55,NA,2,1,24,20,1,1,2,3,2,1,1,1,4,NA,NA,NA,NA,NA,NA,NA,NA,NA,NA,NA,NA,NA,NA,NA,NA,NA,NA,NA,NA,NA,NA,NA,NA,NA
2022,1350,1,8965,35,3,12,30,1,NA,0,1,1,21,18,NA,NA,2,2,NA,NA,NA,NA,4,1,1,1,1,1,2,1,1,1,2,1,2,1,1,2,2,2,3,2,1,1,4,2,3,2
2022,1351,1,360,63,1,20,28,4,55,1,2,1,23,15,1,1,3,2,NA,NA,NA,NA,9,1,2,1,1,1,1,2,1,1,2,2,2,2,1,1,1,2,2,4,2,2,2,2,4,2
2022,1352,1,1760,42,3,18,NA,3,8,NA,2,1,20,20,2,2,3,2,1,3,3,1,9,NA,NA,NA,NA,NA,NA,NA,NA,NA,NA,NA,NA,NA,NA,NA,NA,NA,NA,NA,NA,NA,NA,NA,NA,NA
2022,1353,7,4720,28,NA,8,32,0,NA,NA,2,3,20,0,NA,NA,2,2,NA,NA,NA,NA,0,NA,NA,NA,NA,NA,NA,NA,NA,NA,NA,NA,NA,NA,NA,NA,NA,NA,NA,NA,NA,NA,NA,NA,NA,NA
2022,1354,1,800,60,1,17,50,3,9,2,1,3,26,24,1,1,2,1,1,1,1,2,9,NA,NA,NA,NA,NA,NA,NA,NA,NA,NA,NA,NA,NA,NA,NA,NA,NA,NA,NA,NA,NA,NA,NA,NA,NA
2022,1355,1,7700,50,1,12,NA,1,NA,NA,1,1,22,NA,NA,NA,2,2,3,2,1,1,2,NA,NA,NA,NA,NA,NA,NA,NA,NA,NA,NA,NA,NA,NA,NA,NA,NA,NA,NA,NA,NA,NA,NA,NA,NA
2022,1356,1,3930,34,5,13,20,1,NA,0,1,1,NA,19,NA,NA,3,2,2,1,3,2,9,NA,NA,NA,NA,NA,NA,NA,NA,NA,NA,NA,NA,NA,NA,NA,NA,NA,NA,NA,NA,NA,NA,NA,NA,NA
2022,1357,1,740,33,1,14,32,1,NA,1,1,3,NA,NA,NA,1,1,2,NA,NA,NA,NA,9,NA,NA,NA,NA,NA,NA,NA,NA,NA,NA,NA,NA,NA,NA,NA,NA,NA,NA,NA,NA,NA,NA,NA,NA,NA
2022,1358,1,6230,44,1,14,33,2,59,NA,1,1,NA,NA,2,2,1,3,NA,NA,NA,NA,9,NA,NA,NA,NA,NA,NA,NA,NA,NA,NA,NA,NA,NA,NA,NA,NA,NA,NA,NA,NA,NA,NA,NA,NA,NA
2022,1359,1,3645,51,5,12,32,1,NA,NA,2,3,24,8,NA,NA,2,1,NA,NA,NA,NA,0,NA,NA,NA,NA,NA,NA,NA,NA,NA,NA,NA,NA,NA,NA,NA,NA,NA,NA,NA,NA,NA,NA,NA,NA,NA
2022,1360,1,110,60,1,14,44,2,NA,NA,2,1,21,21,NA,NA,2,2,NA,NA,NA,NA,9,NA,NA,NA,NA,NA,NA,NA,NA,NA,NA,NA,NA,NA,NA,NA,NA,NA,NA,NA,NA,NA,NA,NA,NA,NA
2022,1361,4,5240,31,5,14,20,1,NA,1,2,NA,NA,9,NA,NA,2,2,2,2,2,2,9,2,2,1,1,2,2,2,1,2,2,2,2,1,1,1,1,4,4,1,4,4,4,2,4,4
2022,1362,1,3255,64,3,16,38,3,36,NA,2,3,22,21,1,2,2,2,NA,NA,NA,1,9,1,2,1,2,2,2,2,2,2,2,2,2,2,2,4,2,4,2,4,4,4,4,4,4,4
2022,1363,1,4220,24,3,15,61,1,NA,NA,2,1,19,16,NA,NA,3,2,NA,NA,NA,NA,0,NA,NA,NA,NA,NA,NA,NA,NA,NA,NA,NA,NA,NA,NA,NA,NA,NA,NA,NA,NA,NA,NA,NA,NA,NA
2022,1364,1,1410,73,1,20,57,1,NA,NA,1,1,22,22,NA,NA,2,2,NA,NA,NA,NA,9,NA,NA,NA,NA,NA,NA,NA,NA,NA,NA,NA,NA,NA,NA,NA,NA,NA,NA,NA,NA,NA,NA,NA,NA,NA
2022,1365,7,4110,31,4,11,37,0,NA,NA,2,1,8,0,NA,NA,2,3,2,2,1,2,9,NA,NA,NA,NA,NA,NA,NA,NA,NA,NA,NA,NA,NA,NA,NA,NA,NA,NA,NA,NA,NA,NA,NA,NA,NA
2022,1366,3,4650,18,1,15,30,2,7,NA,2,1,26,21,NA,NA,1,2,3,1,1,1,9,NA,NA,NA,NA,NA,NA,NA,NA,NA,NA,NA,NA,NA,NA,NA,NA,NA,NA,NA,NA,NA,NA,NA,NA,NA
2022,1367,5,2340,38,3,16,70,2,63,NA,2,1,9,0,NA,2,2,3,NA,NA,NA,NA,9,NA,NA,NA,NA,NA,NA,NA,NA,NA,NA,NA,NA,NA,NA,NA,NA,NA,NA,NA,NA,NA,NA,NA,NA,NA
2022,1368,4,4720,28,5,12,47,1,NA,NA,2,1,15,0,1,1,1,1,NA,NA,NA,NA,9,2,2,2,NA,1,2,2,1,1,2,2,2,2,1,3,3,2,1,4,2,2,4,1,2,1
2022,1369,1,1240,65,5,20,36,4,41,0,1,1,26,25,1,1,2,1,2,1,1,2,0,1,2,1,1,2,2,2,2,1,2,2,1,2,1,2,1,4,4,4,4,2,4,4,2,4
2022,1370,1,800,60,1,20,57,4,20,NA,1,1,26,26,NA,NA,1,1,3,2,2,1,0,NA,NA,NA,NA,NA,NA,NA,NA,NA,NA,NA,NA,NA,NA,NA,NA,NA,NA,NA,NA,NA,NA,NA,NA,NA
2022,1371,1,3850,60,5,14,40,1,NA,0,1,1,23,19,2,2,2,2,NA,NA,NA,NA,9,NA,NA,NA,NA,NA,NA,NA,NA,NA,NA,NA,NA,NA,NA,NA,NA,NA,NA,NA,NA,NA,NA,NA,NA,NA
2022,1372,8,NA,NA,1,10,23,0,NA,NA,2,2,18,0,NA,NA,1,1,NA,NA,NA,NA,0,NA,NA,NA,NA,NA,NA,NA,NA,NA,NA,NA,NA,NA,NA,NA,NA,NA,NA,NA,NA,NA,NA,NA,NA,NA
2022,1373,5,NA,NA,1,12,76,1,NA,NA,1,1,16,NA,1,1,2,2,3,2,2,1,8,NA,NA,NA,NA,NA,NA,NA,NA,NA,NA,NA,NA,NA,NA,NA,NA,NA,NA,NA,NA,NA,NA,NA,NA,NA
2022,1374,5,140,50,2,12,88,1,NA,4,1,1,14,0,3,1,2,3,NA,NA,NA,NA,4,1,2,2,1,2,1,2,1,2,2,2,2,NA,2,4,4,4,2,4,2,NA,4,NA,4,4
2022,1375,1,9130,35,3,14,45,2,49,NA,1,1,20,20,2,2,2,3,NA,NA,NA,NA,8,NA,NA,NA,NA,NA,NA,NA,NA,NA,NA,NA,NA,NA,NA,NA,NA,NA,NA,NA,NA,NA,NA,NA,NA,NA
2022,1376,7,4600,35,1,12,28,1,NA,6,2,1,17,0,NA,NA,2,2,2,1,1,1,8,NA,NA,NA,NA,NA,NA,NA,NA,NA,NA,NA,NA,NA,NA,NA,NA,NA,NA,NA,NA,NA,NA,NA,NA,NA
2022,1377,7,4800,38,1,17,35,3,12,NA,2,1,22,17,1,1,2,2,NA,NA,NA,NA,8,NA,NA,NA,NA,NA,NA,NA,NA,NA,NA,NA,NA,NA,NA,NA,NA,NA,NA,NA,NA,NA,NA,NA,NA,NA
2022,1378,1,3930,34,5,16,30,2,1,NA,2,1,NA,13,NA,NA,2,2,NA,NA,NA,NA,8,NA,NA,NA,NA,NA,NA,NA,NA,NA,NA,NA,NA,NA,NA,NA,NA,NA,NA,NA,NA,NA,NA,NA,NA,NA
2022,1379,2,4030,21,1,13,33,1,NA,NA,2,3,23,3,NA,NA,2,2,NA,2,2,3,0,NA,NA,NA,NA,NA,NA,NA,NA,NA,NA,NA,NA,NA,NA,NA,NA,NA,NA,NA,NA,NA,NA,NA,NA,NA
2022,1380,1,6230,44,5,16,32,3,17,4,1,3,15,15,NA,NA,2,2,NA,NA,NA,NA,0,NA,NA,NA,NA,NA,NA,NA,NA,NA,NA,NA,NA,NA,NA,NA,NA,NA,NA,NA,NA,NA,NA,NA,NA,NA
2022,1381,1,7340,44,5,14,36,2,18,NA,1,2,19,19,3,3,3,1,3,1,1,1,8,NA,NA,NA,NA,NA,NA,NA,NA,NA,NA,NA,NA,NA,NA,NA,NA,NA,NA,NA,NA,NA,NA,NA,NA,NA
2022,1382,7,4700,38,3,14,NA,1,NA,NA,2,1,NA,0,2,2,2,2,NA,NA,NA,NA,5,NA,NA,NA,NA,NA,NA,NA,NA,NA,NA,NA,NA,NA,NA,NA,NA,NA,NA,NA,NA,NA,NA,NA,NA,NA
2022,1383,7,7150,40,3,12,51,1,NA,2,1,1,11,0,NA,NA,3,2,NA,NA,NA,NA,1,NA,NA,NA,NA,NA,NA,NA,NA,NA,NA,NA,NA,NA,NA,NA,NA,NA,NA,NA,NA,NA,NA,NA,NA,NA
2022,1384,1,5240,31,1,12,27,1,NA,1,2,3,16,0,1,1,2,3,NA,NA,NA,NA,8,NA,NA,NA,NA,NA,NA,NA,NA,NA,NA,NA,NA,NA,NA,NA,NA,NA,NA,NA,NA,NA,NA,NA,NA,NA
2022,1385,1,4110,31,5,6,21,0,NA,0,2,1,15,15,NA,NA,2,2,2,1,1,1,9,NA,NA,NA,NA,NA,NA,NA,NA,NA,NA,NA,NA,NA,NA,NA,NA,NA,NA,NA,NA,NA,NA,NA,NA,NA
2022,1386,8,5860,32,1,12,60,1,NA,2,2,1,20,0,1,1,3,4,2,1,1,1,3,2,2,2,NA,1,1,1,1,1,1,1,1,1,4,NA,4,3,2,3,2,2,2,2,2,2
2022,1387,5,7200,45,1,13,67,1,NA,NA,1,1,21,0,1,1,2,3,NA,NA,NA,NA,8,NA,NA,NA,NA,NA,NA,NA,NA,NA,NA,NA,NA,NA,NA,NA,NA,NA,NA,NA,NA,NA,NA,NA,NA,NA
2022,1388,1,230,59,1,20,44,4,16,NA,1,1,22,22,1,1,2,2,1,1,1,1,3,1,1,1,1,2,1,2,1,1,2,2,1,1,1,1,1,4,2,3,2,3,4,4,3,2
2022,1389,1,6200,49,5,15,33,1,NA,NA,1,1,24,24,1,2,3,1,NA,NA,NA,NA,8,NA,NA,NA,NA,NA,NA,NA,NA,NA,NA,NA,NA,NA,NA,NA,NA,NA,NA,NA,NA,NA,NA,NA,NA,NA
2022,1390,5,3850,60,5,16,60,1,NA,NA,1,1,20,0,2,2,2,1,NA,NA,NA,NA,8,NA,NA,NA,NA,NA,NA,NA,NA,NA,NA,NA,NA,NA,NA,NA,NA,NA,NA,NA,NA,NA,NA,NA,NA,NA
2022,1391,7,6050,27,1,17,39,3,58,NA,2,3,20,0,NA,NA,2,2,NA,NA,NA,NA,0,NA,NA,NA,NA,NA,NA,NA,NA,NA,NA,NA,NA,NA,NA,NA,NA,NA,NA,NA,NA,NA,NA,NA,NA,NA
2022,1392,1,5160,39,1,14,32,1,NA,2,1,2,21,18,1,1,3,3,2,1,1,1,8,NA,NA,NA,NA,NA,NA,NA,NA,NA,NA,NA,NA,NA,NA,NA,NA,NA,NA,NA,NA,NA,NA,NA,NA,NA
2022,1393,4,4600,35,5,13,24,1,NA,2,2,3,NA,NA,NA,NA,3,2,NA,NA,NA,NA,8,NA,NA,NA,NA,NA,NA,NA,NA,NA,NA,NA,NA,NA,NA,NA,NA,NA,NA,NA,NA,NA,NA,NA,NA,NA
2022,1394,4,1010,63,5,16,31,3,19,NA,1,1,20,20,1,1,3,2,NA,NA,NA,NA,9,2,1,2,2,2,1,2,2,2,2,2,2,1,2,4,4,4,1,4,4,4,4,4,4,4
2022,1395,1,630,47,5,16,44,3,70,NA,2,2,19,19,3,NA,2,2,NA,NA,NA,NA,3,NA,NA,NA,NA,NA,NA,NA,NA,NA,NA,NA,NA,NA,NA,NA,NA,NA,NA,NA,NA,NA,NA,NA,NA,NA
2022,1396,2,9130,35,5,16,27,2,53,NA,1,3,16,16,NA,NA,3,3,1,1,1,1,8,2,2,2,NA,1,1,1,1,1,1,1,1,1,4,4,4,2,2,2,2,2,2,2,2,2
2022,1397,1,1560,34,1,15,45,3,18,NA,1,1,25,22,NA,NA,2,2,1,1,1,2,0,NA,NA,NA,NA,NA,NA,NA,NA,NA,NA,NA,NA,NA,NA,NA,NA,NA,NA,NA,NA,NA,NA,NA,NA,NA
2022,1398,5,800,60,1,17,73,3,33,0,1,1,24,0,1,1,1,2,NA,NA,NA,NA,7,1,1,1,2,2,1,1,2,1,1,1,2,2,1,1,1,4,2,2,4,2,4,2,3,4
2022,1399,5,4920,49,5,13,67,1,NA,NA,1,1,24,0,1,1,1,2,NA,NA,NA,NA,2,NA,NA,NA,NA,NA,NA,NA,NA,NA,NA,NA,NA,NA,NA,NA,NA,NA,NA,NA,NA,NA,NA,NA,NA,NA
2022,1400,2,2310,61,1,19,NA,4,25,2,2,1,25,16,2,3,2,1,3,3,3,1,8,NA,NA,NA,NA,NA,NA,NA,NA,NA,NA,NA,NA,NA,NA,NA,NA,NA,NA,NA,NA,NA,NA,NA,NA,NA
2022,1401,5,1360,65,1,16,79,3,18,NA,1,1,NA,0,1,1,2,2,3,1,1,1,3,NA,NA,NA,NA,NA,NA,NA,NA,NA,NA,NA,NA,NA,NA,NA,NA,NA,NA,NA,NA,NA,NA,NA,NA,NA
2022,1402,7,50,53,1,9,47,0,NA,NA,2,1,16,0,2,NA,1,1,2,2,1,1,8,NA,NA,NA,NA,NA,NA,NA,NA,NA,NA,NA,NA,NA,NA,NA,NA,NA,NA,NA,NA,NA,NA,NA,NA,NA
2022,1403,1,120,53,1,12,35,1,NA,NA,2,1,26,26,1,1,1,1,3,1,1,1,8,NA,NA,NA,NA,NA,NA,NA,NA,NA,NA,NA,NA,NA,NA,NA,NA,NA,NA,NA,NA,NA,NA,NA,NA,NA
2022,1404,7,3645,51,1,12,56,1,NA,NA,2,1,26,0,2,2,2,2,1,3,NA,1,8,NA,NA,NA,NA,NA,NA,NA,NA,NA,NA,NA,NA,NA,NA,NA,NA,NA,NA,NA,NA,NA,NA,NA,NA,NA
2022,1405,1,1360,65,1,16,32,3,18,NA,1,1,26,26,2,NA,1,1,NA,NA,NA,NA,2,1,2,2,1,2,2,2,2,1,2,2,2,2,2,4,2,2,4,4,2,2,2,2,2,2
2022,1406,2,410,41,3,14,32,2,58,1,1,1,18,18,NA,NA,2,3,NA,NA,NA,NA,3,NA,NA,NA,NA,NA,NA,NA,NA,NA,NA,NA,NA,NA,NA,NA,NA,NA,NA,NA,NA,NA,NA,NA,NA,NA
2022,1407,5,2340,38,5,16,64,3,8,0,2,1,22,21,1,1,2,2,2,1,1,1,5,1,2,2,2,2,1,2,2,2,2,2,2,2,1,4,4,4,2,4,4,4,4,4,4,4
2022,1408,2,2340,38,5,16,29,3,35,NA,1,1,17,17,1,1,3,1,NA,NA,NA,NA,5,1,1,1,1,1,1,2,1,1,2,2,2,1,1,2,2,2,3,4,3,3,2,3,2,2
2022,1409,1,2310,61,5,16,30,3,8,0,2,1,22,18,1,1,2,3,NA,NA,NA,NA,9,1,2,2,2,1,1,2,2,2,2,2,2,2,1,2,2,2,1,4,4,4,4,4,4,4
2022,1410,5,2100,69,1,16,74,4,29,NA,1,1,26,22,2,2,1,1,NA,NA,NA,NA,2,1,1,1,2,2,1,1,1,1,2,1,1,1,2,2,2,4,2,4,3,3,3,4,1,1
2022,1411,1,1020,60,1,16,33,3,11,4,1,1,23,23,3,1,2,1,2,1,1,2,8,2,2,1,1,2,2,2,2,2,2,2,2,2,2,2,2,2,2,2,2,2,2,2,2,2
2022,1412,2,4710,48,1,16,59,3,9,NA,1,1,26,26,1,1,1,1,NA,NA,NA,NA,7,NA,NA,NA,NA,NA,NA,NA,NA,NA,NA,NA,NA,NA,NA,NA,NA,NA,NA,NA,NA,NA,NA,NA,NA,NA
2022,1413,5,2310,61,5,20,76,4,16,0,2,1,18,0,1,1,2,2,2,1,1,1,3,2,2,2,NA,1,1,1,1,1,1,1,1,1,4,4,4,1,1,4,1,1,1,1,2,2
2022,1414,1,6260,28,1,7,50,0,NA,NA,1,1,21,21,NA,NA,3,3,2,2,1,NA,3,NA,NA,NA,NA,NA,NA,NA,NA,NA,NA,NA,NA,NA,NA,NA,NA,NA,NA,NA,NA,NA,NA,NA,NA,NA
2022,1415,1,4800,38,1,16,60,3,9,2,1,1,24,18,1,1,3,2,2,1,2,1,3,NA,NA,NA,NA,NA,NA,NA,NA,NA,NA,NA,NA,NA,NA,NA,NA,NA,NA,NA,NA,NA,NA,NA,NA,NA
2022,1416,2,4060,24,1,12,66,1,NA,NA,2,1,22,8,2,1,1,1,NA,NA,NA,NA,3,NA,NA,NA,NA,NA,NA,NA,NA,NA,NA,NA,NA,NA,NA,NA,NA,NA,NA,NA,NA,NA,NA,NA,NA,NA
2022,1417,5,2320,64,1,19,78,4,16,4,1,1,23,0,1,1,1,2,2,1,2,2,3,NA,NA,NA,NA,NA,NA,NA,NA,NA,NA,NA,NA,NA,NA,NA,NA,NA,NA,NA,NA,NA,NA,NA,NA,NA
2022,1418,1,7750,35,1,16,60,2,9,2,2,1,17,0,NA,NA,1,2,NA,NA,NA,NA,3,NA,NA,NA,NA,NA,NA,NA,NA,NA,NA,NA,NA,NA,NA,NA,NA,NA,NA,NA,NA,NA,NA,NA,NA,NA
2022,1419,2,4720,28,5,12,24,1,NA,NA,2,1,8,0,NA,NA,2,2,2,1,2,2,3,NA,NA,NA,NA,NA,NA,NA,NA,NA,NA,NA,NA,NA,NA,NA,NA,NA,NA,NA,NA,NA,NA,NA,NA,NA
2022,1420,5,120,53,3,17,63,3,43,3,1,1,15,0,1,1,2,2,NA,NA,NA,NA,3,NA,NA,NA,NA,NA,NA,NA,NA,NA,NA,NA,NA,NA,NA,NA,NA,NA,NA,NA,NA,NA,NA,NA,NA,NA
2022,1421,1,3600,48,1,12,54,0,NA,NA,2,1,22,2,NA,NA,2,2,3,1,1,1,3,NA,NA,NA,NA,NA,NA,NA,NA,NA,NA,NA,NA,NA,NA,NA,NA,NA,NA,NA,NA,NA,NA,NA,NA,NA
2022,1422,5,136,53,3,13,61,1,NA,0,2,1,NA,0,2,2,1,1,NA,NA,NA,NA,3,2,2,1,2,2,1,2,2,1,2,2,2,1,2,2,2,4,2,2,2,2,2,2,2,2
2022,1423,1,3220,62,1,14,40,2,55,0,2,1,24,21,2,2,2,2,NA,NA,NA,NA,3,NA,NA,NA,NA,NA,NA,NA,NA,NA,NA,NA,NA,NA,NA,NA,NA,NA,NA,NA,NA,NA,NA,NA,NA,NA
2022,1424,5,9130,35,1,12,79,1,NA,NA,1,1,18,13,1,1,1,1,NA,NA,NA,NA,5,NA,NA,NA,NA,NA,NA,NA,NA,NA,NA,NA,NA,NA,NA,NA,NA,NA,NA,NA,NA,NA,NA,NA,NA,NA
2022,1425,2,340,42,1,16,53,1,NA,NA,2,1,19,NA,3,1,2,2,NA,NA,NA,NA,3,NA,NA,NA,NA,NA,NA,NA,NA,NA,NA,NA,NA,NA,NA,NA,NA,NA,NA,NA,NA,NA,NA,NA,NA,NA
2022,1426,2,4620,35,2,12,66,1,NA,NA,2,1,14,0,1,NA,2,2,2,1,1,1,3,2,2,1,2,2,1,2,1,1,2,2,1,2,1,1,1,4,2,4,4,4,4,4,2,4
2022,1427,7,4220,24,3,12,61,1,NA,NA,2,1,2,0,NA,NA,3,4,3,1,1,1,3,NA,NA,NA,NA,NA,NA,NA,NA,NA,NA,NA,NA,NA,NA,NA,NA,NA,NA,NA,NA,NA,NA,NA,NA,NA
2022,1428,1,4700,38,2,14,62,1,NA,1,1,1,21,20,NA,NA,2,2,2,1,1,1,3,1,2,1,1,2,2,2,1,1,2,2,2,2,1,2,2,2,2,2,2,2,2,2,2,2
2022,1429,2,4720,28,2,12,62,1,NA,1,2,1,22,0,NA,2,2,2,NA,NA,NA,NA,3,NA,NA,NA,NA,NA,NA,NA,NA,NA,NA,NA,NA,NA,NA,NA,NA,NA,NA,NA,NA,NA,NA,NA,NA,NA
2022,1430,5,4720,28,5,14,61,1,NA,NA,2,1,9,0,1,1,2,3,1,1,1,1,3,NA,NA,NA,NA,NA,NA,NA,NA,NA,NA,NA,NA,NA,NA,NA,NA,NA,NA,NA,NA,NA,NA,NA,NA,NA
2022,1431,1,430,39,4,16,58,3,18,NA,1,1,26,26,1,1,2,2,2,1,1,1,3,NA,NA,NA,NA,NA,NA,NA,NA,NA,NA,NA,NA,NA,NA,NA,NA,NA,NA,NA,NA,NA,NA,NA,NA,NA
2022,1432,1,220,53,1,15,46,1,NA,NA,1,1,24,20,2,2,2,2,NA,NA,NA,NA,3,NA,NA,NA,NA,NA,NA,NA,NA,NA,NA,NA,NA,NA,NA,NA,NA,NA,NA,NA,NA,NA,NA,NA,NA,NA
2022,1433,7,2600,46,1,12,36,1,NA,2,2,1,21,0,NA,NA,1,2,1,1,1,2,3,2,2,2,NA,1,1,2,2,1,2,1,2,2,4,4,4,4,1,4,4,2,4,4,4,4
2022,1434,4,3800,40,5,12,30,1,NA,0,2,2,16,16,1,1,3,2,3,1,1,1,3,NA,NA,NA,NA,NA,NA,NA,NA,NA,NA,NA,NA,NA,NA,NA,NA,NA,NA,NA,NA,NA,NA,NA,NA,NA
2022,1435,5,3820,58,3,14,65,2,29,2,1,1,12,0,1,1,2,3,2,1,2,2,3,NA,NA,NA,NA,NA,NA,NA,NA,NA,NA,NA,NA,NA,NA,NA,NA,NA,NA,NA,NA,NA,NA,NA,NA,NA
2022,1436,5,3800,40,1,16,63,3,44,NA,2,1,23,0,1,1,1,2,2,1,2,2,3,NA,NA,NA,NA,NA,NA,NA,NA,NA,NA,NA,NA,NA,NA,NA,NA,NA,NA,NA,NA,NA,NA,NA,NA,NA
2022,1437,5,2300,53,2,20,61,4,16,NA,2,1,20,0,3,3,2,2,NA,NA,NA,NA,3,1,1,2,1,1,1,1,1,1,2,2,1,2,1,1,2,3,3,3,3,2,2,2,4,4
2022,1438,5,5850,32,5,12,63,1,NA,2,1,2,16,16,NA,1,2,2,NA,NA,NA,NA,3,1,2,1,2,2,2,2,2,2,2,2,2,2,3,4,2,4,4,4,4,4,4,4,4,4
2022,1439,1,9620,25,5,12,44,1,NA,NA,1,2,17,17,1,NA,2,1,NA,NA,NA,NA,3,NA,NA,NA,NA,NA,NA,NA,NA,NA,NA,NA,NA,NA,NA,NA,NA,NA,NA,NA,NA,NA,NA,NA,NA,NA
2022,1440,5,4760,31,5,16,73,3,16,0,1,1,13,0,1,1,3,1,NA,NA,NA,NA,2,NA,NA,NA,NA,NA,NA,NA,NA,NA,NA,NA,NA,NA,NA,NA,NA,NA,NA,NA,NA,NA,NA,NA,NA,NA
2022,1441,1,6320,42,3,8,60,0,NA,NA,1,1,15,15,NA,NA,1,1,NA,NA,NA,NA,3,NA,NA,NA,NA,NA,NA,NA,NA,NA,NA,NA,NA,NA,NA,NA,NA,NA,NA,NA,NA,NA,NA,NA,NA,NA
2022,1442,5,5020,31,5,12,70,1,NA,NA,2,1,9,0,1,1,3,3,NA,1,NA,1,3,NA,NA,NA,NA,NA,NA,NA,NA,NA,NA,NA,NA,NA,NA,NA,NA,NA,NA,NA,NA,NA,NA,NA,NA,NA
2022,1443,1,7700,50,5,14,36,1,NA,0,1,1,21,18,NA,NA,1,2,1,1,1,1,5,1,1,2,1,2,2,2,1,1,2,2,2,2,3,3,4,3,4,3,3,3,3,4,4,4
2022,1444,4,6260,28,5,10,44,0,NA,NA,1,1,13,8,NA,NA,3,2,NA,NA,NA,NA,3,NA,NA,NA,NA,NA,NA,NA,NA,NA,NA,NA,NA,NA,NA,NA,NA,NA,NA,NA,NA,NA,NA,NA,NA,NA
2022,1445,7,9130,35,5,9,29,0,NA,NA,2,1,NA,0,NA,NA,2,2,3,1,1,1,3,NA,NA,NA,NA,NA,NA,NA,NA,NA,NA,NA,NA,NA,NA,NA,NA,NA,NA,NA,NA,NA,NA,NA,NA,NA
2022,1446,1,630,47,5,16,24,3,61,NA,2,2,20,20,1,1,1,1,3,1,1,2,3,NA,NA,NA,NA,NA,NA,NA,NA,NA,NA,NA,NA,NA,NA,NA,NA,NA,NA,NA,NA,NA,NA,NA,NA,NA
2022,1447,5,5000,46,5,14,60,2,9,NA,2,2,16,0,1,1,3,3,NA,NA,NA,NA,3,NA,NA,NA,NA,NA,NA,NA,NA,NA,NA,NA,NA,NA,NA,NA,NA,NA,NA,NA,NA,NA,NA,NA,NA,NA
2022,1448,7,4000,50,3,15,60,3,58,4,2,1,2,0,4,1,3,2,2,1,1,1,3,1,2,1,1,1,1,1,1,1,1,1,2,1,3,3,3,3,3,3,3,3,3,3,4,2
2022,1449,1,3420,55,5,12,22,1,NA,NA,2,2,19,18,NA,1,3,2,NA,NA,NA,NA,3,NA,NA,NA,NA,NA,NA,NA,NA,NA,NA,NA,NA,NA,NA,NA,NA,NA,NA,NA,NA,NA,NA,NA,NA,NA
2022,1450,1,8965,35,5,12,38,1,NA,NA,1,2,18,18,NA,NA,2,3,NA,NA,NA,NA,4,NA,NA,NA,NA,NA,NA,NA,NA,NA,NA,NA,NA,NA,NA,NA,NA,NA,NA,NA,NA,NA,NA,NA,NA,NA
2022,1451,5,3258,72,1,20,67,4,36,NA,2,2,21,0,1,1,2,3,NA,NA,NA,NA,4,NA,NA,NA,NA,NA,NA,NA,NA,NA,NA,NA,NA,NA,NA,NA,NA,NA,NA,NA,NA,NA,NA,NA,NA,NA
2022,1452,1,9130,35,1,16,56,3,9,NA,1,2,NA,NA,NA,1,NA,2,NA,NA,NA,NA,4,1,1,2,1,2,1,1,1,1,1,1,1,1,3,3,4,3,2,3,2,2,2,2,1,1
2022,1453,1,410,41,5,13,49,1,NA,3,2,2,18,18,NA,1,2,2,NA,NA,NA,NA,4,1,2,2,1,2,2,1,1,1,1,1,1,2,1,4,4,4,4,1,1,1,1,1,1,4
2022,1454,1,160,44,5,13,33,2,9,NA,1,2,17,17,NA,NA,2,2,NA,1,1,1,4,NA,NA,NA,NA,NA,NA,NA,NA,NA,NA,NA,NA,NA,NA,NA,NA,NA,NA,NA,NA,NA,NA,NA,NA,NA
2022,1455,5,7750,35,3,12,68,1,NA,NA,1,2,21,0,1,1,2,4,NA,NA,NA,NA,4,NA,NA,NA,NA,NA,NA,NA,NA,NA,NA,NA,NA,NA,NA,NA,NA,NA,NA,NA,NA,NA,NA,NA,NA,NA
2022,1456,1,3500,69,NA,13,56,1,NA,NA,2,2,14,14,NA,NA,2,2,NA,NA,NA,NA,4,NA,NA,NA,NA,NA,NA,NA,NA,NA,NA,NA,NA,NA,NA,NA,NA,NA,NA,NA,NA,NA,NA,NA,NA,NA
2022,1457,4,310,39,5,14,36,2,9,NA,1,2,14,8,1,1,3,3,NA,NA,NA,NA,4,NA,NA,NA,NA,NA,NA,NA,NA,NA,NA,NA,NA,NA,NA,NA,NA,NA,NA,NA,NA,NA,NA,NA,NA,NA
2022,1458,4,5240,31,4,13,43,1,NA,6,2,2,7,0,NA,NA,3,3,2,2,2,1,4,1,2,2,2,2,2,2,2,1,2,2,2,2,4,4,4,4,4,4,2,2,4,4,4,4
2022,1459,1,8220,44,1,15,31,1,NA,NA,1,1,20,20,3,2,3,3,2,2,2,1,3,NA,NA,NA,NA,NA,NA,NA,NA,NA,NA,NA,NA,NA,NA,NA,NA,NA,NA,NA,NA,NA,NA,NA,NA,NA
2022,1460,2,100,59,5,11,33,0,NA,2,2,3,18,13,NA,NA,2,3,NA,NA,NA,NA,4,NA,NA,NA,NA,NA,NA,NA,NA,NA,NA,NA,NA,NA,NA,NA,NA,NA,NA,NA,NA,NA,NA,NA,NA,NA
2022,1461,1,4250,37,1,11,55,0,NA,2,1,1,10,10,1,1,3,2,2,1,1,1,4,NA,NA,NA,NA,NA,NA,NA,NA,NA,NA,NA,NA,NA,NA,NA,NA,NA,NA,NA,NA,NA,NA,NA,NA,NA
2022,1462,2,4510,36,3,13,48,1,NA,NA,2,1,10,3,2,2,1,4,NA,NA,NA,NA,4,NA,NA,NA,NA,NA,NA,NA,NA,NA,NA,NA,NA,NA,NA,NA,NA,NA,NA,NA,NA,NA,NA,NA,NA,NA
2022,1463,2,4020,33,5,17,33,1,NA,0,2,2,15,14,1,1,3,3,3,1,1,1,4,NA,NA,NA,NA,NA,NA,NA,NA,NA,NA,NA,NA,NA,NA,NA,NA,NA,NA,NA,NA,NA,NA,NA,NA,NA
2022,1464,2,9120,35,5,12,27,1,NA,2,2,2,12,0,NA,1,2,1,2,1,1,1,4,NA,NA,NA,NA,NA,NA,NA,NA,NA,NA,NA,NA,NA,NA,NA,NA,NA,NA,NA,NA,NA,NA,NA,NA,NA
2022,1465,1,9130,35,5,11,37,1,NA,NA,1,1,19,19,2,2,2,2,3,1,1,1,4,NA,NA,NA,NA,NA,NA,NA,NA,NA,NA,NA,NA,NA,NA,NA,NA,NA,NA,NA,NA,NA,NA,NA,NA,NA
2022,1466,5,9130,35,5,12,72,1,NA,0,1,1,9,0,3,1,1,2,NA,NA,NA,NA,4,NA,NA,NA,NA,NA,NA,NA,NA,NA,NA,NA,NA,NA,NA,NA,NA,NA,NA,NA,NA,NA,NA,NA,NA,NA
2022,1467,1,8965,35,5,12,23,1,NA,NA,1,1,14,14,NA,NA,2,2,3,1,NA,1,4,NA,NA,NA,NA,NA,NA,NA,NA,NA,NA,NA,NA,NA,NA,NA,NA,NA,NA,NA,NA,NA,NA,NA,NA,NA
2022,1468,8,1020,60,1,12,68,1,NA,1,1,1,26,24,1,1,2,2,NA,NA,NA,NA,4,1,2,2,1,2,2,2,2,1,2,2,2,2,1,2,1,4,4,4,1,1,4,4,4,2
2022,1469,1,1107,48,1,10,28,1,NA,NA,1,1,20,17,1,1,2,2,1,1,1,1,4,1,1,2,1,1,1,2,2,1,2,2,1,2,3,4,4,1,2,4,4,2,4,4,2,4
2022,1470,1,3930,34,1,12,36,1,NA,NA,1,1,22,17,NA,2,2,3,NA,NA,NA,NA,4,NA,NA,NA,NA,NA,NA,NA,NA,NA,NA,NA,NA,NA,NA,NA,NA,NA,NA,NA,NA,NA,NA,NA,NA,NA
2022,1471,8,7010,49,1,12,60,1,NA,NA,1,1,22,0,NA,NA,2,3,NA,NA,NA,NA,6,NA,NA,NA,NA,NA,NA,NA,NA,NA,NA,NA,NA,NA,NA,NA,NA,NA,NA,NA,NA,NA,NA,NA,NA,NA
2022,1472,7,5700,47,1,12,49,1,NA,NA,2,1,20,0,NA,1,2,2,NA,NA,NA,NA,4,NA,NA,NA,NA,NA,NA,NA,NA,NA,NA,NA,NA,NA,NA,NA,NA,NA,NA,NA,NA,NA,NA,NA,NA,NA
2022,1473,1,6420,35,5,13,33,1,NA,NA,1,1,19,4,NA,2,3,1,NA,NA,NA,NA,4,NA,NA,NA,NA,NA,NA,NA,NA,NA,NA,NA,NA,NA,NA,NA,NA,NA,NA,NA,NA,NA,NA,NA,NA,NA
2022,1474,5,7750,35,2,11,77,0,NA,1,1,1,NA,NA,2,2,3,1,1,1,3,3,9,NA,NA,NA,NA,NA,NA,NA,NA,NA,NA,NA,NA,NA,NA,NA,NA,NA,NA,NA,NA,NA,NA,NA,NA,NA
2022,1475,1,4820,58,1,16,48,3,9,NA,1,1,26,24,1,1,2,2,NA,NA,NA,NA,4,2,2,2,NA,2,2,2,2,1,2,2,2,2,4,4,4,4,4,4,4,4,4,4,4,4
2022,1476,5,3500,69,2,14,77,1,NA,NA,2,1,14,0,2,2,1,3,2,NA,3,1,4,NA,NA,NA,NA,NA,NA,NA,NA,NA,NA,NA,NA,NA,NA,NA,NA,NA,NA,NA,NA,NA,NA,NA,NA,NA
2022,1477,5,8740,39,1,12,84,1,NA,NA,1,1,17,14,2,2,2,2,NA,NA,NA,NA,4,NA,NA,NA,NA,NA,NA,NA,NA,NA,NA,NA,NA,NA,NA,NA,NA,NA,NA,NA,NA,NA,NA,NA,NA,NA
2022,1478,5,430,39,1,18,68,4,32,2,2,1,23,0,2,1,1,2,2,2,1,1,4,NA,NA,NA,NA,NA,NA,NA,NA,NA,NA,NA,NA,NA,NA,NA,NA,NA,NA,NA,NA,NA,NA,NA,NA,NA
2022,1479,1,4510,36,1,12,39,1,NA,NA,2,1,21,14,2,2,2,2,3,3,1,1,4,NA,NA,NA,NA,NA,NA,NA,NA,NA,NA,NA,NA,NA,NA,NA,NA,NA,NA,NA,NA,NA,NA,NA,NA,NA
2022,1480,1,160,44,1,15,51,2,70,NA,1,1,24,23,2,2,2,2,NA,NA,NA,NA,3,NA,NA,NA,NA,NA,NA,NA,NA,NA,NA,NA,NA,NA,NA,NA,NA,NA,NA,NA,NA,NA,NA,NA,NA,NA
2022,1481,1,7130,41,1,14,33,2,1,NA,1,1,22,21,2,2,2,2,NA,NA,NA,NA,4,NA,NA,NA,NA,NA,NA,NA,NA,NA,NA,NA,NA,NA,NA,NA,NA,NA,NA,NA,NA,NA,NA,NA,NA,NA
2022,1482,1,4700,38,5,12,23,1,NA,NA,1,1,NA,NA,NA,2,2,2,1,2,2,1,4,NA,NA,NA,NA,NA,NA,NA,NA,NA,NA,NA,NA,NA,NA,NA,NA,NA,NA,NA,NA,NA,NA,NA,NA,NA
2022,1483,5,8255,36,1,12,NA,1,NA,1,2,1,20,0,2,1,2,3,NA,NA,NA,NA,4,NA,NA,NA,NA,NA,NA,NA,NA,NA,NA,NA,NA,NA,NA,NA,NA,NA,NA,NA,NA,NA,NA,NA,NA,NA
2022,1484,1,1430,63,3,15,67,1,NA,2,2,1,22,19,3,NA,3,3,NA,NA,NA,NA,4,NA,NA,NA,NA,NA,NA,NA,NA,NA,NA,NA,NA,NA,NA,NA,NA,NA,NA,NA,NA,NA,NA,NA,NA,NA
2022,1485,1,NA,NA,2,12,57,1,NA,5,1,1,NA,NA,NA,NA,3,3,2,1,1,1,4,NA,NA,NA,NA,NA,NA,NA,NA,NA,NA,NA,NA,NA,NA,NA,NA,NA,NA,NA,NA,NA,NA,NA,NA,NA
2022,1486,5,9130,35,1,9,89,0,NA,NA,1,1,18,0,1,1,2,3,3,1,1,1,4,2,2,2,NA,2,1,2,2,2,2,2,2,2,4,4,4,4,2,4,4,4,4,4,NA,4
2022,1487,1,2310,61,1,20,56,4,16,3,2,1,NA,NA,2,2,1,2,2,2,1,1,4,2,1,1,1,1,1,2,2,1,2,2,1,1,3,3,3,1,1,3,2,3,3,2,2,2
2022,1488,5,540,46,1,14,70,1,NA,NA,1,1,24,0,2,2,1,2,2,3,1,1,2,NA,NA,NA,NA,NA,NA,NA,NA,NA,NA,NA,NA,NA,NA,NA,NA,NA,NA,NA,NA,NA,NA,NA,NA,NA
2022,1489,7,4110,31,1,12,26,1,NA,NA,2,1,26,8,2,NA,2,2,2,1,1,1,3,NA,NA,NA,NA,NA,NA,NA,NA,NA,NA,NA,NA,NA,NA,NA,NA,NA,NA,NA,NA,NA,NA,NA,NA,NA
2022,1490,5,8965,35,3,13,65,1,NA,NA,1,1,12,0,2,2,2,3,NA,NA,NA,NA,1,NA,NA,NA,NA,NA,NA,NA,NA,NA,NA,NA,NA,NA,NA,NA,NA,NA,NA,NA,NA,NA,NA,NA,NA,NA
2022,1491,4,4600,35,1,14,34,2,36,2,2,2,9,0,1,1,1,4,3,2,2,1,5,2,2,2,NA,2,2,2,1,1,2,2,2,1,4,4,4,4,4,4,4,4,4,4,4,4
2022,1492,2,2200,74,1,18,79,4,1,2,1,1,26,8,2,2,1,1,2,2,3,1,1,2,2,2,NA,2,1,2,1,1,2,2,2,1,4,4,4,4,1,4,1,1,4,4,4,1
2022,1493,1,4250,37,1,12,57,1,NA,NA,1,1,22,15,NA,NA,1,1,NA,NA,NA,NA,1,NA,NA,NA,NA,NA,NA,NA,NA,NA,NA,NA,NA,NA,NA,NA,NA,NA,NA,NA,NA,NA,NA,NA,NA,NA
2022,1494,5,4840,43,1,16,63,3,17,NA,1,1,21,21,1,1,2,1,2,1,1,1,3,NA,NA,NA,NA,NA,NA,NA,NA,NA,NA,NA,NA,NA,NA,NA,NA,NA,NA,NA,NA,NA,NA,NA,NA,NA
2022,1495,5,3255,64,2,16,84,3,36,NA,2,1,11,0,2,2,2,2,NA,NA,NA,NA,1,NA,NA,NA,NA,NA,NA,NA,NA,NA,NA,NA,NA,NA,NA,NA,NA,NA,NA,NA,NA,NA,NA,NA,NA,NA
2022,1496,5,9030,65,1,14,84,1,NA,NA,1,1,NA,0,1,1,2,2,2,1,1,1,2,NA,NA,NA,NA,NA,NA,NA,NA,NA,NA,NA,NA,NA,NA,NA,NA,NA,NA,NA,NA,NA,NA,NA,NA,NA
2022,1497,5,20,50,1,16,79,3,9,NA,1,1,24,0,2,1,1,1,NA,NA,NA,NA,2,NA,NA,NA,NA,NA,NA,NA,NA,NA,NA,NA,NA,NA,NA,NA,NA,NA,NA,NA,NA,NA,NA,NA,NA,NA
2022,1498,8,1020,60,1,12,64,1,NA,0,2,1,20,0,1,1,2,2,3,1,1,1,2,1,1,2,1,1,1,2,1,1,2,2,1,1,3,3,3,3,3,3,1,1,4,4,1,1
2022,1499,2,9620,25,1,14,79,1,NA,NA,1,1,21,16,2,2,2,2,1,1,1,1,2,NA,NA,NA,NA,NA,NA,NA,NA,NA,NA,NA,NA,NA,NA,NA,NA,NA,NA,NA,NA,NA,NA,NA,NA,NA
2022,1500,5,4700,38,2,14,80,1,NA,4,1,1,19,0,2,2,3,4,2,2,2,1,3,NA,NA,NA,NA,NA,NA,NA,NA,NA,NA,NA,NA,NA,NA,NA,NA,NA,NA,NA,NA,NA,NA,NA,NA,NA
2022,1501,7,120,53,1,16,52,3,25,0,2,1,25,0,4,4,2,2,NA,NA,NA,NA,5,2,2,1,1,1,1,2,1,1,2,2,2,2,1,2,1,2,2,4,2,2,4,4,4,2
2022,1502,7,4760,31,1,14,44,2,49,NA,2,1,17,0,2,2,1,2,NA,NA,NA,NA,5,NA,NA,NA,NA,NA,NA,NA,NA,NA,NA,NA,NA,NA,NA,NA,NA,NA,NA,NA,NA,NA,NA,NA,NA,NA
2022,1503,4,520,45,3,13,NA,1,NA,NA,1,1,NA,0,NA,NA,2,2,3,1,1,1,5,NA,NA,NA,NA,NA,NA,NA,NA,NA,NA,NA,NA,NA,NA,NA,NA,NA,NA,NA,NA,NA,NA,NA,NA,NA
2022,1504,1,9130,35,1,12,54,1,NA,2,1,1,24,19,2,2,3,4,NA,NA,NA,NA,5,NA,NA,NA,NA,NA,NA,NA,NA,NA,NA,NA,NA,NA,NA,NA,NA,NA,NA,NA,NA,NA,NA,NA,NA,NA
2022,1505,1,3050,66,1,20,45,4,38,3,2,1,26,26,1,1,1,1,NA,NA,NA,NA,5,NA,NA,NA,NA,NA,NA,NA,NA,NA,NA,NA,NA,NA,NA,NA,NA,NA,NA,NA,NA,NA,NA,NA,NA,NA
2022,1506,1,430,39,1,16,34,4,12,NA,2,3,26,21,1,1,1,1,NA,NA,NA,NA,5,1,1,1,1,2,1,2,1,2,1,2,1,2,2,2,2,2,2,2,2,2,2,2,2,2
2022,1507,1,9130,35,1,16,61,3,70,4,1,1,16,16,2,2,1,4,1,3,2,3,5,1,2,1,1,2,2,2,2,2,2,2,2,2,3,4,3,4,4,4,4,4,4,4,4,4
2022,1508,1,1006,65,3,16,NA,3,20,NA,2,1,NA,24,1,1,2,1,2,1,1,1,9,NA,NA,NA,NA,NA,NA,NA,NA,NA,NA,NA,NA,NA,NA,NA,NA,NA,NA,NA,NA,NA,NA,NA,NA,NA
2022,1509,7,3160,65,1,17,40,4,19,NA,2,1,25,2,2,1,1,1,3,1,1,1,5,1,1,2,1,1,1,2,1,1,1,1,1,1,1,1,3,1,1,2,1,2,2,3,3,3
2022,1510,1,2340,38,1,19,37,4,46,2,2,1,24,20,1,1,1,1,NA,NA,NA,NA,5,NA,NA,NA,NA,NA,NA,NA,NA,NA,NA,NA,NA,NA,NA,NA,NA,NA,NA,NA,NA,NA,NA,NA,NA,NA
2022,1511,5,940,52,1,19,84,4,16,NA,2,1,19,0,2,2,2,2,NA,NA,NA,NA,3,NA,NA,NA,NA,NA,NA,NA,NA,NA,NA,NA,NA,NA,NA,NA,NA,NA,NA,NA,NA,NA,NA,NA,NA,NA
2022,1512,2,3600,48,5,12,47,1,NA,NA,2,2,14,6,1,1,2,1,NA,NA,NA,NA,0,NA,NA,NA,NA,NA,NA,NA,NA,NA,NA,NA,NA,NA,NA,NA,NA,NA,NA,NA,NA,NA,NA,NA,NA,NA
2022,1513,1,8965,35,5,12,NA,1,NA,NA,2,2,1,0,NA,1,2,3,2,3,1,2,5,NA,NA,NA,NA,NA,NA,NA,NA,NA,NA,NA,NA,NA,NA,NA,NA,NA,NA,NA,NA,NA,NA,NA,NA,NA
2022,1514,1,1820,71,1,16,35,3,42,NA,2,1,17,15,NA,NA,1,1,NA,1,1,2,5,NA,NA,NA,NA,NA,NA,NA,NA,NA,NA,NA,NA,NA,NA,NA,NA,NA,NA,NA,NA,NA,NA,NA,NA,NA
2022,1515,5,6260,28,3,20,56,4,47,NA,1,1,23,14,2,2,1,1,2,3,3,1,5,NA,NA,NA,NA,NA,NA,NA,NA,NA,NA,NA,NA,NA,NA,NA,NA,NA,NA,NA,NA,NA,NA,NA,NA,NA
2022,1516,8,NA,NA,3,11,52,0,NA,NA,2,1,8,0,NA,NA,2,4,3,2,2,2,1,NA,NA,NA,NA,NA,NA,NA,NA,NA,NA,NA,NA,NA,NA,NA,NA,NA,NA,NA,NA,NA,NA,NA,NA,NA
2022,1517,4,6230,44,4,12,26,0,NA,NA,1,3,15,0,NA,NA,2,3,3,1,1,1,5,NA,NA,NA,NA,NA,NA,NA,NA,NA,NA,NA,NA,NA,NA,NA,NA,NA,NA,NA,NA,NA,NA,NA,NA,NA
2022,1518,5,4430,18,2,12,70,1,NA,0,2,2,10,0,1,1,2,2,2,1,1,1,0,NA,NA,NA,NA,NA,NA,NA,NA,NA,NA,NA,NA,NA,NA,NA,NA,NA,NA,NA,NA,NA,NA,NA,NA,NA
2022,1519,2,4720,28,5,11,27,0,NA,NA,2,2,NA,NA,1,NA,2,2,NA,NA,NA,NA,5,NA,NA,NA,NA,NA,NA,NA,NA,NA,NA,NA,NA,NA,NA,NA,NA,NA,NA,NA,NA,NA,NA,NA,NA,NA
2022,1520,5,4220,24,2,5,80,0,NA,NA,1,3,10,0,1,NA,3,3,NA,NA,NA,NA,0,NA,NA,NA,NA,NA,NA,NA,NA,NA,NA,NA,NA,NA,NA,NA,NA,NA,NA,NA,NA,NA,NA,NA,NA,NA
2022,1521,5,120,53,1,17,66,4,19,1,2,3,20,0,NA,NA,1,2,3,1,1,1,0,2,2,2,NA,2,1,2,1,1,1,1,1,1,4,3,4,4,2,3,2,2,2,2,4,2
2022,1522,2,5400,38,1,12,72,1,NA,3,2,1,17,2,2,2,1,2,3,1,1,1,3,NA,NA,NA,NA,NA,NA,NA,NA,NA,NA,NA,NA,NA,NA,NA,NA,NA,NA,NA,NA,NA,NA,NA,NA,NA
2022,1523,1,420,52,3,12,NA,1,NA,2,2,2,21,21,1,1,2,1,3,1,1,1,1,NA,NA,NA,NA,NA,NA,NA,NA,NA,NA,NA,NA,NA,NA,NA,NA,NA,NA,NA,NA,NA,NA,NA,NA,NA
2022,1524,3,5240,31,5,15,29,1,NA,NA,1,1,18,18,1,1,1,2,1,1,1,3,5,NA,NA,NA,NA,NA,NA,NA,NA,NA,NA,NA,NA,NA,NA,NA,NA,NA,NA,NA,NA,NA,NA,NA,NA,NA
2022,1525,1,2310,61,5,19,39,3,16,NA,2,1,22,19,1,1,2,1,2,1,1,2,5,1,1,1,1,1,1,2,2,1,2,2,1,2,1,1,1,2,2,4,4,2,4,4,1,4
2022,1526,1,800,60,2,16,34,3,19,NA,1,1,19,19,1,1,2,1,NA,NA,NA,NA,5,NA,NA,NA,NA,NA,NA,NA,NA,NA,NA,NA,NA,NA,NA,NA,NA,NA,NA,NA,NA,NA,NA,NA,NA,NA
2022,1527,1,5110,40,3,16,39,1,NA,1,2,1,NA,NA,NA,NA,2,4,2,1,1,1,5,NA,NA,NA,NA,NA,NA,NA,NA,NA,NA,NA,NA,NA,NA,NA,NA,NA,NA,NA,NA,NA,NA,NA,NA,NA
2022,1528,2,2700,58,5,17,27,1,NA,NA,1,1,20,16,NA,NA,2,2,NA,NA,NA,NA,0,NA,NA,NA,NA,NA,NA,NA,NA,NA,NA,NA,NA,NA,NA,NA,NA,NA,NA,NA,NA,NA,NA,NA,NA,NA
2022,1529,1,4510,36,5,12,50,1,NA,NA,2,1,19,18,2,2,2,3,NA,1,1,1,5,NA,NA,NA,NA,NA,NA,NA,NA,NA,NA,NA,NA,NA,NA,NA,NA,NA,NA,NA,NA,NA,NA,NA,NA,NA
2022,1530,1,3630,36,5,12,25,1,NA,NA,1,1,18,13,1,1,2,2,1,1,2,1,5,NA,NA,NA,NA,NA,NA,NA,NA,NA,NA,NA,NA,NA,NA,NA,NA,NA,NA,NA,NA,NA,NA,NA,NA,NA
2022,1531,1,5240,31,5,14,43,2,62,0,1,1,16,0,NA,NA,2,3,NA,NA,NA,NA,5,NA,NA,NA,NA,NA,NA,NA,NA,NA,NA,NA,NA,NA,NA,NA,NA,NA,NA,NA,NA,NA,NA,NA,NA,NA
2022,1532,1,230,59,5,18,29,4,66,0,2,2,26,19,1,1,3,2,NA,NA,NA,NA,5,1,2,1,1,1,1,2,1,2,2,2,2,1,1,2,1,1,1,4,4,4,4,4,4,2
2022,1533,1,5140,40,5,16,39,3,16,NA,2,NA,19,19,1,1,3,2,NA,NA,NA,NA,2,NA,NA,NA,NA,NA,NA,NA,NA,NA,NA,NA,NA,NA,NA,NA,NA,NA,NA,NA,NA,NA,NA,NA,NA,NA
2022,1534,1,6005,47,1,12,29,1,NA,NA,1,3,20,19,NA,1,1,2,3,1,1,2,5,NA,NA,NA,NA,NA,NA,NA,NA,NA,NA,NA,NA,NA,NA,NA,NA,NA,NA,NA,NA,NA,NA,NA,NA,NA
2022,1535,1,7200,45,5,12,32,1,NA,NA,1,1,23,16,NA,NA,2,3,2,1,1,NA,3,NA,NA,NA,NA,NA,NA,NA,NA,NA,NA,NA,NA,NA,NA,NA,NA,NA,NA,NA,NA,NA,NA,NA,NA,NA
2022,1536,2,8620,39,5,12,51,1,NA,NA,1,1,14,11,NA,NA,3,4,1,1,2,2,7,NA,NA,NA,NA,NA,NA,NA,NA,NA,NA,NA,NA,NA,NA,NA,NA,NA,NA,NA,NA,NA,NA,NA,NA,NA
2022,1537,7,NA,NA,1,12,39,1,NA,NA,2,1,19,0,NA,NA,2,4,2,2,1,1,5,NA,NA,NA,NA,NA,NA,NA,NA,NA,NA,NA,NA,NA,NA,NA,NA,NA,NA,NA,NA,NA,NA,NA,NA,NA
2022,1538,1,9130,35,2,14,55,1,NA,2,1,1,21,21,2,1,2,2,NA,2,1,1,5,1,2,1,2,2,2,2,1,1,2,2,2,2,4,4,2,4,4,4,4,3,4,4,4,4
2022,1539,1,4000,50,5,14,32,2,34,5,1,2,16,16,1,1,2,3,NA,NA,NA,NA,5,NA,NA,NA,NA,NA,NA,NA,NA,NA,NA,NA,NA,NA,NA,NA,NA,NA,NA,NA,NA,NA,NA,NA,NA,NA
2022,1540,2,5510,29,5,17,NA,3,18,NA,2,1,NA,0,NA,NA,2,2,2,NA,NA,1,0,NA,NA,NA,NA,NA,NA,NA,NA,NA,NA,NA,NA,NA,NA,NA,NA,NA,NA,NA,NA,NA,NA,NA,NA,NA
2022,1541,1,3645,51,5,12,NA,1,NA,NA,2,1,18,18,NA,1,2,2,NA,1,1,3,2,NA,NA,NA,NA,NA,NA,NA,NA,NA,NA,NA,NA,NA,NA,NA,NA,NA,NA,NA,NA,NA,NA,NA,NA,NA
2022,1542,1,6260,28,5,12,41,1,NA,NA,2,2,8,8,NA,1,2,2,NA,NA,NA,NA,6,NA,NA,NA,NA,NA,NA,NA,NA,NA,NA,NA,NA,NA,NA,NA,NA,NA,NA,NA,NA,NA,NA,NA,NA,NA
2022,1543,1,3300,61,5,18,34,3,8,0,1,1,25,20,NA,NA,2,2,NA,NA,NA,NA,5,2,1,2,1,2,1,1,2,1,2,1,2,1,4,1,4,4,2,2,4,2,4,2,4,2
2022,1544,1,5700,47,3,13,NA,1,NA,NA,1,2,13,13,1,1,2,2,NA,NA,NA,NA,5,NA,NA,NA,NA,NA,NA,NA,NA,NA,NA,NA,NA,NA,NA,NA,NA,NA,NA,NA,NA,NA,NA,NA,NA,NA
2022,1545,1,3160,65,3,16,48,3,55,NA,2,1,17,17,1,1,3,2,NA,NA,NA,NA,5,NA,NA,NA,NA,NA,NA,NA,NA,NA,NA,NA,NA,NA,NA,NA,NA,NA,NA,NA,NA,NA,NA,NA,NA,NA
2022,1546,1,4610,48,5,12,20,1,NA,NA,2,2,11,11,NA,NA,3,4,2,1,1,1,5,NA,NA,NA,NA,NA,NA,NA,NA,NA,NA,NA,NA,NA,NA,NA,NA,NA,NA,NA,NA,NA,NA,NA,NA,NA
2022,1547,1,6320,42,1,13,57,1,NA,NA,1,2,24,24,1,1,2,2,NA,NA,NA,NA,2,NA,NA,NA,NA,NA,NA,NA,NA,NA,NA,NA,NA,NA,NA,NA,NA,NA,NA,NA,NA,NA,NA,NA,NA,NA
2022,1548,4,4840,43,5,12,28,1,NA,NA,1,3,20,20,NA,NA,3,2,3,2,1,1,5,NA,NA,NA,NA,NA,NA,NA,NA,NA,NA,NA,NA,NA,NA,NA,NA,NA,NA,NA,NA,NA,NA,NA,NA,NA
2022,1549,5,2310,61,5,16,NA,3,16,NA,2,1,20,0,2,2,2,3,2,2,2,1,3,NA,NA,NA,NA,NA,NA,NA,NA,NA,NA,NA,NA,NA,NA,NA,NA,NA,NA,NA,NA,NA,NA,NA,NA,NA
2022,1550,6,5240,31,1,16,31,2,55,NA,2,3,19,13,NA,NA,2,3,NA,1,1,1,0,NA,NA,NA,NA,NA,NA,NA,NA,NA,NA,NA,NA,NA,NA,NA,NA,NA,NA,NA,NA,NA,NA,NA,NA,NA
2022,1551,1,3255,64,3,18,81,3,36,NA,2,2,20,20,1,1,3,2,3,1,1,1,5,NA,NA,NA,NA,NA,NA,NA,NA,NA,NA,NA,NA,NA,NA,NA,NA,NA,NA,NA,NA,NA,NA,NA,NA,NA
2022,1552,1,4020,33,3,14,53,1,NA,NA,2,2,25,19,1,1,2,1,NA,NA,NA,NA,5,NA,NA,NA,NA,NA,NA,NA,NA,NA,NA,NA,NA,NA,NA,NA,NA,NA,NA,NA,NA,NA,NA,NA,NA,NA
2022,1553,1,3620,55,5,14,40,1,NA,NA,1,2,19,19,1,1,3,2,NA,NA,NA,NA,5,NA,NA,NA,NA,NA,NA,NA,NA,NA,NA,NA,NA,NA,NA,NA,NA,NA,NA,NA,NA,NA,NA,NA,NA,NA
2022,1554,1,6355,49,3,13,26,1,NA,NA,1,1,20,20,1,1,1,1,1,1,2,NA,5,NA,NA,NA,NA,NA,NA,NA,NA,NA,NA,NA,NA,NA,NA,NA,NA,NA,NA,NA,NA,NA,NA,NA,NA,NA
2022,1555,1,3420,55,1,18,NA,2,19,NA,2,1,22,22,NA,NA,1,2,1,2,2,1,5,NA,NA,NA,NA,NA,NA,NA,NA,NA,NA,NA,NA,NA,NA,NA,NA,NA,NA,NA,NA,NA,NA,NA,NA,NA
2022,1556,7,2310,61,1,16,35,3,16,5,2,1,26,0,1,1,2,2,NA,NA,NA,NA,5,NA,NA,NA,NA,NA,NA,NA,NA,NA,NA,NA,NA,NA,NA,NA,NA,NA,NA,NA,NA,NA,NA,NA,NA,NA
2022,1557,7,2630,46,5,14,50,2,62,NA,1,1,20,0,1,1,2,3,NA,NA,NA,NA,7,1,2,1,1,2,2,2,2,2,2,2,2,2,1,4,2,4,4,4,4,4,4,4,4,4
2022,1558,2,4110,31,5,14,21,2,9,0,2,1,26,15,NA,1,2,2,NA,NA,NA,NA,5,NA,NA,NA,NA,NA,NA,NA,NA,NA,NA,NA,NA,NA,NA,NA,NA,NA,NA,NA,NA,NA,NA,NA,NA,NA
2022,1559,8,5410,33,1,13,38,1,NA,NA,1,1,16,16,2,2,2,1,1,1,1,1,3,NA,NA,NA,NA,NA,NA,NA,NA,NA,NA,NA,NA,NA,NA,NA,NA,NA,NA,NA,NA,NA,NA,NA,NA,NA
2022,1560,2,1020,60,3,20,73,4,16,2,2,1,26,25,1,1,3,3,NA,NA,NA,NA,5,NA,NA,NA,NA,NA,NA,NA,NA,NA,NA,NA,NA,NA,NA,NA,NA,NA,NA,NA,NA,NA,NA,NA,NA,NA
2022,1561,5,630,47,3,12,56,1,NA,NA,2,1,22,22,NA,NA,1,4,NA,NA,NA,NA,3,NA,NA,NA,NA,NA,NA,NA,NA,NA,NA,NA,NA,NA,NA,NA,NA,NA,NA,NA,NA,NA,NA,NA,NA,NA
2022,1562,1,8965,35,1,18,38,4,59,2,1,1,21,20,2,1,2,2,NA,NA,NA,NA,5,1,2,1,1,2,1,2,2,1,2,2,2,2,3,4,2,4,2,4,2,2,4,4,4,4
2022,1563,2,430,39,1,15,48,2,14,0,1,1,19,3,NA,NA,2,2,1,1,1,1,5,NA,NA,NA,NA,NA,NA,NA,NA,NA,NA,NA,NA,NA,NA,NA,NA,NA,NA,NA,NA,NA,NA,NA,NA,NA
2022,1564,1,4840,43,1,14,49,1,NA,NA,1,1,26,21,2,2,1,2,NA,NA,NA,NA,5,NA,NA,NA,NA,NA,NA,NA,NA,NA,NA,NA,NA,NA,NA,NA,NA,NA,NA,NA,NA,NA,NA,NA,NA,NA
2022,1565,5,7160,26,1,12,70,1,NA,NA,1,1,18,0,2,2,1,2,NA,NA,NA,NA,5,NA,NA,NA,NA,NA,NA,NA,NA,NA,NA,NA,NA,NA,NA,NA,NA,NA,NA,NA,NA,NA,NA,NA,NA,NA
2022,1566,1,2160,44,1,14,32,2,9,0,2,1,24,24,1,1,2,2,1,1,1,NA,5,NA,NA,NA,NA,NA,NA,NA,NA,NA,NA,NA,NA,NA,NA,NA,NA,NA,NA,NA,NA,NA,NA,NA,NA,NA
2022,1567,1,2540,48,3,16,60,3,9,2,2,1,21,21,1,1,3,2,2,2,1,1,2,2,2,1,2,1,1,2,2,2,2,2,2,2,4,2,2,2,2,4,2,2,4,2,2,2
2022,1568,5,10,72,5,20,66,2,9,NA,1,1,NA,NA,2,1,3,2,2,1,1,1,2,NA,NA,NA,NA,NA,NA,NA,NA,NA,NA,NA,NA,NA,NA,NA,NA,NA,NA,NA,NA,NA,NA,NA,NA,NA
2022,1569,1,2630,46,1,17,37,3,42,NA,2,1,26,26,1,1,2,2,NA,NA,NA,NA,5,NA,NA,NA,NA,NA,NA,NA,NA,NA,NA,NA,NA,NA,NA,NA,NA,NA,NA,NA,NA,NA,NA,NA,NA,NA
2022,1570,5,8965,35,5,12,73,1,NA,0,1,1,15,0,1,1,2,2,2,1,1,1,1,1,2,2,2,2,2,2,2,2,2,2,2,2,4,4,4,4,4,4,4,4,4,4,4,4
2022,1571,3,2600,46,4,12,32,1,NA,0,1,3,NA,NA,3,3,1,2,1,1,1,2,9,NA,NA,NA,NA,NA,NA,NA,NA,NA,NA,NA,NA,NA,NA,NA,NA,NA,NA,NA,NA,NA,NA,NA,NA,NA
2022,1572,7,NA,NA,1,14,31,1,NA,NA,2,1,22,0,2,2,1,1,NA,NA,NA,NA,9,NA,NA,NA,NA,NA,NA,NA,NA,NA,NA,NA,NA,NA,NA,NA,NA,NA,NA,NA,NA,NA,NA,NA,NA,NA
2022,1573,7,4700,38,1,14,53,2,1,NA,2,1,19,0,1,1,2,2,NA,NA,NA,NA,9,1,2,2,2,2,1,2,1,1,2,2,1,2,1,4,4,2,2,4,2,2,4,4,2,4
2022,1574,5,5000,46,1,14,70,2,72,NA,1,3,19,0,NA,NA,2,2,NA,NA,NA,NA,9,NA,NA,NA,NA,NA,NA,NA,NA,NA,NA,NA,NA,NA,NA,NA,NA,NA,NA,NA,NA,NA,NA,NA,NA,NA
2022,1575,1,430,39,1,13,42,1,NA,2,2,1,22,21,2,2,2,1,2,1,1,1,9,1,1,1,1,1,1,1,1,1,2,2,2,1,1,1,1,2,2,1,1,1,2,2,2,2
2022,1576,1,630,47,1,16,54,4,59,NA,2,1,26,22,NA,NA,3,1,NA,NA,NA,NA,9,NA,NA,NA,NA,NA,NA,NA,NA,NA,NA,NA,NA,NA,NA,NA,NA,NA,NA,NA,NA,NA,NA,NA,NA,NA
2022,1577,7,2010,54,2,19,NA,4,82,NA,1,1,NA,0,1,1,2,2,1,1,1,1,9,NA,NA,NA,NA,NA,NA,NA,NA,NA,NA,NA,NA,NA,NA,NA,NA,NA,NA,NA,NA,NA,NA,NA,NA,NA
2022,1578,2,3600,48,1,13,59,1,NA,2,2,1,22,15,2,2,1,1,NA,NA,NA,NA,9,1,1,1,1,2,2,1,2,1,2,2,2,2,1,4,1,4,4,1,2,2,4,4,4,4
2022,1579,1,3420,55,1,14,34,1,NA,NA,1,3,18,13,NA,1,1,2,NA,NA,NA,NA,9,NA,NA,NA,NA,NA,NA,NA,NA,NA,NA,NA,NA,NA,NA,NA,NA,NA,NA,NA,NA,NA,NA,NA,NA,NA
2022,1580,6,NA,NA,5,12,18,1,NA,NA,2,1,26,0,NA,NA,2,1,2,1,1,2,9,NA,NA,NA,NA,NA,NA,NA,NA,NA,NA,NA,NA,NA,NA,NA,NA,NA,NA,NA,NA,NA,NA,NA,NA,NA
2022,1581,1,120,53,5,17,26,3,16,NA,2,1,18,18,NA,1,2,2,3,1,1,1,9,NA,NA,NA,NA,NA,NA,NA,NA,NA,NA,NA,NA,NA,NA,NA,NA,NA,NA,NA,NA,NA,NA,NA,NA,NA
2022,1582,6,9640,22,5,15,22,1,NA,NA,1,1,15,15,NA,2,2,2,2,1,1,1,9,NA,NA,NA,NA,NA,NA,NA,NA,NA,NA,NA,NA,NA,NA,NA,NA,NA,NA,NA,NA,NA,NA,NA,NA,NA
2022,1583,8,4760,31,5,15,60,2,9,0,1,1,6,0,NA,NA,2,2,NA,NA,NA,NA,9,2,2,2,NA,2,2,2,2,2,2,2,2,2,2,2,4,2,2,2,2,2,2,4,4,2
2022,1584,1,4110,31,5,13,NA,1,NA,NA,2,1,NA,NA,NA,1,2,1,NA,NA,NA,NA,9,NA,NA,NA,NA,NA,NA,NA,NA,NA,NA,NA,NA,NA,NA,NA,NA,NA,NA,NA,NA,NA,NA,NA,NA,NA
2022,1585,8,NA,NA,5,5,NA,0,NA,NA,2,2,NA,0,NA,NA,2,3,NA,NA,NA,NA,9,NA,NA,NA,NA,NA,NA,NA,NA,NA,NA,NA,NA,NA,NA,NA,NA,NA,NA,NA,NA,NA,NA,NA,NA,NA
2022,1586,7,7800,45,5,12,NA,1,NA,NA,2,NA,NA,0,NA,NA,3,2,3,1,1,1,9,NA,NA,NA,NA,NA,NA,NA,NA,NA,NA,NA,NA,NA,NA,NA,NA,NA,NA,NA,NA,NA,NA,NA,NA,NA
2022,1587,5,810,55,2,15,69,1,NA,NA,2,1,20,0,1,3,2,2,2,1,1,1,9,NA,NA,NA,NA,NA,NA,NA,NA,NA,NA,NA,NA,NA,NA,NA,NA,NA,NA,NA,NA,NA,NA,NA,NA,NA
2022,1588,1,2800,40,1,14,66,1,NA,2,1,NA,22,22,2,2,2,2,NA,NA,NA,NA,9,2,2,2,NA,2,1,2,2,2,2,2,2,2,4,4,4,4,1,4,4,4,4,4,4,4
2022,1589,7,6230,44,1,14,NA,2,62,NA,1,1,NA,0,NA,NA,3,4,NA,NA,NA,NA,9,NA,NA,NA,NA,NA,NA,NA,NA,NA,NA,NA,NA,NA,NA,NA,NA,NA,NA,NA,NA,NA,NA,NA,NA,NA
2022,1590,5,430,39,3,20,89,4,44,NA,2,2,21,0,1,1,2,3,NA,NA,NA,NA,2,NA,NA,NA,NA,NA,NA,NA,NA,NA,NA,NA,NA,NA,NA,NA,NA,NA,NA,NA,NA,NA,NA,NA,NA,NA
2022,1591,1,5700,47,3,14,62,1,NA,NA,2,2,21,21,1,1,2,2,1,1,1,2,9,NA,NA,NA,NA,NA,NA,NA,NA,NA,NA,NA,NA,NA,NA,NA,NA,NA,NA,NA,NA,NA,NA,NA,NA,NA
2022,1592,2,2300,53,5,14,21,2,42,NA,NA,3,4,0,NA,NA,2,1,2,2,2,2,9,NA,NA,NA,NA,NA,NA,NA,NA,NA,NA,NA,NA,NA,NA,NA,NA,NA,NA,NA,NA,NA,NA,NA,NA,NA
2022,1593,6,4110,31,5,15,21,1,NA,NA,1,3,16,0,NA,2,1,1,NA,NA,NA,NA,9,NA,NA,NA,NA,NA,NA,NA,NA,NA,NA,NA,NA,NA,NA,NA,NA,NA,NA,NA,NA,NA,NA,NA,NA,NA
2022,1594,2,NA,NA,1,12,NA,1,NA,NA,1,1,NA,0,2,2,1,1,NA,NA,NA,NA,0,NA,NA,NA,NA,NA,NA,NA,NA,NA,NA,NA,NA,NA,NA,NA,NA,NA,NA,NA,NA,NA,NA,NA,NA,NA
2022,1595,1,2105,59,5,20,26,4,29,0,1,1,20,20,1,1,3,3,1,1,1,2,9,1,1,1,1,2,1,1,1,1,2,1,2,1,1,2,1,4,2,2,1,1,1,1,4,2
2022,1596,2,2340,38,1,14,49,2,53,2,2,1,26,2,2,2,2,2,2,3,2,1,9,1,2,1,2,2,2,2,1,2,2,2,1,2,1,2,3,2,4,2,2,2,4,4,2,4
2022,1597,1,205,46,1,13,22,1,NA,NA,2,1,19,18,NA,1,2,2,2,1,1,2,5,NA,NA,NA,NA,NA,NA,NA,NA,NA,NA,NA,NA,NA,NA,NA,NA,NA,NA,NA,NA,NA,NA,NA,NA,NA
2022,1598,1,1020,60,5,14,35,1,NA,NA,1,1,22,22,1,1,2,2,NA,NA,NA,NA,9,2,1,2,2,2,2,2,2,1,2,1,2,2,2,1,4,4,4,4,4,2,4,2,2,4
2022,1599,1,4710,48,1,12,NA,1,NA,NA,1,1,26,26,2,2,1,1,1,1,1,NA,9,NA,NA,NA,NA,NA,NA,NA,NA,NA,NA,NA,NA,NA,NA,NA,NA,NA,NA,NA,NA,NA,NA,NA,NA,NA
2022,1600,2,3255,64,3,17,51,3,36,NA,2,1,26,26,2,2,2,1,NA,NA,NA,NA,9,NA,NA,NA,NA,NA,NA,NA,NA,NA,NA,NA,NA,NA,NA,NA,NA,NA,NA,NA,NA,NA,NA,NA,NA,NA
2022,1601,6,NA,NA,5,13,19,2,41,0,1,1,24,0,NA,NA,2,1,NA,NA,NA,NA,9,NA,NA,NA,NA,NA,NA,NA,NA,NA,NA,NA,NA,NA,NA,NA,NA,NA,NA,NA,NA,NA,NA,NA,NA,NA
2022,1602,1,6240,31,3,12,37,1,NA,NA,1,1,19,14,NA,2,2,2,3,1,1,2,0,NA,NA,NA,NA,NA,NA,NA,NA,NA,NA,NA,NA,NA,NA,NA,NA,NA,NA,NA,NA,NA,NA,NA,NA,NA
2022,1603,1,NA,NA,5,NA,23,0,NA,NA,NA,3,21,0,NA,NA,2,1,NA,NA,NA,NA,9,NA,NA,NA,NA,NA,NA,NA,NA,NA,NA,NA,NA,NA,NA,NA,NA,NA,NA,NA,NA,NA,NA,NA,NA,NA
2022,1604,7,2330,61,3,16,72,3,19,6,2,1,17,0,2,2,2,2,NA,NA,NA,NA,8,1,2,1,2,1,1,1,1,1,1,1,1,1,1,2,1,2,2,2,1,1,1,1,1,1
2022,1605,4,8965,35,5,12,28,1,NA,NA,2,1,NA,0,NA,NA,2,2,NA,NA,NA,NA,2,NA,NA,NA,NA,NA,NA,NA,NA,NA,NA,NA,NA,NA,NA,NA,NA,NA,NA,NA,NA,NA,NA,NA,NA,NA
2022,1606,1,230,59,1,20,55,4,16,1,2,1,25,22,2,2,2,2,2,3,3,1,2,NA,NA,NA,NA,NA,NA,NA,NA,NA,NA,NA,NA,NA,NA,NA,NA,NA,NA,NA,NA,NA,NA,NA,NA,NA
2022,1607,1,50,53,5,17,27,3,12,0,2,1,19,0,2,2,2,2,NA,NA,NA,NA,2,NA,NA,NA,NA,NA,NA,NA,NA,NA,NA,NA,NA,NA,NA,NA,NA,NA,NA,NA,NA,NA,NA,NA,NA,NA
2022,1608,1,1020,60,3,14,57,1,NA,NA,2,2,19,19,1,1,2,2,3,1,1,1,2,NA,NA,NA,NA,NA,NA,NA,NA,NA,NA,NA,NA,NA,NA,NA,NA,NA,NA,NA,NA,NA,NA,NA,NA,NA
2022,1609,1,3930,34,1,16,49,3,76,2,1,2,24,23,2,2,1,1,NA,NA,NA,NA,4,NA,NA,NA,NA,NA,NA,NA,NA,NA,NA,NA,NA,NA,NA,NA,NA,NA,NA,NA,NA,NA,NA,NA,NA,NA
2022,1610,7,4510,36,2,12,72,1,NA,NA,2,1,NA,1,2,2,3,3,NA,NA,NA,NA,2,NA,NA,NA,NA,NA,NA,NA,NA,NA,NA,NA,NA,NA,NA,NA,NA,NA,NA,NA,NA,NA,NA,NA,NA,NA
2022,1611,5,5700,47,1,12,75,1,NA,NA,2,1,16,0,1,1,2,3,3,1,1,1,2,NA,NA,NA,NA,NA,NA,NA,NA,NA,NA,NA,NA,NA,NA,NA,NA,NA,NA,NA,NA,NA,NA,NA,NA,NA
2022,1612,1,NA,NA,1,12,52,1,NA,NA,1,2,21,20,NA,NA,2,3,2,2,2,1,2,NA,NA,NA,NA,NA,NA,NA,NA,NA,NA,NA,NA,NA,NA,NA,NA,NA,NA,NA,NA,NA,NA,NA,NA,NA
2022,1613,1,1006,65,1,14,35,1,NA,NA,1,2,25,21,1,1,2,2,NA,NA,NA,NA,2,NA,NA,NA,NA,NA,NA,NA,NA,NA,NA,NA,NA,NA,NA,NA,NA,NA,NA,NA,NA,NA,NA,NA,NA,NA
2022,1614,2,800,60,3,20,51,4,20,2,1,1,21,21,2,2,2,2,2,1,1,1,2,NA,NA,NA,NA,NA,NA,NA,NA,NA,NA,NA,NA,NA,NA,NA,NA,NA,NA,NA,NA,NA,NA,NA,NA,NA
2022,1615,4,1020,60,1,18,31,3,18,0,1,1,NA,NA,NA,1,1,1,NA,NA,NA,NA,2,2,2,2,NA,1,1,2,2,1,2,2,2,2,4,4,4,1,2,4,4,2,4,4,4,4
2022,1616,1,6520,35,1,12,57,1,NA,NA,1,1,21,20,1,1,2,2,NA,NA,NA,NA,2,NA,NA,NA,NA,NA,NA,NA,NA,NA,NA,NA,NA,NA,NA,NA,NA,NA,NA,NA,NA,NA,NA,NA,NA,NA
2022,1617,1,1240,65,5,18,29,4,9,3,2,2,25,20,2,1,1,1,2,2,1,2,2,1,2,1,1,2,1,1,2,2,2,2,2,2,1,4,3,4,2,2,4,4,4,4,4,4
2022,1618,4,NA,NA,5,12,26,1,NA,NA,1,2,13,NA,NA,NA,3,2,NA,NA,NA,NA,2,NA,NA,NA,NA,NA,NA,NA,NA,NA,NA,NA,NA,NA,NA,NA,NA,NA,NA,NA,NA,NA,NA,NA,NA,NA
2022,1619,6,4610,48,4,16,NA,1,NA,NA,1,2,20,20,NA,NA,2,2,NA,NA,NA,NA,2,NA,NA,NA,NA,NA,NA,NA,NA,NA,NA,NA,NA,NA,NA,NA,NA,NA,NA,NA,NA,NA,NA,NA,NA,NA
2022,1620,4,4610,48,5,12,21,1,NA,NA,2,2,22,16,NA,NA,2,1,2,1,1,1,2,NA,NA,NA,NA,NA,NA,NA,NA,NA,NA,NA,NA,NA,NA,NA,NA,NA,NA,NA,NA,NA,NA,NA,NA,NA
2022,1621,5,4430,18,5,14,65,1,NA,NA,1,2,10,0,1,1,2,3,NA,NA,NA,NA,2,NA,NA,NA,NA,NA,NA,NA,NA,NA,NA,NA,NA,NA,NA,NA,NA,NA,NA,NA,NA,NA,NA,NA,NA,NA
2022,1622,4,7740,34,3,12,76,1,NA,NA,2,1,8,0,NA,NA,3,2,NA,NA,NA,NA,2,NA,NA,NA,NA,NA,NA,NA,NA,NA,NA,NA,NA,NA,NA,NA,NA,NA,NA,NA,NA,NA,NA,NA,NA,NA
2022,1623,4,9240,51,5,10,33,1,NA,NA,1,1,20,0,NA,NA,2,2,NA,NA,NA,NA,3,NA,NA,NA,NA,NA,NA,NA,NA,NA,NA,NA,NA,NA,NA,NA,NA,NA,NA,NA,NA,NA,NA,NA,NA,NA
2022,1624,6,NA,NA,4,2,NA,0,NA,NA,NA,3,NA,0,NA,NA,NA,1,NA,NA,NA,NA,2,NA,NA,NA,NA,NA,NA,NA,NA,NA,NA,NA,NA,NA,NA,NA,NA,NA,NA,NA,NA,NA,NA,NA,NA,NA
2022,1625,1,7130,41,1,12,30,1,NA,NA,1,1,24,22,NA,NA,2,3,2,2,1,1,2,NA,NA,NA,NA,NA,NA,NA,NA,NA,NA,NA,NA,NA,NA,NA,NA,NA,NA,NA,NA,NA,NA,NA,NA,NA
2022,1626,8,2310,61,1,14,45,1,NA,NA,2,1,23,0,NA,NA,2,4,2,2,1,1,2,NA,NA,NA,NA,NA,NA,NA,NA,NA,NA,NA,NA,NA,NA,NA,NA,NA,NA,NA,NA,NA,NA,NA,NA,NA
2022,1627,5,2160,44,1,16,71,3,42,1,2,2,26,0,1,1,2,2,3,1,2,1,9,NA,NA,NA,NA,NA,NA,NA,NA,NA,NA,NA,NA,NA,NA,NA,NA,NA,NA,NA,NA,NA,NA,NA,NA,NA
2022,1628,5,4020,33,1,12,66,1,NA,NA,2,1,13,0,NA,NA,2,2,NA,NA,NA,NA,2,NA,NA,NA,NA,NA,NA,NA,NA,NA,NA,NA,NA,NA,NA,NA,NA,NA,NA,NA,NA,NA,NA,NA,NA,NA
2022,1629,5,6355,49,1,12,67,1,NA,2,1,1,22,0,2,2,3,3,NA,NA,NA,NA,2,2,2,2,NA,2,2,2,2,2,2,2,2,2,4,4,3,4,4,4,4,4,4,4,4,4
2022,1630,2,2310,61,1,19,42,3,57,NA,2,1,22,0,2,2,2,2,NA,NA,NA,NA,3,NA,NA,NA,NA,NA,NA,NA,NA,NA,NA,NA,NA,NA,NA,NA,NA,NA,NA,NA,NA,NA,NA,NA,NA,NA
2022,1631,5,7360,33,1,12,73,1,NA,NA,1,1,16,3,2,2,1,3,NA,NA,NA,NA,2,NA,NA,NA,NA,NA,NA,NA,NA,NA,NA,NA,NA,NA,NA,NA,NA,NA,NA,NA,NA,NA,NA,NA,NA,NA
2022,1632,1,2000,51,5,18,44,4,82,0,2,1,21,16,1,2,2,2,2,1,1,1,2,1,2,1,1,2,1,1,1,2,2,2,2,2,1,4,2,4,2,1,2,4,4,4,4,4
2022,1633,1,430,39,1,12,63,1,NA,NA,1,1,21,21,1,1,2,3,NA,NA,NA,NA,2,NA,NA,NA,NA,NA,NA,NA,NA,NA,NA,NA,NA,NA,NA,NA,NA,NA,NA,NA,NA,NA,NA,NA,NA,NA
2022,1634,1,220,53,1,14,51,2,55,NA,1,2,20,14,1,1,1,2,NA,NA,NA,NA,2,NA,NA,NA,NA,NA,NA,NA,NA,NA,NA,NA,NA,NA,NA,NA,NA,NA,NA,NA,NA,NA,NA,NA,NA,NA
2022,1635,1,4230,25,1,11,34,0,NA,NA,2,1,2,1,2,NA,2,2,NA,NA,NA,NA,3,NA,NA,NA,NA,NA,NA,NA,NA,NA,NA,NA,NA,NA,NA,NA,NA,NA,NA,NA,NA,NA,NA,NA,NA,NA
2022,1636,3,5120,45,3,12,67,1,NA,NA,2,1,16,11,1,1,3,4,NA,NA,NA,NA,2,2,2,1,2,2,2,2,2,2,2,2,2,2,4,4,1,4,4,4,4,4,4,4,4,4
2022,1637,6,NA,NA,5,11,26,0,NA,0,2,2,10,0,NA,1,2,3,NA,NA,NA,NA,2,2,2,1,1,1,2,2,2,1,2,1,2,1,3,4,2,4,2,NA,1,2,3,2,4,2
2022,1638,1,1107,48,5,14,30,1,NA,NA,1,2,19,18,NA,1,2,2,3,2,1,1,2,NA,NA,NA,NA,NA,NA,NA,NA,NA,NA,NA,NA,NA,NA,NA,NA,NA,NA,NA,NA,NA,NA,NA,NA,NA
2022,1639,1,2340,38,5,18,38,3,9,NA,1,1,19,19,2,2,3,2,NA,NA,NA,NA,2,NA,NA,NA,NA,NA,NA,NA,NA,NA,NA,NA,NA,NA,NA,NA,NA,NA,NA,NA,NA,NA,NA,NA,NA,NA
2022,1640,8,4140,20,5,12,62,1,NA,NA,2,1,10,0,NA,2,3,3,NA,NA,NA,NA,2,NA,NA,NA,NA,NA,NA,NA,NA,NA,NA,NA,NA,NA,NA,NA,NA,NA,NA,NA,NA,NA,NA,NA,NA,NA
2022,1641,1,5940,17,5,16,30,3,19,0,2,1,19,16,1,1,2,2,NA,NA,NA,NA,2,NA,NA,NA,NA,NA,NA,NA,NA,NA,NA,NA,NA,NA,NA,NA,NA,NA,NA,NA,NA,NA,NA,NA,NA,NA
2022,1642,1,800,60,1,18,46,4,9,3,2,1,26,26,2,1,2,2,NA,NA,NA,NA,4,1,2,1,1,2,1,2,1,1,2,2,2,2,2,1,1,4,1,4,1,3,4,4,4,2
2022,1643,1,4850,45,1,16,45,3,12,3,1,1,22,22,2,2,2,2,2,1,1,1,2,NA,NA,NA,NA,NA,NA,NA,NA,NA,NA,NA,NA,NA,NA,NA,NA,NA,NA,NA,NA,NA,NA,NA,NA,NA
2022,1644,1,10,72,3,20,42,4,18,NA,1,1,26,21,1,1,2,2,2,1,1,2,8,NA,NA,NA,NA,NA,NA,NA,NA,NA,NA,NA,NA,NA,NA,NA,NA,NA,NA,NA,NA,NA,NA,NA,NA,NA
2022,1645,6,3600,48,5,14,NA,1,NA,NA,1,1,NA,NA,NA,NA,2,1,NA,NA,NA,NA,5,NA,NA,NA,NA,NA,NA,NA,NA,NA,NA,NA,NA,NA,NA,NA,NA,NA,NA,NA,NA,NA,NA,NA,NA,NA
2022,1646,2,3060,80,1,16,55,3,11,NA,2,2,26,22,1,1,1,1,NA,NA,NA,NA,7,NA,NA,NA,NA,NA,NA,NA,NA,NA,NA,NA,NA,NA,NA,NA,NA,NA,NA,NA,NA,NA,NA,NA,NA,NA
2022,1647,6,4760,31,5,15,22,1,NA,NA,1,1,22,13,NA,1,3,3,2,1,1,3,5,NA,NA,NA,NA,NA,NA,NA,NA,NA,NA,NA,NA,NA,NA,NA,NA,NA,NA,NA,NA,NA,NA,NA,NA,NA
2022,1648,1,120,53,1,18,31,4,1,2,1,3,22,22,NA,NA,1,2,2,1,2,2,0,2,2,1,1,2,2,2,1,1,2,1,2,2,1,2,1,2,2,2,1,1,1,1,1,2
2022,1649,1,1020,60,1,18,36,4,9,NA,1,3,21,21,NA,NA,2,2,1,2,1,1,0,NA,NA,NA,NA,NA,NA,NA,NA,NA,NA,NA,NA,NA,NA,NA,NA,NA,NA,NA,NA,NA,NA,NA,NA,NA
2022,1650,1,3060,80,1,19,NA,4,34,NA,1,2,26,26,NA,NA,1,1,NA,NA,NA,NA,0,1,2,1,1,2,1,2,2,1,2,2,2,2,1,4,1,4,3,4,1,4,4,4,4,4
2022,1651,1,1220,53,1,15,51,3,9,NA,1,1,22,NA,3,NA,1,1,NA,NA,NA,NA,0,NA,NA,NA,NA,NA,NA,NA,NA,NA,NA,NA,NA,NA,NA,NA,NA,NA,NA,NA,NA,NA,NA,NA,NA,NA
2022,1652,1,4760,31,5,16,32,3,12,NA,1,2,NA,NA,NA,NA,1,2,NA,NA,NA,NA,5,NA,NA,NA,NA,NA,NA,NA,NA,NA,NA,NA,NA,NA,NA,NA,NA,NA,NA,NA,NA,NA,NA,NA,NA,NA
2022,1653,1,4820,58,3,12,50,1,NA,NA,1,1,18,9,NA,NA,2,2,NA,NA,NA,NA,0,NA,NA,NA,NA,NA,NA,NA,NA,NA,NA,NA,NA,NA,NA,NA,NA,NA,NA,NA,NA,NA,NA,NA,NA,NA
2022,1654,1,5400,38,1,13,41,1,NA,NA,2,2,22,18,1,1,2,2,NA,NA,NA,NA,5,NA,NA,NA,NA,NA,NA,NA,NA,NA,NA,NA,NA,NA,NA,NA,NA,NA,NA,NA,NA,NA,NA,NA,NA,NA
2022,1655,1,20,50,5,18,49,4,17,NA,1,2,22,21,NA,1,2,2,NA,NA,NA,NA,2,1,2,1,1,2,1,1,1,1,1,1,1,1,3,2,3,2,1,2,1,2,2,2,2,1
2022,1656,1,800,60,1,18,47,3,1,NA,2,2,23,21,1,1,2,3,NA,NA,NA,NA,9,NA,NA,NA,NA,NA,NA,NA,NA,NA,NA,NA,NA,NA,NA,NA,NA,NA,NA,NA,NA,NA,NA,NA,NA,NA
2022,1657,1,NA,NA,5,14,40,1,NA,1,2,1,21,NA,1,1,2,2,NA,NA,NA,NA,5,1,1,2,1,1,1,2,2,2,2,1,2,1,1,1,1,2,2,4,2,2,4,2,4,2
2022,1658,1,4700,38,1,9,34,0,NA,NA,2,2,13,8,1,2,2,3,2,1,1,2,5,1,2,1,1,2,1,2,1,1,1,1,2,1,3,3,3,4,1,1,1,1,1,1,3,1
2022,1659,1,1106,61,1,15,56,1,NA,NA,1,1,26,25,NA,NA,1,1,NA,NA,NA,NA,0,NA,NA,NA,NA,NA,NA,NA,NA,NA,NA,NA,NA,NA,NA,NA,NA,NA,NA,NA,NA,NA,NA,NA,NA,NA
2022,1660,7,NA,NA,1,15,54,2,16,NA,2,1,23,NA,1,1,2,3,2,1,1,1,5,NA,NA,NA,NA,NA,NA,NA,NA,NA,NA,NA,NA,NA,NA,NA,NA,NA,NA,NA,NA,NA,NA,NA,NA,NA
2022,1661,4,NA,NA,5,16,34,3,7,NA,2,1,NA,NA,1,1,3,2,NA,NA,NA,NA,5,NA,NA,NA,NA,NA,NA,NA,NA,NA,NA,NA,NA,NA,NA,NA,NA,NA,NA,NA,NA,NA,NA,NA,NA,NA
2022,1662,7,4760,31,2,14,70,2,42,NA,2,1,12,0,1,1,3,2,NA,NA,NA,NA,1,NA,NA,NA,NA,NA,NA,NA,NA,NA,NA,NA,NA,NA,NA,NA,NA,NA,NA,NA,NA,NA,NA,NA,NA,NA
2022,1663,7,5100,24,3,12,76,1,NA,NA,2,1,20,0,2,2,3,1,3,3,1,1,5,NA,NA,NA,NA,NA,NA,NA,NA,NA,NA,NA,NA,NA,NA,NA,NA,NA,NA,NA,NA,NA,NA,NA,NA,NA
2022,1664,1,5810,37,5,16,NA,3,9,0,2,NA,16,13,NA,2,3,2,2,NA,1,1,9,NA,NA,NA,NA,NA,NA,NA,NA,NA,NA,NA,NA,NA,NA,NA,NA,NA,NA,NA,NA,NA,NA,NA,NA,NA
2022,1665,1,6260,28,1,12,51,1,NA,NA,1,3,21,21,1,1,1,3,NA,NA,NA,NA,0,NA,NA,NA,NA,NA,NA,NA,NA,NA,NA,NA,NA,NA,NA,NA,NA,NA,NA,NA,NA,NA,NA,NA,NA,NA
2022,1666,1,3255,64,3,14,59,2,36,3,2,2,21,21,NA,NA,2,2,NA,NA,NA,NA,2,2,2,2,NA,2,1,2,1,1,1,1,1,2,4,4,4,1,1,3,1,2,3,3,2,4
2022,1667,1,120,53,3,16,55,3,9,NA,2,2,26,26,1,1,3,2,NA,NA,NA,NA,6,NA,NA,NA,NA,NA,NA,NA,NA,NA,NA,NA,NA,NA,NA,NA,NA,NA,NA,NA,NA,NA,NA,NA,NA,NA
2022,1668,2,6200,49,3,15,76,1,NA,NA,1,1,19,16,2,2,1,1,2,3,3,1,5,2,2,2,NA,2,2,2,2,2,2,2,2,2,4,4,4,4,4,4,4,4,4,4,4,4
2022,1669,5,5120,45,1,12,77,1,NA,NA,2,1,22,0,2,2,3,2,NA,NA,NA,NA,5,NA,NA,NA,NA,NA,NA,NA,NA,NA,NA,NA,NA,NA,NA,NA,NA,NA,NA,NA,NA,NA,NA,NA,NA,NA
2022,1670,1,5550,45,1,14,41,1,NA,NA,1,1,NA,NA,2,2,2,2,2,3,2,2,5,NA,2,2,NA,2,1,2,NA,1,2,2,2,1,2,4,3,4,2,3,2,2,4,4,4,2
2022,1671,7,3600,48,3,12,47,1,NA,NA,2,1,9,0,NA,NA,3,2,NA,NA,NA,NA,5,NA,NA,NA,NA,NA,NA,NA,NA,NA,NA,NA,NA,NA,NA,NA,NA,NA,NA,NA,NA,NA,NA,NA,NA,NA
2022,1672,5,7700,50,2,12,63,1,NA,NA,1,2,17,0,NA,1,3,2,NA,NA,NA,NA,5,NA,NA,NA,NA,NA,NA,NA,NA,NA,NA,NA,NA,NA,NA,NA,NA,NA,NA,NA,NA,NA,NA,NA,NA,NA
2022,1673,5,8965,35,2,12,80,1,NA,NA,2,2,11,0,1,1,2,2,NA,NA,NA,NA,5,NA,NA,NA,NA,NA,NA,NA,NA,NA,NA,NA,NA,NA,NA,NA,NA,NA,NA,NA,NA,NA,NA,NA,NA,NA
2022,1674,1,6940,32,1,8,35,0,NA,NA,1,1,21,21,2,2,3,2,2,1,1,3,5,NA,NA,NA,NA,NA,NA,NA,NA,NA,NA,NA,NA,NA,NA,NA,NA,NA,NA,NA,NA,NA,NA,NA,NA,NA
2022,1675,1,3420,55,1,13,37,1,NA,2,2,1,21,16,2,2,1,1,NA,2,2,1,5,2,2,1,2,2,2,2,2,2,2,2,2,2,4,4,1,4,4,4,4,1,4,4,4,4
2022,1676,2,4030,21,5,12,22,1,NA,NA,2,1,16,3,NA,1,2,2,1,1,1,1,5,NA,NA,NA,NA,NA,NA,NA,NA,NA,NA,NA,NA,NA,NA,NA,NA,NA,NA,NA,NA,NA,NA,NA,NA,NA
2022,1677,8,4720,28,3,12,60,1,NA,NA,2,1,NA,NA,NA,NA,2,3,3,2,3,1,5,NA,NA,NA,NA,NA,NA,NA,NA,NA,NA,NA,NA,NA,NA,NA,NA,NA,NA,NA,NA,NA,NA,NA,NA,NA
2022,1678,4,6260,28,3,7,37,0,NA,NA,1,1,NA,11,NA,NA,3,2,1,1,1,1,2,NA,NA,NA,NA,NA,NA,NA,NA,NA,NA,NA,NA,NA,NA,NA,NA,NA,NA,NA,NA,NA,NA,NA,NA,NA
2022,1679,1,2600,46,1,12,32,1,NA,3,1,1,16,16,NA,NA,2,2,3,1,1,1,5,2,2,1,2,2,2,2,2,1,2,2,2,2,2,2,2,2,2,2,2,2,2,2,2,2
2022,1680,2,5240,31,3,14,57,1,NA,2,1,1,11,11,NA,NA,3,1,NA,NA,NA,NA,6,2,2,1,2,1,1,2,2,1,2,2,2,2,2,2,2,3,3,3,2,3,4,4,4,4
2022,1681,1,520,45,5,12,36,1,NA,NA,2,1,18,17,NA,NA,3,2,2,1,1,1,6,NA,NA,NA,NA,NA,NA,NA,NA,NA,NA,NA,NA,NA,NA,NA,NA,NA,NA,NA,NA,NA,NA,NA,NA,NA
2022,1682,1,4250,37,5,12,28,1,NA,NA,1,1,15,15,NA,NA,1,2,1,2,1,2,6,NA,NA,NA,NA,NA,NA,NA,NA,NA,NA,NA,NA,NA,NA,NA,NA,NA,NA,NA,NA,NA,NA,NA,NA,NA
2022,1683,5,9620,25,3,12,66,1,NA,NA,1,3,11,0,NA,NA,3,3,1,1,1,1,6,NA,NA,NA,NA,NA,NA,NA,NA,NA,NA,NA,NA,NA,NA,NA,NA,NA,NA,NA,NA,NA,NA,NA,NA,NA
2022,1684,2,4110,31,3,12,48,1,NA,NA,2,1,10,10,NA,NA,1,2,NA,NA,NA,NA,6,NA,NA,NA,NA,NA,NA,NA,NA,NA,NA,NA,NA,NA,NA,NA,NA,NA,NA,NA,NA,NA,NA,NA,NA,NA
2022,1685,7,NA,NA,4,6,23,0,NA,2,2,3,15,0,NA,NA,3,2,NA,2,3,2,0,NA,NA,NA,NA,NA,NA,NA,NA,NA,NA,NA,NA,NA,NA,NA,NA,NA,NA,NA,NA,NA,NA,NA,NA,NA
2022,1686,1,6420,35,1,12,36,1,NA,NA,1,3,17,17,NA,NA,2,1,NA,NA,NA,NA,0,NA,NA,NA,NA,NA,NA,NA,NA,NA,NA,NA,NA,NA,NA,NA,NA,NA,NA,NA,NA,NA,NA,NA,NA,NA
2022,1687,5,4850,45,1,12,77,1,NA,NA,1,1,17,0,2,2,1,2,1,3,3,1,5,NA,NA,NA,NA,NA,NA,NA,NA,NA,NA,NA,NA,NA,NA,NA,NA,NA,NA,NA,NA,NA,NA,NA,NA,NA
2022,1688,7,NA,NA,4,11,67,0,NA,NA,2,1,13,0,2,NA,2,2,NA,NA,NA,NA,3,NA,NA,NA,NA,NA,NA,NA,NA,NA,NA,NA,NA,NA,NA,NA,NA,NA,NA,NA,NA,NA,NA,NA,NA,NA
2022,1689,1,1050,48,1,12,28,1,NA,1,2,1,22,22,NA,NA,2,3,NA,NA,NA,NA,3,NA,NA,NA,NA,NA,NA,NA,NA,NA,NA,NA,NA,NA,NA,NA,NA,NA,NA,NA,NA,NA,NA,NA,NA,NA
2022,1690,4,6230,44,5,12,21,0,NA,NA,1,2,17,10,NA,NA,1,3,NA,NA,NA,NA,3,NA,NA,NA,NA,NA,NA,NA,NA,NA,NA,NA,NA,NA,NA,NA,NA,NA,NA,NA,NA,NA,NA,NA,NA,NA
2022,1691,5,5510,29,1,12,79,1,NA,2,1,1,17,0,2,2,1,3,NA,3,1,1,3,NA,NA,NA,NA,NA,NA,NA,NA,NA,NA,NA,NA,NA,NA,NA,NA,NA,NA,NA,NA,NA,NA,NA,NA,NA
2022,1692,1,3255,64,5,16,35,3,9,0,2,1,22,19,1,1,3,2,1,1,1,1,3,1,2,1,1,2,1,1,1,1,1,1,2,1,3,3,3,4,1,2,2,2,2,2,4,1
2022,1693,7,5310,50,1,14,23,2,9,1,2,3,22,7,NA,NA,2,1,2,1,2,2,0,2,2,2,NA,1,1,2,2,1,1,1,1,2,3,4,4,1,1,3,2,2,2,2,2,1
2022,1694,1,5510,29,5,12,64,1,NA,NA,1,1,21,21,2,2,2,2,NA,NA,NA,NA,3,NA,NA,NA,NA,NA,NA,NA,NA,NA,NA,NA,NA,NA,NA,NA,NA,NA,NA,NA,NA,NA,NA,NA,NA,NA
2022,1695,5,8255,36,2,12,74,1,NA,2,1,1,19,12,2,2,3,2,1,2,2,1,3,2,2,2,NA,2,2,2,2,2,2,2,2,2,4,4,4,4,4,4,4,4,4,4,4,4
2022,1696,5,565,47,3,14,65,2,51,3,2,1,14,0,3,1,3,3,2,1,1,1,3,2,2,2,NA,1,1,2,1,1,1,1,1,1,4,4,4,4,2,4,1,1,NA,NA,4,1
2022,1697,1,8965,35,3,12,60,1,NA,NA,2,1,21,17,1,1,1,2,1,1,1,1,3,NA,NA,NA,NA,NA,NA,NA,NA,NA,NA,NA,NA,NA,NA,NA,NA,NA,NA,NA,NA,NA,NA,NA,NA,NA
2022,1698,5,1050,48,1,12,78,1,NA,NA,1,1,19,0,NA,NA,2,2,2,2,3,1,0,NA,NA,NA,NA,NA,NA,NA,NA,NA,NA,NA,NA,NA,NA,NA,NA,NA,NA,NA,NA,NA,NA,NA,NA,NA
2022,1699,2,6420,35,5,8,50,0,NA,NA,1,1,9,9,NA,NA,1,3,NA,NA,NA,NA,0,NA,NA,NA,NA,NA,NA,NA,NA,NA,NA,NA,NA,NA,NA,NA,NA,NA,NA,NA,NA,NA,NA,NA,NA,NA
2022,1700,1,5560,38,5,14,30,2,20,NA,2,2,18,16,NA,1,2,1,3,1,1,1,3,NA,NA,NA,NA,NA,NA,NA,NA,NA,NA,NA,NA,NA,NA,NA,NA,NA,NA,NA,NA,NA,NA,NA,NA,NA
2022,1701,2,4220,24,5,12,34,1,NA,NA,1,2,10,5,1,NA,2,4,1,1,2,2,3,NA,NA,NA,NA,NA,NA,NA,NA,NA,NA,NA,NA,NA,NA,NA,NA,NA,NA,NA,NA,NA,NA,NA,NA,NA
2022,1702,2,4040,32,5,19,42,4,8,1,1,2,20,0,1,1,3,1,NA,NA,NA,NA,3,1,1,1,1,1,2,2,1,1,2,2,2,NA,3,3,3,3,2,1,3,1,1,1,1,1
2022,1703,2,9130,35,5,14,43,2,70,3,2,2,12,7,1,3,1,1,NA,NA,NA,NA,3,NA,NA,NA,NA,NA,NA,NA,NA,NA,NA,NA,NA,NA,NA,NA,NA,NA,NA,NA,NA,NA,NA,NA,NA,NA
2022,1704,2,4230,25,5,11,32,0,NA,NA,2,2,15,14,1,NA,2,3,NA,NA,NA,NA,3,NA,NA,NA,NA,NA,NA,NA,NA,NA,NA,NA,NA,NA,NA,NA,NA,NA,NA,NA,NA,NA,NA,NA,NA,NA
2022,1705,7,5240,31,3,14,56,1,NA,NA,2,2,NA,NA,1,1,2,2,1,1,1,1,6,NA,NA,NA,NA,NA,NA,NA,NA,NA,NA,NA,NA,NA,NA,NA,NA,NA,NA,NA,NA,NA,NA,NA,NA,NA
2022,1706,1,8220,44,5,13,24,1,NA,NA,1,1,20,15,1,3,2,2,NA,NA,NA,NA,3,2,1,2,2,1,2,2,2,1,2,2,2,2,4,3,4,3,4,4,4,2,4,3,4,3
2022,1707,2,4760,31,5,12,39,1,NA,NA,2,2,2,NA,NA,NA,3,1,NA,NA,NA,NA,3,NA,NA,NA,NA,NA,NA,NA,NA,NA,NA,NA,NA,NA,NA,NA,NA,NA,NA,NA,NA,NA,NA,NA,NA,NA
2022,1708,7,6420,35,5,9,40,0,NA,0,1,1,NA,0,NA,NA,2,2,NA,NA,NA,NA,3,NA,NA,NA,NA,NA,NA,NA,NA,NA,NA,NA,NA,NA,NA,NA,NA,NA,NA,NA,NA,NA,NA,NA,NA,NA
2022,1709,2,6230,44,1,15,60,2,60,NA,1,2,11,11,NA,1,2,3,3,1,2,2,3,NA,NA,NA,NA,NA,NA,NA,NA,NA,NA,NA,NA,NA,NA,NA,NA,NA,NA,NA,NA,NA,NA,NA,NA,NA
2022,1710,1,3850,60,5,13,31,4,70,NA,1,2,3,0,NA,NA,2,2,NA,NA,NA,NA,2,NA,NA,NA,NA,NA,NA,NA,NA,NA,NA,NA,NA,NA,NA,NA,NA,NA,NA,NA,NA,NA,NA,NA,NA,NA
2022,1711,1,3255,64,5,16,54,3,36,NA,2,2,26,26,1,1,2,3,NA,NA,NA,NA,0,2,2,2,NA,2,2,2,2,1,2,2,2,2,4,4,4,1,4,4,4,1,4,4,1,4
2022,1712,1,2340,38,1,14,29,2,27,NA,2,1,21,18,NA,NA,2,2,2,1,1,2,7,NA,NA,NA,NA,NA,NA,NA,NA,NA,NA,NA,NA,NA,NA,NA,NA,NA,NA,NA,NA,NA,NA,NA,NA,NA
2022,1713,5,120,53,1,16,81,4,9,NA,1,1,22,0,2,2,2,3,2,3,2,1,3,NA,NA,NA,NA,NA,NA,NA,NA,NA,NA,NA,NA,NA,NA,NA,NA,NA,NA,NA,NA,NA,NA,NA,NA,NA
2022,1714,5,9830,62,1,18,59,4,9,5,2,2,24,0,2,2,2,2,3,3,3,1,5,1,2,2,2,1,1,1,1,1,1,1,1,2,1,1,2,2,1,1,3,2,2,2,1,3
2022,1715,1,4850,45,5,14,37,2,68,0,1,1,18,18,NA,NA,3,2,1,1,2,2,1,NA,NA,NA,NA,NA,NA,NA,NA,NA,NA,NA,NA,NA,NA,NA,NA,NA,NA,NA,NA,NA,NA,NA,NA,NA
2022,1716,4,5240,31,5,12,30,1,NA,NA,2,2,8,8,1,1,3,2,2,1,1,2,3,NA,NA,NA,NA,NA,NA,NA,NA,NA,NA,NA,NA,NA,NA,NA,NA,NA,NA,NA,NA,NA,NA,NA,NA,NA
2022,1717,7,230,59,1,20,72,4,16,NA,2,1,22,0,1,1,3,1,2,1,1,2,5,NA,NA,NA,NA,NA,NA,NA,NA,NA,NA,NA,NA,NA,NA,NA,NA,NA,NA,NA,NA,NA,NA,NA,NA,NA
2022,1718,2,2850,67,1,13,65,1,NA,NA,2,1,13,0,2,2,3,2,2,3,3,1,9,2,2,1,2,1,1,2,2,2,2,2,2,2,4,4,1,2,2,4,4,4,4,4,4,4
2022,1719,5,3255,64,1,16,42,3,36,NA,1,1,26,26,NA,NA,2,1,NA,NA,NA,NA,8,NA,NA,NA,NA,NA,NA,NA,NA,NA,NA,NA,NA,NA,NA,NA,NA,NA,NA,NA,NA,NA,NA,NA,NA,NA
2022,1720,6,NA,NA,3,12,48,1,NA,NA,2,3,20,NA,NA,NA,2,2,1,1,3,1,7,NA,NA,NA,NA,NA,NA,NA,NA,NA,NA,NA,NA,NA,NA,NA,NA,NA,NA,NA,NA,NA,NA,NA,NA,NA
2022,1721,1,4920,49,2,11,72,1,NA,NA,2,1,21,15,1,1,1,1,NA,NA,NA,NA,7,1,1,1,1,2,2,1,1,1,2,2,2,2,1,2,2,4,4,2,2,2,4,4,4,4
2022,1722,6,NA,NA,1,14,NA,1,NA,0,1,3,NA,0,NA,NA,1,1,1,1,1,1,0,NA,NA,NA,NA,NA,NA,NA,NA,NA,NA,NA,NA,NA,NA,NA,NA,NA,NA,NA,NA,NA,NA,NA,NA,NA
2022,1723,2,5410,33,5,15,55,1,NA,0,1,1,10,10,NA,NA,2,2,1,1,2,1,6,2,1,2,1,1,2,2,2,2,2,1,2,2,2,2,2,2,2,2,2,2,2,2,2,2
2022,1724,1,8810,32,3,13,36,1,NA,2,1,2,16,16,NA,NA,3,3,NA,NA,NA,NA,7,2,1,1,1,2,1,1,2,1,NA,1,2,1,4,3,4,3,3,3,2,2,2,2,2,2
2022,1725,4,4020,33,5,15,NA,1,NA,NA,2,1,13,0,3,1,2,2,3,1,1,2,7,NA,NA,NA,NA,NA,NA,NA,NA,NA,NA,NA,NA,NA,NA,NA,NA,NA,NA,NA,NA,NA,NA,NA,NA,NA
2022,1726,1,8320,32,3,10,58,1,NA,NA,2,1,18,18,NA,NA,2,2,2,2,1,1,7,NA,NA,NA,NA,NA,NA,NA,NA,NA,NA,NA,NA,NA,NA,NA,NA,NA,NA,NA,NA,NA,NA,NA,NA,NA
2022,1727,8,6355,49,2,14,64,2,51,NA,1,1,11,0,1,1,2,3,NA,NA,NA,NA,7,NA,NA,NA,NA,NA,NA,NA,NA,NA,NA,NA,NA,NA,NA,NA,NA,NA,NA,NA,NA,NA,NA,NA,NA,NA
2022,1728,1,430,39,5,8,50,0,NA,NA,1,3,6,0,NA,4,1,3,NA,NA,NA,NA,7,NA,NA,NA,NA,NA,NA,NA,NA,NA,NA,NA,NA,NA,NA,NA,NA,NA,NA,NA,NA,NA,NA,NA,NA,NA
2022,1729,4,6320,42,4,10,66,0,NA,NA,1,1,13,0,NA,NA,3,3,NA,NA,NA,NA,7,NA,NA,NA,NA,NA,NA,NA,NA,NA,NA,NA,NA,NA,NA,NA,NA,NA,NA,NA,NA,NA,NA,NA,NA,NA
2022,1730,4,310,39,4,10,35,0,NA,4,2,1,15,14,NA,NA,2,3,NA,NA,NA,NA,7,2,2,1,2,1,2,2,1,1,1,1,1,2,4,4,4,4,2,4,1,1,1,1,4,1
2022,1731,1,9120,35,1,14,64,2,36,NA,1,1,22,22,2,2,2,1,2,1,1,1,7,1,2,2,1,2,2,2,1,1,2,1,2,2,3,3,3,3,3,2,1,1,1,1,2,2
2022,1732,1,9620,25,1,6,54,0,NA,NA,1,1,17,17,NA,NA,2,2,NA,NA,NA,NA,7,NA,NA,NA,NA,NA,NA,NA,NA,NA,NA,NA,NA,NA,NA,NA,NA,NA,NA,NA,NA,NA,NA,NA,NA,NA
2022,1733,3,6260,28,1,2,34,0,NA,2,1,1,13,11,NA,NA,1,3,2,1,1,1,0,2,2,1,1,NA,1,2,1,2,2,2,2,1,1,2,2,4,2,4,1,2,2,4,4,2
2022,1734,1,6520,35,1,12,51,1,NA,NA,1,1,22,16,NA,NA,1,2,2,2,1,1,7,NA,NA,NA,NA,NA,NA,NA,NA,NA,NA,NA,NA,NA,NA,NA,NA,NA,NA,NA,NA,NA,NA,NA,NA,NA
2022,1735,7,7200,45,1,14,34,2,49,NA,1,1,22,12,NA,2,1,2,NA,NA,NA,NA,7,NA,NA,NA,NA,NA,NA,NA,NA,NA,NA,NA,NA,NA,NA,NA,NA,NA,NA,NA,NA,NA,NA,NA,NA,NA
2022,1736,1,2330,61,1,16,24,2,49,NA,2,1,19,0,2,NA,1,2,1,1,1,1,7,NA,NA,NA,NA,NA,NA,NA,NA,NA,NA,NA,NA,NA,NA,NA,NA,NA,NA,NA,NA,NA,NA,NA,NA,NA
2022,1737,1,160,44,1,12,66,1,NA,NA,1,1,22,19,NA,NA,1,3,3,1,1,1,7,NA,NA,NA,NA,NA,NA,NA,NA,NA,NA,NA,NA,NA,NA,NA,NA,NA,NA,NA,NA,NA,NA,NA,NA,NA
2022,1738,1,6660,49,1,13,44,1,NA,1,1,1,21,21,2,2,1,3,NA,NA,NA,NA,7,NA,NA,NA,NA,NA,NA,NA,NA,NA,NA,NA,NA,NA,NA,NA,NA,NA,NA,NA,NA,NA,NA,NA,NA,NA
2022,1739,2,4600,35,2,12,62,1,NA,4,2,1,23,8,2,2,3,2,3,1,1,1,7,2,2,2,NA,2,2,2,1,1,1,2,2,2,4,4,4,4,4,4,2,2,2,4,4,4
2022,1740,7,NA,NA,1,12,40,1,NA,NA,2,1,NA,0,NA,NA,3,3,2,1,1,1,7,NA,NA,NA,NA,NA,NA,NA,NA,NA,NA,NA,NA,NA,NA,NA,NA,NA,NA,NA,NA,NA,NA,NA,NA,NA
2022,1741,1,3640,48,1,13,55,2,15,NA,2,1,NA,19,2,2,1,2,NA,NA,NA,NA,3,NA,NA,NA,NA,NA,NA,NA,NA,NA,NA,NA,NA,NA,NA,NA,NA,NA,NA,NA,NA,NA,NA,NA,NA,NA
2022,1742,1,540,46,1,12,43,1,NA,NA,2,1,24,19,2,2,2,2,NA,NA,NA,NA,3,NA,NA,NA,NA,NA,NA,NA,NA,NA,NA,NA,NA,NA,NA,NA,NA,NA,NA,NA,NA,NA,NA,NA,NA,NA
2022,1743,1,5510,29,3,12,54,1,NA,NA,1,1,19,19,NA,NA,3,2,2,2,1,1,3,2,2,2,NA,2,2,2,1,1,2,2,2,1,3,4,3,4,3,4,1,1,4,1,1,4
2022,1744,5,6230,44,1,16,67,3,21,2,1,1,21,16,2,2,1,1,1,1,2,1,3,NA,NA,NA,NA,NA,NA,NA,NA,NA,NA,NA,NA,NA,NA,NA,NA,NA,NA,NA,NA,NA,NA,NA,NA,NA
2022,1745,1,4840,43,1,16,59,3,17,NA,1,1,23,23,2,2,3,3,NA,NA,NA,NA,3,NA,NA,NA,NA,NA,NA,NA,NA,NA,NA,NA,NA,NA,NA,NA,NA,NA,NA,NA,NA,NA,NA,NA,NA,NA
2022,1746,1,4000,50,3,13,55,1,NA,NA,2,1,16,16,NA,NA,2,1,2,2,1,1,3,NA,NA,NA,NA,NA,NA,NA,NA,NA,NA,NA,NA,NA,NA,NA,NA,NA,NA,NA,NA,NA,NA,NA,NA,NA
2022,1747,7,4510,36,5,13,44,1,NA,NA,2,2,9,0,NA,NA,3,3,NA,1,1,1,7,NA,NA,NA,NA,NA,NA,NA,NA,NA,NA,NA,NA,NA,NA,NA,NA,NA,NA,NA,NA,NA,NA,NA,NA,NA
2022,1748,1,850,63,3,13,45,1,NA,NA,2,1,23,23,NA,2,2,1,NA,NA,NA,NA,9,NA,NA,NA,NA,NA,NA,NA,NA,NA,NA,NA,NA,NA,NA,NA,NA,NA,NA,NA,NA,NA,NA,NA,NA,NA
2022,1749,2,3510,48,1,13,NA,1,NA,NA,2,1,23,NA,2,2,2,2,NA,NA,NA,NA,3,NA,NA,NA,NA,NA,NA,NA,NA,NA,NA,NA,NA,NA,NA,NA,NA,NA,NA,NA,NA,NA,NA,NA,NA,NA
2022,1750,1,2310,61,1,18,NA,4,70,NA,2,1,23,18,2,2,1,1,NA,NA,NA,NA,2,2,2,2,NA,2,1,2,2,2,2,2,2,2,4,4,4,4,2,4,4,4,4,4,4,4
2022,1751,1,50,53,5,16,33,4,72,NA,2,1,20,20,1,1,2,2,NA,NA,NA,NA,7,1,1,1,1,1,1,1,2,1,2,1,1,2,1,1,1,1,2,1,2,2,2,2,1,2
2022,1752,5,7420,33,4,14,65,1,NA,5,2,1,17,0,1,1,2,1,NA,NA,NA,NA,3,1,1,2,1,1,1,1,1,1,1,1,1,1,2,2,2,2,2,2,2,2,1,2,2,2
2022,1753,7,2000,51,1,16,45,3,44,2,1,1,23,0,1,1,3,3,1,1,1,2,3,1,1,2,1,1,1,2,1,1,2,2,2,1,4,1,4,2,1,4,2,2,4,4,4,2
2022,1754,1,205,46,1,16,38,3,7,0,1,1,20,16,3,NA,1,2,NA,NA,NA,NA,3,NA,NA,NA,NA,NA,NA,NA,NA,NA,NA,NA,NA,NA,NA,NA,NA,NA,NA,NA,NA,NA,NA,NA,NA,NA
2022,1755,7,3255,64,1,16,32,3,36,3,2,1,22,0,4,1,1,1,NA,NA,NA,NA,3,1,1,1,1,1,1,2,2,1,2,1,1,2,1,1,1,2,2,2,2,2,2,2,4,4
2022,1756,1,1107,48,3,12,NA,1,NA,NA,NA,2,NA,0,1,1,2,2,3,1,1,1,3,NA,NA,NA,NA,NA,NA,NA,NA,NA,NA,NA,NA,NA,NA,NA,NA,NA,NA,NA,NA,NA,NA,NA,NA,NA
2022,1757,1,4250,37,5,11,23,0,NA,NA,1,2,NA,12,NA,1,2,1,NA,NA,NA,NA,3,NA,NA,NA,NA,NA,NA,NA,NA,NA,NA,NA,NA,NA,NA,NA,NA,NA,NA,NA,NA,NA,NA,NA,NA,NA
2022,1758,1,3255,64,5,16,24,3,36,NA,2,1,20,20,NA,NA,2,2,3,1,1,1,3,2,2,1,2,2,1,2,2,2,2,2,2,1,1,4,2,4,2,4,4,4,4,4,4,2
2022,1759,2,2100,69,1,19,77,4,29,1,1,1,26,20,1,1,2,1,NA,NA,NA,NA,3,2,1,2,2,2,1,2,1,1,2,2,1,1,4,3,4,4,2,4,3,2,4,4,4,3
2022,1760,1,5400,38,3,16,54,3,44,2,2,1,16,16,1,1,3,2,3,1,1,2,3,1,2,1,2,2,1,2,2,1,2,2,2,2,1,4,1,4,2,4,4,4,4,4,4,4
2022,1761,1,2100,69,5,19,28,4,29,NA,2,1,19,19,NA,1,3,3,3,1,1,3,3,NA,NA,NA,NA,NA,NA,NA,NA,NA,NA,NA,NA,NA,NA,NA,NA,NA,NA,NA,NA,NA,NA,NA,NA,NA
2022,1762,7,4150,33,2,12,69,1,NA,NA,2,2,10,0,NA,1,2,4,3,1,1,1,6,NA,NA,NA,NA,NA,NA,NA,NA,NA,NA,NA,NA,NA,NA,NA,NA,NA,NA,NA,NA,NA,NA,NA,NA,NA
2022,1763,5,2310,61,1,17,71,4,16,0,2,1,16,0,2,2,3,2,NA,NA,NA,NA,3,1,1,2,2,1,1,1,2,2,2,2,1,1,2,2,4,2,2,2,2,2,4,4,2,2
2022,1764,8,8760,49,2,14,56,1,NA,3,1,1,1,0,2,2,3,3,3,1,1,1,3,2,2,2,NA,2,2,2,1,1,2,2,2,2,4,4,4,4,4,4,2,2,4,4,4,4
2022,1765,7,7000,43,5,12,28,1,NA,3,1,1,18,1,3,NA,2,3,NA,NA,NA,NA,3,NA,NA,NA,NA,NA,NA,NA,NA,NA,NA,NA,NA,NA,NA,NA,NA,NA,NA,NA,NA,NA,NA,NA,NA,NA
2022,1766,1,7030,60,3,12,46,1,NA,4,1,1,18,0,2,1,3,2,NA,NA,NA,NA,2,2,2,2,NA,2,2,2,2,1,2,2,1,2,3,4,4,4,2,3,1,1,4,2,1,1
2022,1767,1,4250,37,5,12,45,1,NA,NA,1,1,19,15,2,2,3,2,NA,NA,NA,NA,3,NA,NA,NA,NA,NA,NA,NA,NA,NA,NA,NA,NA,NA,NA,NA,NA,NA,NA,NA,NA,NA,NA,NA,NA,NA
2022,1768,1,9120,35,5,12,43,0,NA,NA,1,1,19,19,2,2,3,1,1,1,1,2,8,NA,NA,NA,NA,NA,NA,NA,NA,NA,NA,NA,NA,NA,NA,NA,NA,NA,NA,NA,NA,NA,NA,NA,NA,NA
2022,1769,1,5610,35,5,12,43,1,NA,5,1,2,21,21,1,1,2,2,3,1,1,1,3,NA,NA,NA,NA,NA,NA,NA,NA,NA,NA,NA,NA,NA,NA,NA,NA,NA,NA,NA,NA,NA,NA,NA,NA,NA
2022,1770,2,9130,35,1,12,67,1,NA,2,1,1,20,18,2,2,2,2,2,3,1,1,2,NA,NA,NA,NA,NA,NA,NA,NA,NA,NA,NA,NA,NA,NA,NA,NA,NA,NA,NA,NA,NA,NA,NA,NA,NA
2022,1771,5,7750,35,3,12,74,1,NA,NA,2,1,16,0,NA,NA,3,2,3,1,1,1,3,NA,NA,NA,NA,NA,NA,NA,NA,NA,NA,NA,NA,NA,NA,NA,NA,NA,NA,NA,NA,NA,NA,NA,NA,NA
2022,1772,5,5120,45,1,12,85,1,NA,NA,2,1,16,0,1,1,1,3,2,1,2,2,3,NA,NA,NA,NA,NA,NA,NA,NA,NA,NA,NA,NA,NA,NA,NA,NA,NA,NA,NA,NA,NA,NA,NA,NA,NA
2022,1773,4,5610,35,3,16,45,3,9,NA,1,1,NA,0,1,1,3,4,NA,NA,NA,NA,1,NA,NA,NA,NA,NA,NA,NA,NA,NA,NA,NA,NA,NA,NA,NA,NA,NA,NA,NA,NA,NA,NA,NA,NA,NA
2022,1774,1,3850,60,1,14,50,2,70,1,1,1,26,21,2,2,2,2,2,2,1,1,3,1,2,2,1,2,2,2,1,1,2,2,2,1,1,4,4,4,4,4,2,2,4,4,4,2
2022,1775,7,4220,24,5,10,28,1,NA,NA,2,1,NA,0,NA,NA,1,2,2,1,1,1,3,NA,NA,NA,NA,NA,NA,NA,NA,NA,NA,NA,NA,NA,NA,NA,NA,NA,NA,NA,NA,NA,NA,NA,NA,NA
2022,1776,5,120,53,1,15,72,1,NA,3,1,1,21,NA,1,1,2,2,NA,NA,NA,NA,3,NA,NA,NA,NA,NA,NA,NA,NA,NA,NA,NA,NA,NA,NA,NA,NA,NA,NA,NA,NA,NA,NA,NA,NA,NA
2022,1777,5,120,53,1,16,70,3,47,NA,2,1,18,0,NA,NA,2,2,NA,NA,NA,NA,3,2,2,2,NA,2,2,2,2,2,2,2,2,2,4,4,4,4,4,4,4,3,4,3,4,4
2022,1778,5,2320,64,1,18,69,4,60,NA,1,1,21,0,1,1,2,2,2,2,2,1,3,NA,NA,NA,NA,NA,NA,NA,NA,NA,NA,NA,NA,NA,NA,NA,NA,NA,NA,NA,NA,NA,NA,NA,NA,NA
2022,1779,2,205,46,3,12,69,1,NA,1,1,1,17,10,2,2,3,2,NA,NA,NA,NA,3,NA,NA,NA,NA,NA,NA,NA,NA,NA,NA,NA,NA,NA,NA,NA,NA,NA,NA,NA,NA,NA,NA,NA,NA,NA
2022,1780,1,5620,25,5,11,30,1,NA,NA,2,2,NA,NA,NA,NA,2,2,NA,NA,NA,NA,3,NA,NA,NA,NA,NA,NA,NA,NA,NA,NA,NA,NA,NA,NA,NA,NA,NA,NA,NA,NA,NA,NA,NA,NA,NA
2022,1781,5,1460,70,3,16,76,3,18,4,2,1,17,0,4,4,3,2,2,1,1,1,3,2,2,2,NA,2,2,2,2,1,2,2,1,2,4,4,4,4,4,4,4,3,4,4,4,4
2022,1782,5,9830,62,1,13,89,1,NA,NA,1,2,NA,NA,NA,NA,2,3,NA,NA,NA,NA,6,2,2,2,NA,1,1,1,2,1,1,1,2,2,4,4,4,4,4,4,3,3,3,4,4,4
2022,1783,NA,NA,40,1,12,66,1,NA,0,2,1,19,0,1,1,1,1,3,1,1,1,3,NA,NA,NA,NA,NA,NA,NA,NA,NA,NA,NA,NA,NA,NA,NA,NA,NA,NA,NA,NA,NA,NA,NA,NA,NA
2022,1784,1,3030,55,5,16,24,3,58,NA,2,1,18,17,2,2,2,1,NA,NA,NA,NA,3,NA,NA,NA,NA,NA,NA,NA,NA,NA,NA,NA,NA,NA,NA,NA,NA,NA,NA,NA,NA,NA,NA,NA,NA,NA
2022,1785,1,7220,45,5,16,30,2,74,NA,1,1,21,18,NA,1,2,3,NA,NA,NA,NA,1,NA,NA,NA,NA,NA,NA,NA,NA,NA,NA,NA,NA,NA,NA,NA,NA,NA,NA,NA,NA,NA,NA,NA,NA,NA
2022,1786,1,2310,61,1,17,26,4,47,NA,1,1,21,18,2,2,3,2,NA,NA,NA,NA,3,NA,NA,NA,NA,NA,NA,NA,NA,NA,NA,NA,NA,NA,NA,NA,NA,NA,NA,NA,NA,NA,NA,NA,NA,NA
2022,1787,5,8965,35,5,12,60,1,NA,NA,1,1,NA,0,2,2,3,1,NA,NA,NA,NA,3,NA,NA,NA,NA,NA,NA,NA,NA,NA,NA,NA,NA,NA,NA,NA,NA,NA,NA,NA,NA,NA,NA,NA,NA,NA
2022,1788,5,640,53,1,16,69,3,33,2,1,1,22,0,1,1,2,1,2,1,1,2,3,1,1,1,1,2,2,2,2,1,2,2,2,2,1,1,1,4,4,4,4,2,4,2,4,4
2022,1789,2,4760,31,5,12,19,1,NA,NA,1,1,NA,2,NA,NA,3,1,NA,NA,NA,NA,3,NA,NA,NA,NA,NA,NA,NA,NA,NA,NA,NA,NA,NA,NA,NA,NA,NA,NA,NA,NA,NA,NA,NA,NA,NA
2022,1790,5,6440,43,5,17,58,1,NA,NA,2,1,24,17,1,1,1,2,1,1,1,1,3,NA,NA,NA,NA,NA,NA,NA,NA,NA,NA,NA,NA,NA,NA,NA,NA,NA,NA,NA,NA,NA,NA,NA,NA,NA
2022,1791,1,5510,29,1,12,26,1,NA,2,2,1,10,9,NA,NA,1,2,NA,NA,NA,NA,3,2,2,1,1,2,2,2,2,2,2,2,2,2,4,4,3,4,4,4,4,4,4,4,4,4
2022,1792,5,8300,26,2,10,83,0,NA,NA,2,2,9,0,1,1,2,2,3,2,2,1,5,NA,NA,NA,NA,NA,NA,NA,NA,NA,NA,NA,NA,NA,NA,NA,NA,NA,NA,NA,NA,NA,NA,NA,NA,NA
2022,1793,8,710,51,3,14,62,1,NA,1,2,2,15,0,1,1,3,3,3,1,1,1,3,2,2,2,NA,2,1,2,2,1,2,2,2,2,4,4,4,4,1,4,2,2,4,4,4,4
2022,1794,1,6260,28,5,11,47,0,NA,NA,1,3,19,18,NA,NA,1,2,3,1,1,1,9,NA,NA,NA,NA,NA,NA,NA,NA,NA,NA,NA,NA,NA,NA,NA,NA,NA,NA,NA,NA,NA,NA,NA,NA,NA
2022,1795,1,2000,51,5,16,22,3,42,NA,2,1,NA,5,NA,1,2,2,2,1,1,1,3,NA,NA,NA,NA,NA,NA,NA,NA,NA,NA,NA,NA,NA,NA,NA,NA,NA,NA,NA,NA,NA,NA,NA,NA,NA
2022,1796,6,NA,NA,5,14,20,1,NA,NA,2,3,1,0,NA,NA,NA,3,3,1,2,1,0,2,2,1,2,NA,1,2,2,1,2,1,2,2,3,4,4,4,NA,4,4,4,4,2,4,4
2022,1797,2,6050,27,5,15,20,1,NA,0,2,1,13,13,NA,1,2,2,2,1,1,1,3,1,1,1,1,1,1,2,2,1,2,2,1,1,3,2,3,2,2,2,2,2,2,2,2,1
2022,1798,3,5510,29,5,15,31,2,42,0,1,1,12,10,NA,1,3,2,1,1,1,1,3,2,1,2,1,1,1,2,1,1,2,2,2,1,2,2,4,2,2,4,2,2,2,2,4,2
2022,1799,6,1965,43,5,15,21,1,NA,NA,1,1,9,6,NA,2,2,2,2,1,2,2,3,NA,NA,NA,NA,NA,NA,NA,NA,NA,NA,NA,NA,NA,NA,NA,NA,NA,NA,NA,NA,NA,NA,NA,NA,NA
2022,1800,2,5860,32,5,15,21,1,NA,NA,2,1,26,0,NA,1,2,1,NA,NA,NA,NA,3,NA,NA,NA,NA,NA,NA,NA,NA,NA,NA,NA,NA,NA,NA,NA,NA,NA,NA,NA,NA,NA,NA,NA,NA,NA
2022,1801,6,NA,NA,5,17,30,3,14,NA,2,1,NA,0,2,2,3,4,NA,NA,NA,NA,3,NA,NA,NA,NA,NA,NA,NA,NA,NA,NA,NA,NA,NA,NA,NA,NA,NA,NA,NA,NA,NA,NA,NA,NA,NA
2022,1802,1,8030,40,1,12,69,1,NA,NA,1,1,20,19,2,2,2,2,3,NA,3,2,3,NA,NA,NA,NA,NA,NA,NA,NA,NA,NA,NA,NA,NA,NA,NA,NA,NA,NA,NA,NA,NA,NA,NA,NA,NA
2022,1803,5,7920,36,2,12,68,1,NA,NA,1,1,19,0,2,NA,2,2,NA,NA,NA,NA,3,NA,NA,NA,NA,NA,NA,NA,NA,NA,NA,NA,NA,NA,NA,NA,NA,NA,NA,NA,NA,NA,NA,NA,NA,NA
2022,1804,5,5120,45,1,12,70,1,NA,2,2,1,18,0,NA,NA,3,3,2,1,1,1,3,NA,NA,NA,NA,NA,NA,NA,NA,NA,NA,NA,NA,NA,NA,NA,NA,NA,NA,NA,NA,NA,NA,NA,NA,NA
2022,1805,1,7200,45,1,14,35,1,NA,NA,1,1,24,21,3,NA,2,3,NA,NA,NA,NA,3,NA,NA,NA,NA,NA,NA,NA,NA,NA,NA,NA,NA,NA,NA,NA,NA,NA,NA,NA,NA,NA,NA,NA,NA,NA
2022,1806,1,3255,64,1,16,39,3,36,NA,2,1,21,21,2,2,2,3,NA,NA,NA,NA,3,NA,NA,NA,NA,NA,NA,NA,NA,NA,NA,NA,NA,NA,NA,NA,NA,NA,NA,NA,NA,NA,NA,NA,NA,NA
2022,1807,1,4000,50,3,16,NA,3,42,NA,1,1,20,20,NA,NA,2,2,NA,1,1,3,9,NA,NA,NA,NA,NA,NA,NA,NA,NA,NA,NA,NA,NA,NA,NA,NA,NA,NA,NA,NA,NA,NA,NA,NA,NA
2022,1808,7,5240,31,5,12,24,1,NA,1,2,3,23,13,NA,1,2,1,NA,NA,NA,NA,9,2,2,1,2,2,1,2,1,1,2,1,2,2,3,4,3,4,2,4,2,2,2,2,4,4
2022,1809,1,2900,43,5,16,28,3,35,NA,1,2,11,0,NA,1,1,2,NA,NA,NA,NA,3,NA,NA,NA,NA,NA,NA,NA,NA,NA,NA,NA,NA,NA,NA,NA,NA,NA,NA,NA,NA,NA,NA,NA,NA,NA
2022,1810,1,6220,39,1,12,32,1,NA,4,1,1,6,5,NA,NA,2,3,2,1,1,1,8,2,2,1,1,2,2,2,2,1,2,2,2,2,4,4,2,4,4,4,1,4,4,4,4,4
2022,1811,6,20,50,5,18,32,4,8,0,1,2,11,0,NA,NA,1,1,NA,NA,NA,NA,0,2,2,1,2,2,2,2,1,1,2,2,2,1,2,4,1,4,4,4,1,1,1,4,1,2
2022,1812,5,310,39,5,12,89,1,NA,NA,1,2,9,0,1,1,2,3,NA,NA,NA,NA,5,NA,NA,NA,NA,NA,NA,NA,NA,NA,NA,NA,NA,NA,NA,NA,NA,NA,NA,NA,NA,NA,NA,NA,NA,NA
2022,1813,5,500,46,3,16,75,1,NA,0,1,1,18,15,1,1,3,2,1,1,1,3,6,2,2,2,NA,2,2,2,1,1,2,1,1,1,4,4,4,4,1,4,2,2,4,2,2,2
2022,1814,2,3220,62,5,18,27,3,51,0,1,3,22,20,NA,NA,3,2,NA,1,1,3,8,1,1,1,1,1,1,2,2,1,2,1,1,1,1,1,1,2,2,4,4,2,2,2,2,2
2022,1815,1,3930,34,1,12,NA,1,NA,NA,1,2,NA,NA,NA,NA,1,1,3,2,1,3,9,NA,NA,NA,NA,NA,NA,NA,NA,NA,NA,NA,NA,NA,NA,NA,NA,NA,NA,NA,NA,NA,NA,NA,NA,NA
2022,1816,1,5240,31,5,15,22,1,NA,0,2,2,14,13,NA,1,2,2,2,1,2,1,8,NA,NA,NA,NA,NA,NA,NA,NA,NA,NA,NA,NA,NA,NA,NA,NA,NA,NA,NA,NA,NA,NA,NA,NA,NA
2022,1817,1,3930,34,5,12,NA,1,NA,NA,1,2,NA,NA,NA,1,2,1,2,1,1,3,8,NA,NA,NA,NA,NA,NA,NA,NA,NA,NA,NA,NA,NA,NA,NA,NA,NA,NA,NA,NA,NA,NA,NA,NA,NA
2022,1818,5,6530,48,1,10,70,0,NA,NA,1,1,17,0,1,1,2,2,NA,NA,NA,NA,7,NA,NA,NA,NA,NA,NA,NA,NA,NA,NA,NA,NA,NA,NA,NA,NA,NA,NA,NA,NA,NA,NA,NA,NA,NA
2022,1819,1,5620,25,1,11,NA,0,NA,NA,1,3,21,19,NA,1,2,3,2,1,1,2,8,NA,NA,NA,NA,NA,NA,NA,NA,NA,NA,NA,NA,NA,NA,NA,NA,NA,NA,NA,NA,NA,NA,NA,NA,NA
2022,1820,1,5810,37,1,16,71,3,9,2,1,1,23,0,2,NA,2,2,2,1,1,1,4,2,2,1,2,2,2,2,2,2,2,2,2,2,4,4,3,4,4,4,2,2,4,4,4,4
2022,1821,1,5510,29,1,12,NA,1,NA,NA,1,1,22,22,NA,NA,2,3,2,1,1,1,9,NA,NA,NA,NA,NA,NA,NA,NA,NA,NA,NA,NA,NA,NA,NA,NA,NA,NA,NA,NA,NA,NA,NA,NA,NA
2022,1822,5,3255,64,1,12,64,1,NA,2,2,2,22,0,2,1,2,2,1,3,3,1,3,1,2,1,1,2,1,2,1,1,2,2,2,2,1,4,3,4,2,4,2,3,4,4,2,4
2022,1823,5,5120,45,1,14,66,1,NA,0,1,1,NA,0,NA,NA,1,1,NA,NA,NA,NA,9,NA,NA,NA,NA,NA,NA,NA,NA,NA,NA,NA,NA,NA,NA,NA,NA,NA,NA,NA,NA,NA,NA,NA,NA,NA
2022,1824,7,340,42,5,16,29,2,9,NA,2,1,18,0,2,2,1,2,2,1,1,1,8,NA,NA,NA,NA,NA,NA,NA,NA,NA,NA,NA,NA,NA,NA,NA,NA,NA,NA,NA,NA,NA,NA,NA,NA,NA
2022,1825,1,5940,17,1,16,34,3,43,0,2,1,21,18,1,1,2,2,2,1,1,3,8,1,2,1,1,1,1,2,2,1,2,1,1,1,1,1,2,2,2,2,2,2,2,2,2,2
2022,1826,5,7630,31,2,12,NA,1,NA,NA,1,1,NA,0,2,2,2,3,NA,NA,NA,NA,4,NA,NA,NA,NA,NA,NA,NA,NA,NA,NA,NA,NA,NA,NA,NA,NA,NA,NA,NA,NA,NA,NA,NA,NA,NA
2022,1827,1,5240,31,5,13,20,1,NA,NA,2,2,20,11,NA,1,3,3,2,1,1,3,8,NA,NA,NA,NA,NA,NA,NA,NA,NA,NA,NA,NA,NA,NA,NA,NA,NA,NA,NA,NA,NA,NA,NA,NA,NA
2022,1828,5,4720,28,2,12,86,1,NA,NA,2,2,15,0,1,1,3,3,NA,3,1,1,6,NA,NA,NA,NA,NA,NA,NA,NA,NA,NA,NA,NA,NA,NA,NA,NA,NA,NA,NA,NA,NA,NA,NA,NA,NA
2022,1829,5,5860,32,1,12,59,1,NA,2,2,1,16,2,NA,1,2,2,NA,NA,NA,NA,1,2,1,2,2,2,1,2,1,1,2,2,2,2,1,1,4,4,2,4,2,2,4,4,4,4
2022,1830,5,9130,35,3,15,70,2,72,3,1,2,14,3,1,1,2,3,NA,NA,NA,NA,4,2,2,2,NA,2,2,2,1,1,2,2,1,2,4,4,4,4,4,4,2,2,3,2,2,2
2022,1831,1,2145,52,1,19,NA,4,29,NA,2,3,23,22,2,2,1,2,NA,3,1,1,8,NA,NA,NA,NA,NA,NA,NA,NA,NA,NA,NA,NA,NA,NA,NA,NA,NA,NA,NA,NA,NA,NA,NA,NA,NA
2022,1832,8,6220,39,1,10,57,0,NA,1,1,1,18,18,2,2,2,1,NA,NA,NA,NA,3,NA,NA,NA,NA,NA,NA,NA,NA,NA,NA,NA,NA,NA,NA,NA,NA,NA,NA,NA,NA,NA,NA,NA,NA,NA
2022,1833,5,NA,NA,1,14,73,2,72,3,1,1,NA,0,NA,1,3,3,NA,NA,NA,NA,1,NA,NA,NA,NA,NA,NA,NA,NA,NA,NA,NA,NA,NA,NA,NA,NA,NA,NA,NA,NA,NA,NA,NA,NA,NA
2022,1834,7,4720,28,1,13,72,1,NA,NA,2,1,10,0,NA,NA,3,4,2,2,2,3,0,NA,NA,NA,NA,NA,NA,NA,NA,NA,NA,NA,NA,NA,NA,NA,NA,NA,NA,NA,NA,NA,NA,NA,NA,NA
2022,1835,1,230,59,3,16,48,2,57,NA,2,1,22,17,1,1,2,2,2,1,1,1,3,NA,NA,NA,NA,NA,NA,NA,NA,NA,NA,NA,NA,NA,NA,NA,NA,NA,NA,NA,NA,NA,NA,NA,NA,NA
2022,1836,1,2200,74,3,18,62,4,16,NA,1,1,21,20,1,1,2,2,3,1,1,1,3,1,1,2,1,1,1,1,1,1,1,1,1,2,1,1,1,NA,2,2,2,2,2,2,2,4
2022,1837,5,5700,47,1,12,NA,1,NA,3,2,1,NA,0,2,2,2,3,NA,NA,NA,NA,2,2,2,2,NA,2,2,2,2,1,2,2,2,2,4,4,4,4,4,4,4,2,4,4,4,4
2022,1838,1,4760,31,1,16,33,3,12,NA,2,1,26,26,1,1,2,1,NA,NA,NA,NA,9,NA,NA,NA,NA,NA,NA,NA,NA,NA,NA,NA,NA,NA,NA,NA,NA,NA,NA,NA,NA,NA,NA,NA,NA,NA
2022,1839,2,9130,35,2,12,68,1,NA,NA,2,1,10,3,1,1,2,2,1,1,1,1,3,NA,NA,NA,NA,NA,NA,NA,NA,NA,NA,NA,NA,NA,NA,NA,NA,NA,NA,NA,NA,NA,NA,NA,NA,NA
2022,1840,2,2830,51,1,16,30,3,19,1,2,1,23,12,NA,NA,2,1,NA,NA,NA,NA,8,1,1,1,1,1,1,2,2,1,2,2,2,1,1,1,1,2,2,4,3,2,4,4,4,1
2022,1841,1,3930,34,5,15,41,2,49,NA,1,2,16,1,NA,1,3,3,3,3,2,2,9,NA,NA,NA,NA,NA,NA,NA,NA,NA,NA,NA,NA,NA,NA,NA,NA,NA,NA,NA,NA,NA,NA,NA,NA,NA
2022,1842,3,4140,20,5,12,18,1,NA,NA,1,2,1,0,NA,NA,3,3,NA,NA,NA,NA,8,NA,NA,NA,NA,NA,NA,NA,NA,NA,NA,NA,NA,NA,NA,NA,NA,NA,NA,NA,NA,NA,NA,NA,NA,NA
2022,1843,8,7315,45,3,13,39,1,NA,NA,1,1,26,0,2,2,2,3,NA,NA,NA,NA,8,NA,NA,NA,NA,NA,NA,NA,NA,NA,NA,NA,NA,NA,NA,NA,NA,NA,NA,NA,NA,NA,NA,NA,NA,NA
2022,1844,1,220,53,3,12,53,1,NA,NA,1,1,22,21,NA,NA,1,2,NA,NA,NA,NA,3,NA,NA,NA,NA,NA,NA,NA,NA,NA,NA,NA,NA,NA,NA,NA,NA,NA,NA,NA,NA,NA,NA,NA,NA,NA
2022,1845,5,4720,28,1,14,60,2,14,NA,1,1,26,0,2,2,2,1,NA,3,1,1,2,NA,NA,NA,NA,NA,NA,NA,NA,NA,NA,NA,NA,NA,NA,NA,NA,NA,NA,NA,NA,NA,NA,NA,NA,NA
2022,1846,7,3600,48,1,14,78,1,NA,NA,2,1,21,0,NA,2,2,3,NA,NA,NA,NA,4,NA,NA,NA,NA,NA,NA,NA,NA,NA,NA,NA,NA,NA,NA,NA,NA,NA,NA,NA,NA,NA,NA,NA,NA,NA
2022,1847,5,100,59,2,12,69,1,NA,NA,1,3,18,0,1,1,2,4,1,3,1,1,9,NA,NA,NA,NA,NA,NA,NA,NA,NA,NA,NA,NA,NA,NA,NA,NA,NA,NA,NA,NA,NA,NA,NA,NA,NA
2022,1848,1,5860,32,1,12,NA,1,NA,NA,1,1,26,26,2,2,3,2,1,1,3,1,3,NA,NA,NA,NA,NA,NA,NA,NA,NA,NA,NA,NA,NA,NA,NA,NA,NA,NA,NA,NA,NA,NA,NA,NA,NA
2022,1849,1,3255,64,1,6,29,0,NA,NA,2,1,9,0,2,2,1,2,1,2,2,1,8,NA,NA,NA,NA,NA,NA,NA,NA,NA,NA,NA,NA,NA,NA,NA,NA,NA,NA,NA,NA,NA,NA,NA,NA,NA
2022,1850,5,8965,35,5,12,62,1,NA,NA,1,1,14,0,NA,1,3,4,1,1,1,1,3,NA,NA,NA,NA,NA,NA,NA,NA,NA,NA,NA,NA,NA,NA,NA,NA,NA,NA,NA,NA,NA,NA,NA,NA,NA
2022,1851,3,2320,64,1,16,31,3,16,NA,2,1,24,16,2,3,1,2,1,1,1,1,3,1,2,1,1,1,1,2,1,1,2,2,1,1,2,4,2,2,1,2,1,2,4,4,1,1
2022,1852,1,3160,65,1,18,27,4,55,0,2,1,23,21,1,1,2,1,NA,NA,NA,NA,8,NA,NA,NA,NA,NA,NA,NA,NA,NA,NA,NA,NA,NA,NA,NA,NA,NA,NA,NA,NA,NA,NA,NA,NA,NA
2022,1853,1,4760,31,4,18,46,1,NA,1,1,1,19,19,2,2,2,2,NA,NA,NA,NA,3,NA,NA,NA,NA,NA,NA,NA,NA,NA,NA,NA,NA,NA,NA,NA,NA,NA,NA,NA,NA,NA,NA,NA,NA,NA
2022,1854,1,50,53,1,17,28,3,9,1,1,1,24,19,1,1,2,2,2,1,1,1,3,NA,NA,NA,NA,NA,NA,NA,NA,NA,NA,NA,NA,NA,NA,NA,NA,NA,NA,NA,NA,NA,NA,NA,NA,NA
2022,1855,8,NA,NA,5,12,69,1,NA,0,1,1,11,0,2,2,2,2,NA,NA,NA,NA,3,1,2,2,1,1,1,1,1,1,2,1,1,2,2,2,4,2,2,2,2,2,2,2,2,2
2022,1856,1,3110,63,5,12,47,1,NA,2,2,3,22,22,1,1,1,1,NA,NA,NA,NA,3,NA,NA,NA,NA,NA,NA,NA,NA,NA,NA,NA,NA,NA,NA,NA,NA,NA,NA,NA,NA,NA,NA,NA,NA,NA
2022,1857,1,NA,NA,5,16,24,3,18,NA,1,1,19,19,NA,1,1,2,1,1,2,1,3,NA,NA,NA,NA,NA,NA,NA,NA,NA,NA,NA,NA,NA,NA,NA,NA,NA,NA,NA,NA,NA,NA,NA,NA,NA
2022,1858,3,2540,48,5,17,65,3,7,NA,2,1,16,10,1,1,2,3,NA,NA,NA,NA,3,2,2,2,NA,2,1,1,2,1,2,2,2,2,4,4,4,4,3,3,4,4,4,4,4,4
2022,1859,1,4220,24,3,12,70,1,NA,2,1,1,19,19,1,1,1,2,NA,NA,NA,NA,3,1,1,1,1,2,2,2,1,1,2,2,2,2,1,1,1,4,4,4,1,2,4,4,4,4
2022,1860,2,4760,31,5,13,55,1,NA,0,2,1,9,5,1,1,2,4,NA,NA,NA,NA,3,NA,NA,NA,NA,NA,NA,NA,NA,NA,NA,NA,NA,NA,NA,NA,NA,NA,NA,NA,NA,NA,NA,NA,NA,NA
2022,1861,1,4020,33,5,13,24,1,NA,0,2,2,19,17,1,1,3,3,NA,NA,NA,NA,3,NA,NA,NA,NA,NA,NA,NA,NA,NA,NA,NA,NA,NA,NA,NA,NA,NA,NA,NA,NA,NA,NA,NA,NA,NA
2022,1862,4,230,59,1,18,35,4,66,NA,2,1,24,20,1,1,2,2,NA,NA,NA,NA,3,NA,NA,NA,NA,NA,NA,NA,NA,NA,NA,NA,NA,NA,NA,NA,NA,NA,NA,NA,NA,NA,NA,NA,NA,NA
2022,1863,7,800,60,1,18,NA,3,19,NA,2,1,NA,0,1,1,2,2,NA,1,1,NA,3,NA,NA,NA,NA,NA,NA,NA,NA,NA,NA,NA,NA,NA,NA,NA,NA,NA,NA,NA,NA,NA,NA,NA,NA,NA
2022,1864,1,110,60,5,16,30,3,14,NA,1,1,20,20,1,1,2,3,NA,NA,NA,NA,3,NA,NA,NA,NA,NA,NA,NA,NA,NA,NA,NA,NA,NA,NA,NA,NA,NA,NA,NA,NA,NA,NA,NA,NA,NA
2022,1865,5,1300,73,5,16,61,3,6,0,1,1,26,0,1,1,2,2,1,1,1,1,3,1,1,1,2,1,1,1,2,1,2,2,1,2,2,1,2,1,1,1,1,1,2,2,2,2
2022,1866,5,540,46,1,13,60,1,NA,1,2,2,22,22,2,2,3,3,NA,NA,NA,NA,3,NA,NA,NA,NA,NA,NA,NA,NA,NA,NA,NA,NA,NA,NA,NA,NA,NA,NA,NA,NA,NA,NA,NA,NA,NA
2022,1867,1,4230,25,5,18,51,3,7,NA,2,1,16,16,1,1,2,1,NA,NA,NA,NA,3,NA,NA,NA,NA,NA,NA,NA,NA,NA,NA,NA,NA,NA,NA,NA,NA,NA,NA,NA,NA,NA,NA,NA,NA,NA
2022,1868,6,NA,NA,5,9,18,0,NA,NA,2,1,13,0,NA,NA,3,2,NA,NA,NA,NA,3,NA,NA,NA,NA,NA,NA,NA,NA,NA,NA,NA,NA,NA,NA,NA,NA,NA,NA,NA,NA,NA,NA,NA,NA,NA
2022,1869,1,4710,48,1,16,60,3,9,NA,1,1,26,26,2,2,2,2,2,3,NA,1,3,NA,NA,NA,NA,NA,NA,NA,NA,NA,NA,NA,NA,NA,NA,NA,NA,NA,NA,NA,NA,NA,NA,NA,NA,NA
2022,1870,1,3255,64,3,16,61,3,36,NA,2,1,25,22,2,2,1,2,NA,NA,NA,NA,3,NA,NA,NA,NA,NA,NA,NA,NA,NA,NA,NA,NA,NA,NA,NA,NA,NA,NA,NA,NA,NA,NA,NA,NA,NA
2022,1871,4,7240,34,5,12,59,1,NA,NA,1,1,22,22,2,2,2,2,NA,NA,NA,NA,3,NA,NA,NA,NA,NA,NA,NA,NA,NA,NA,NA,NA,NA,NA,NA,NA,NA,NA,NA,NA,NA,NA,NA,NA,NA
2022,1872,1,2300,53,1,17,52,4,9,0,2,1,20,15,3,2,2,3,1,3,1,2,3,NA,NA,NA,NA,NA,NA,NA,NA,NA,NA,NA,NA,NA,NA,NA,NA,NA,NA,NA,NA,NA,NA,NA,NA,NA
2022,1873,1,4600,35,4,12,44,1,NA,NA,2,2,23,22,1,1,3,2,NA,NA,NA,NA,3,NA,NA,NA,NA,NA,NA,NA,NA,NA,NA,NA,NA,NA,NA,NA,NA,NA,NA,NA,NA,NA,NA,NA,NA,NA
2022,1874,6,NA,NA,5,16,22,3,59,NA,1,1,NA,0,NA,NA,2,1,NA,NA,NA,NA,3,1,2,1,2,2,1,2,2,2,2,2,2,2,2,2,2,2,2,2,2,2,2,2,2,2
2022,1875,1,4820,58,1,16,39,3,18,NA,1,1,22,16,NA,2,1,2,NA,NA,NA,NA,3,NA,NA,NA,NA,NA,NA,NA,NA,NA,NA,NA,NA,NA,NA,NA,NA,NA,NA,NA,NA,NA,NA,NA,NA,NA
2022,1876,1,9130,35,1,12,54,1,NA,NA,1,1,NA,20,NA,NA,1,2,2,1,1,1,3,NA,NA,NA,NA,NA,NA,NA,NA,NA,NA,NA,NA,NA,NA,NA,NA,NA,NA,NA,NA,NA,NA,NA,NA,NA
2022,1877,7,2310,61,1,20,36,4,36,2,1,1,23,23,1,1,2,2,2,1,2,1,3,NA,NA,NA,NA,NA,NA,NA,NA,NA,NA,NA,NA,NA,NA,NA,NA,NA,NA,NA,NA,NA,NA,NA,NA,NA
2022,1878,5,3255,64,2,15,77,1,NA,0,2,1,16,0,2,2,2,2,NA,NA,NA,NA,3,NA,NA,NA,NA,NA,NA,NA,NA,NA,NA,NA,NA,NA,NA,NA,NA,NA,NA,NA,NA,NA,NA,NA,NA,NA
2022,1879,1,1107,48,1,16,45,3,18,2,1,3,23,23,1,1,2,2,1,1,1,2,0,2,1,2,1,2,1,1,1,1,1,1,2,1,4,3,4,4,1,3,1,1,1,1,4,1
2022,1880,1,2630,46,1,15,34,1,NA,0,2,1,18,16,2,2,3,2,NA,NA,NA,NA,3,NA,NA,NA,NA,NA,NA,NA,NA,NA,NA,NA,NA,NA,NA,NA,NA,NA,NA,NA,NA,NA,NA,NA,NA,NA
2022,1881,1,735,57,1,17,74,3,28,2,1,1,24,20,2,2,2,3,NA,NA,NA,NA,3,NA,NA,NA,NA,NA,NA,NA,NA,NA,NA,NA,NA,NA,NA,NA,NA,NA,NA,NA,NA,NA,NA,NA,NA,NA
2022,1882,1,120,53,1,17,38,4,1,NA,1,1,26,24,NA,NA,1,1,NA,NA,NA,NA,3,NA,NA,NA,NA,NA,NA,NA,NA,NA,NA,NA,NA,NA,NA,NA,NA,NA,NA,NA,NA,NA,NA,NA,NA,NA
2022,1883,5,1550,50,1,14,73,1,NA,2,1,1,17,0,2,2,3,3,NA,NA,NA,NA,3,NA,NA,NA,NA,NA,NA,NA,NA,NA,NA,NA,NA,NA,NA,NA,NA,NA,NA,NA,NA,NA,NA,NA,NA,NA
2022,1884,5,20,50,1,16,54,3,50,2,1,1,26,21,2,2,2,1,NA,NA,NA,NA,3,1,1,2,2,2,1,2,2,2,2,2,2,2,2,2,4,4,2,4,4,4,4,4,4,4
2022,1885,2,2310,61,5,16,25,3,16,NA,2,1,18,18,NA,1,2,3,NA,NA,NA,NA,3,1,2,1,2,1,1,1,1,1,1,1,2,2,2,2,3,1,2,1,2,2,2,2,4,2
2022,1886,1,2860,56,3,16,55,3,16,NA,2,1,19,19,1,1,2,2,3,1,1,1,3,NA,NA,NA,NA,NA,NA,NA,NA,NA,NA,NA,NA,NA,NA,NA,NA,NA,NA,NA,NA,NA,NA,NA,NA,NA
2022,1887,5,2310,61,1,16,81,3,16,4,2,1,20,0,2,2,2,2,NA,NA,NA,NA,3,1,2,2,1,2,1,2,NA,NA,2,2,2,2,3,4,4,4,2,4,4,4,4,4,4,4
2022,1888,1,120,53,1,19,32,4,29,0,1,1,24,0,3,2,2,2,2,2,1,1,3,NA,NA,NA,NA,NA,NA,NA,NA,NA,NA,NA,NA,NA,NA,NA,NA,NA,NA,NA,NA,NA,NA,NA,NA,NA
2022,1889,6,9620,25,5,12,19,1,NA,NA,1,1,NA,NA,NA,NA,2,2,1,2,2,1,3,NA,NA,NA,NA,NA,NA,NA,NA,NA,NA,NA,NA,NA,NA,NA,NA,NA,NA,NA,NA,NA,NA,NA,NA,NA
2022,1890,1,800,60,1,17,42,3,9,4,1,1,26,26,1,1,1,2,2,1,1,1,3,NA,NA,NA,NA,NA,NA,NA,NA,NA,NA,NA,NA,NA,NA,NA,NA,NA,NA,NA,NA,NA,NA,NA,NA,NA
2022,1891,5,3640,48,1,16,75,3,16,2,2,1,NA,0,2,2,1,1,NA,NA,NA,NA,3,NA,NA,NA,NA,NA,NA,NA,NA,NA,NA,NA,NA,NA,NA,NA,NA,NA,NA,NA,NA,NA,NA,NA,NA,NA
2022,1892,1,800,60,1,17,43,4,1,NA,1,1,22,21,2,2,2,2,NA,NA,NA,NA,3,NA,NA,NA,NA,NA,NA,NA,NA,NA,NA,NA,NA,NA,NA,NA,NA,NA,NA,NA,NA,NA,NA,NA,NA,NA
2022,1893,1,4520,30,3,16,55,3,16,2,2,1,22,18,1,1,2,2,2,1,1,1,4,1,2,2,2,2,1,2,2,2,2,2,2,2,2,2,2,2,2,2,2,1,2,1,2,2
2022,1894,2,4230,25,1,12,39,1,NA,NA,1,1,20,16,NA,NA,1,2,3,1,1,1,8,NA,NA,NA,NA,NA,NA,NA,NA,NA,NA,NA,NA,NA,NA,NA,NA,NA,NA,NA,NA,NA,NA,NA,NA,NA
2022,1895,1,2100,69,1,19,39,4,29,NA,1,1,26,22,3,1,2,2,3,1,3,2,5,NA,NA,NA,NA,NA,NA,NA,NA,NA,NA,NA,NA,NA,NA,NA,NA,NA,NA,NA,NA,NA,NA,NA,NA,NA
2022,1896,8,NA,NA,3,6,81,0,NA,5,2,1,16,0,NA,NA,2,3,NA,NA,NA,NA,7,NA,NA,NA,NA,NA,NA,NA,NA,NA,NA,NA,NA,NA,NA,NA,NA,NA,NA,NA,NA,NA,NA,NA,NA,NA
2022,1897,1,4250,37,5,13,22,1,NA,0,1,1,17,16,NA,NA,2,2,2,2,1,2,8,2,2,1,2,2,1,2,1,1,2,2,2,2,2,2,3,2,2,2,2,2,2,2,2,4
2022,1898,1,7700,50,5,12,20,1,NA,NA,1,3,NA,0,NA,NA,2,1,NA,NA,NA,NA,8,NA,NA,NA,NA,NA,NA,NA,NA,NA,NA,NA,NA,NA,NA,NA,NA,NA,NA,NA,NA,NA,NA,NA,NA,NA
2022,1899,3,5100,24,5,12,34,1,NA,0,2,1,17,17,NA,NA,3,3,2,1,1,1,8,NA,NA,NA,NA,NA,NA,NA,NA,NA,NA,NA,NA,NA,NA,NA,NA,NA,NA,NA,NA,NA,NA,NA,NA,NA
2022,1900,1,4230,25,5,12,24,1,NA,NA,2,3,5,5,1,NA,2,2,2,2,3,1,0,NA,NA,NA,NA,NA,NA,NA,NA,NA,NA,NA,NA,NA,NA,NA,NA,NA,NA,NA,NA,NA,NA,NA,NA,NA
2022,1901,7,NA,NA,5,11,25,0,NA,NA,1,1,23,0,NA,NA,2,1,NA,NA,NA,NA,8,NA,NA,NA,NA,NA,NA,NA,NA,NA,NA,NA,NA,NA,NA,NA,NA,NA,NA,NA,NA,NA,NA,NA,NA,NA
2022,1902,1,6710,26,1,12,26,0,NA,NA,1,1,21,18,NA,NA,2,1,2,1,1,2,8,NA,NA,NA,NA,NA,NA,NA,NA,NA,NA,NA,NA,NA,NA,NA,NA,NA,NA,NA,NA,NA,NA,NA,NA,NA
2022,1903,1,1006,65,5,12,26,1,NA,NA,1,1,20,20,1,1,2,3,1,1,1,3,7,NA,NA,NA,NA,NA,NA,NA,NA,NA,NA,NA,NA,NA,NA,NA,NA,NA,NA,NA,NA,NA,NA,NA,NA,NA
2022,1904,1,2200,74,5,20,61,4,5,0,1,1,18,11,3,1,2,2,2,1,1,1,9,NA,NA,NA,NA,NA,NA,NA,NA,NA,NA,NA,NA,NA,NA,NA,NA,NA,NA,NA,NA,NA,NA,NA,NA,NA
2022,1905,1,1107,48,1,16,29,4,9,NA,1,3,21,21,NA,NA,1,2,3,1,2,1,0,NA,NA,NA,NA,NA,NA,NA,NA,NA,NA,NA,NA,NA,NA,NA,NA,NA,NA,NA,NA,NA,NA,NA,NA,NA
2022,1906,5,3255,64,3,16,74,3,36,NA,2,3,1,0,NA,NA,2,2,NA,NA,NA,NA,0,2,2,2,NA,2,2,2,1,1,2,2,2,2,1,1,1,1,1,1,1,1,1,1,1,1
2022,1907,1,420,52,5,16,31,3,39,0,1,1,18,18,3,NA,3,3,3,1,1,3,8,1,1,1,1,1,1,2,1,1,1,1,1,1,1,2,2,1,1,4,2,1,2,1,1,1
2022,1908,6,NA,NA,5,15,21,2,53,0,2,2,9,0,NA,1,3,3,3,1,1,1,8,1,2,1,1,2,2,2,2,1,2,2,2,2,4,4,3,4,4,4,4,1,4,1,1,3
2022,1909,1,4130,16,5,11,22,0,NA,NA,2,1,9,0,NA,1,3,3,NA,1,1,1,8,NA,NA,NA,NA,NA,NA,NA,NA,NA,NA,NA,NA,NA,NA,NA,NA,NA,NA,NA,NA,NA,NA,NA,NA,NA
2022,1910,1,3320,59,1,12,32,1,NA,NA,2,NA,NA,NA,2,NA,2,2,1,2,1,1,3,NA,NA,NA,NA,NA,NA,NA,NA,NA,NA,NA,NA,NA,NA,NA,NA,NA,NA,NA,NA,NA,NA,NA,NA,NA
2022,1911,5,7750,35,2,12,69,1,NA,NA,2,1,13,0,1,NA,3,3,2,2,2,NA,8,NA,NA,NA,NA,NA,NA,NA,NA,NA,NA,NA,NA,NA,NA,NA,NA,NA,NA,NA,NA,NA,NA,NA,NA,NA
2022,1912,5,4540,31,1,16,79,3,42,5,1,1,21,0,1,1,2,1,1,1,2,1,8,2,1,2,1,1,1,1,1,1,2,2,1,1,2,2,4,1,2,2,2,2,4,4,1,2
2022,1913,1,6230,44,1,13,46,1,NA,NA,1,1,20,20,NA,NA,2,2,1,1,1,1,8,NA,NA,NA,NA,NA,NA,NA,NA,NA,NA,NA,NA,NA,NA,NA,NA,NA,NA,NA,NA,NA,NA,NA,NA,NA
2022,1914,1,800,60,1,18,53,4,9,NA,1,1,21,21,2,3,2,1,3,3,2,2,8,NA,NA,NA,NA,NA,NA,NA,NA,NA,NA,NA,NA,NA,NA,NA,NA,NA,NA,NA,NA,NA,NA,NA,NA,NA
2022,1915,5,4700,38,1,12,62,1,NA,4,1,1,19,0,2,2,NA,3,NA,NA,NA,NA,8,2,2,2,NA,1,2,2,NA,2,2,1,2,NA,3,4,4,4,2,4,4,4,2,2,2,2
2022,1916,8,2310,61,1,16,39,3,19,NA,1,1,1,0,2,2,3,4,1,3,2,1,8,NA,NA,NA,NA,NA,NA,NA,NA,NA,NA,NA,NA,NA,NA,NA,NA,NA,NA,NA,NA,NA,NA,NA,NA,NA
2022,1917,7,3255,64,1,16,67,3,36,NA,2,1,26,0,2,2,2,1,3,1,1,1,9,NA,NA,NA,NA,NA,NA,NA,NA,NA,NA,NA,NA,NA,NA,NA,NA,NA,NA,NA,NA,NA,NA,NA,NA,NA
2022,1918,1,2100,69,1,17,38,4,29,2,2,1,26,26,NA,2,2,2,2,1,3,2,8,NA,NA,NA,NA,NA,NA,NA,NA,NA,NA,NA,NA,NA,NA,NA,NA,NA,NA,NA,NA,NA,NA,NA,NA,NA
2022,1919,1,220,53,1,11,50,0,NA,3,1,1,26,18,2,3,2,2,2,1,1,1,8,NA,NA,NA,NA,NA,NA,NA,NA,NA,NA,NA,NA,NA,NA,NA,NA,NA,NA,NA,NA,NA,NA,NA,NA,NA
2022,1920,1,350,64,1,20,46,4,82,0,2,1,NA,NA,1,1,1,1,2,1,1,2,1,NA,NA,NA,NA,NA,NA,NA,NA,NA,NA,NA,NA,NA,NA,NA,NA,NA,NA,NA,NA,NA,NA,NA,NA,NA
2022,1921,6,3535,52,5,20,47,4,29,0,1,1,25,0,1,1,2,1,NA,NA,NA,NA,8,1,1,1,1,2,1,1,2,1,2,2,2,1,3,2,4,4,2,3,4,1,2,2,2,1
2022,1922,5,120,53,1,14,75,1,NA,2,2,1,23,0,1,1,1,1,2,1,1,1,8,1,1,1,1,2,1,2,1,2,2,2,1,2,3,2,3,2,2,4,2,4,4,4,2,4
2022,1923,4,4140,20,5,12,19,1,NA,NA,1,1,NA,3,NA,NA,2,2,NA,NA,NA,NA,8,NA,NA,NA,NA,NA,NA,NA,NA,NA,NA,NA,NA,NA,NA,NA,NA,NA,NA,NA,NA,NA,NA,NA,NA,NA
2022,1924,1,2100,69,1,15,55,4,9,NA,1,1,26,26,3,2,1,2,NA,3,3,1,8,NA,NA,NA,NA,NA,NA,NA,NA,NA,NA,NA,NA,NA,NA,NA,NA,NA,NA,NA,NA,NA,NA,NA,NA,NA
2022,1925,1,565,47,1,16,32,3,12,2,1,1,21,21,3,1,2,2,1,1,1,1,6,NA,NA,NA,NA,NA,NA,NA,NA,NA,NA,NA,NA,NA,NA,NA,NA,NA,NA,NA,NA,NA,NA,NA,NA,NA
2022,1926,2,4520,30,1,12,25,1,NA,NA,2,1,11,11,1,NA,1,2,2,1,1,1,3,NA,NA,NA,NA,NA,NA,NA,NA,NA,NA,NA,NA,NA,NA,NA,NA,NA,NA,NA,NA,NA,NA,NA,NA,NA
2022,1927,1,8460,33,3,10,29,1,NA,0,1,1,18,18,NA,NA,2,1,NA,NA,NA,NA,6,1,1,2,1,1,1,1,2,1,2,2,2,2,2,2,3,3,2,4,3,3,4,4,4,4
2022,1928,1,6355,49,1,12,55,1,NA,NA,1,1,22,17,NA,NA,3,3,NA,NA,NA,NA,3,NA,NA,NA,NA,NA,NA,NA,NA,NA,NA,NA,NA,NA,NA,NA,NA,NA,NA,NA,NA,NA,NA,NA,NA,NA
2022,1929,5,120,53,1,14,60,2,9,NA,2,1,25,0,2,2,2,3,NA,NA,NA,NA,6,NA,NA,NA,NA,NA,NA,NA,NA,NA,NA,NA,NA,NA,NA,NA,NA,NA,NA,NA,NA,NA,NA,NA,NA,NA
2022,1930,1,160,44,1,12,44,1,NA,NA,1,1,22,20,NA,NA,2,1,NA,NA,NA,NA,6,NA,NA,NA,NA,NA,NA,NA,NA,NA,NA,NA,NA,NA,NA,NA,NA,NA,NA,NA,NA,NA,NA,NA,NA,NA
2022,1931,3,6355,49,5,12,33,1,NA,NA,1,1,9,9,NA,NA,3,2,3,1,1,1,6,NA,NA,NA,NA,NA,NA,NA,NA,NA,NA,NA,NA,NA,NA,NA,NA,NA,NA,NA,NA,NA,NA,NA,NA,NA
2022,1932,1,4710,48,3,14,61,2,49,NA,2,1,19,19,2,2,2,2,2,2,1,1,2,NA,NA,NA,NA,NA,NA,NA,NA,NA,NA,NA,NA,NA,NA,NA,NA,NA,NA,NA,NA,NA,NA,NA,NA,NA
2022,1933,1,2720,65,3,17,42,4,66,NA,2,2,21,21,1,1,2,2,2,1,1,1,4,NA,NA,NA,NA,NA,NA,NA,NA,NA,NA,NA,NA,NA,NA,NA,NA,NA,NA,NA,NA,NA,NA,NA,NA,NA
2022,1934,8,9600,35,1,8,57,0,NA,NA,2,1,15,0,NA,NA,1,4,NA,NA,NA,NA,6,NA,NA,NA,NA,NA,NA,NA,NA,NA,NA,NA,NA,NA,NA,NA,NA,NA,NA,NA,NA,NA,NA,NA,NA,NA
2022,1935,1,7200,45,5,12,20,1,NA,NA,1,1,16,16,NA,2,3,2,NA,NA,NA,NA,6,NA,NA,NA,NA,NA,NA,NA,NA,NA,NA,NA,NA,NA,NA,NA,NA,NA,NA,NA,NA,NA,NA,NA,NA,NA
2022,1936,1,9030,65,3,16,35,3,68,2,1,1,24,24,2,NA,1,1,NA,NA,NA,NA,6,1,1,1,1,1,2,2,2,1,2,2,2,2,1,2,2,4,4,4,2,2,3,4,4,2
2022,1937,1,710,51,1,17,41,4,9,3,1,1,20,20,2,2,2,2,NA,NA,NA,NA,6,NA,NA,NA,NA,NA,NA,NA,NA,NA,NA,NA,NA,NA,NA,NA,NA,NA,NA,NA,NA,NA,NA,NA,NA,NA
2022,1938,7,2015,47,1,19,NA,4,70,7,2,2,22,0,NA,1,2,2,3,1,1,1,9,NA,NA,NA,NA,NA,NA,NA,NA,NA,NA,NA,NA,NA,NA,NA,NA,NA,NA,NA,NA,NA,NA,NA,NA,NA
2022,1939,1,6355,49,1,NA,24,0,NA,NA,2,3,18,17,NA,NA,2,2,2,1,2,1,6,NA,NA,NA,NA,NA,NA,NA,NA,NA,NA,NA,NA,NA,NA,NA,NA,NA,NA,NA,NA,NA,NA,NA,NA,NA
2022,1940,1,2750,51,3,16,42,3,9,NA,1,1,21,20,1,1,2,2,NA,NA,NA,NA,5,NA,NA,NA,NA,NA,NA,NA,NA,NA,NA,NA,NA,NA,NA,NA,NA,NA,NA,NA,NA,NA,NA,NA,NA,NA
2022,1941,1,2016,44,5,16,24,3,44,0,2,1,17,0,3,NA,2,2,2,1,1,1,6,1,1,1,1,1,1,1,2,2,2,2,2,1,1,1,1,4,2,2,4,2,2,4,1,3
2022,1942,5,3255,64,2,12,71,1,NA,NA,2,1,20,19,1,1,2,3,2,1,1,1,5,NA,NA,NA,NA,NA,NA,NA,NA,NA,NA,NA,NA,NA,NA,NA,NA,NA,NA,NA,NA,NA,NA,NA,NA,NA
2022,1943,1,5510,29,5,15,45,1,NA,0,1,1,18,18,2,NA,2,2,NA,NA,NA,NA,6,2,2,2,NA,2,2,2,2,2,2,2,2,2,4,4,4,4,4,4,4,2,4,4,4,4
2022,1944,1,1020,60,5,9,23,1,NA,NA,1,1,24,24,NA,1,1,1,NA,NA,NA,NA,8,NA,NA,NA,NA,NA,NA,NA,NA,NA,NA,NA,NA,NA,NA,NA,NA,NA,NA,NA,NA,NA,NA,NA,NA,NA
2022,1945,1,8320,32,5,16,37,3,78,0,2,1,20,20,1,1,1,1,2,1,1,3,5,1,1,1,1,1,1,2,1,1,2,2,2,1,1,4,1,3,3,4,3,3,4,4,4,2
2022,1946,5,4110,31,3,11,78,0,NA,NA,2,1,NA,0,1,1,3,3,NA,NA,NA,NA,6,NA,NA,NA,NA,NA,NA,NA,NA,NA,NA,NA,NA,NA,NA,NA,NA,NA,NA,NA,NA,NA,NA,NA,NA,NA
2022,1947,5,9830,62,1,19,73,4,8,2,1,1,15,0,2,1,3,2,NA,NA,NA,NA,5,NA,NA,NA,NA,NA,NA,NA,NA,NA,NA,NA,NA,NA,NA,NA,NA,NA,NA,NA,NA,NA,NA,NA,NA,NA
2022,1948,1,4510,36,5,12,24,1,NA,NA,2,2,22,18,1,1,1,2,2,1,1,1,6,NA,NA,NA,NA,NA,NA,NA,NA,NA,NA,NA,NA,NA,NA,NA,NA,NA,NA,NA,NA,NA,NA,NA,NA,NA
2022,1949,2,4610,48,3,16,45,4,29,3,2,1,22,9,1,1,1,1,NA,NA,NA,NA,4,1,1,1,1,1,1,1,1,1,2,1,1,1,4,4,4,2,1,2,2,1,4,2,3,2
2022,1950,1,1930,66,1,17,37,3,18,NA,1,1,15,8,NA,NA,1,2,2,3,3,3,0,NA,NA,NA,NA,NA,NA,NA,NA,NA,NA,NA,NA,NA,NA,NA,NA,NA,NA,NA,NA,NA,NA,NA,NA,NA
2022,1951,1,4000,50,1,14,39,2,58,NA,1,1,22,21,2,2,2,3,NA,NA,NA,NA,5,NA,NA,NA,NA,NA,NA,NA,NA,NA,NA,NA,NA,NA,NA,NA,NA,NA,NA,NA,NA,NA,NA,NA,NA,NA
2022,1952,1,340,42,1,18,27,4,9,0,2,1,26,20,1,1,2,2,NA,NA,NA,NA,1,NA,NA,NA,NA,NA,NA,NA,NA,NA,NA,NA,NA,NA,NA,NA,NA,NA,NA,NA,NA,NA,NA,NA,NA,NA
2022,1953,1,NA,NA,5,20,NA,4,NA,NA,1,NA,NA,NA,NA,1,2,2,NA,NA,NA,NA,NA,NA,NA,NA,NA,NA,NA,NA,NA,NA,NA,NA,NA,NA,NA,NA,NA,NA,NA,NA,NA,NA,NA,NA,NA,NA
2022,1954,2,1300,73,3,15,34,2,28,NA,2,1,21,21,1,2,2,2,1,1,1,2,6,NA,NA,NA,NA,NA,NA,NA,NA,NA,NA,NA,NA,NA,NA,NA,NA,NA,NA,NA,NA,NA,NA,NA,NA,NA
2022,1955,1,50,53,1,16,65,3,9,NA,2,1,26,25,1,1,3,2,2,1,2,1,5,NA,NA,NA,NA,NA,NA,NA,NA,NA,NA,NA,NA,NA,NA,NA,NA,NA,NA,NA,NA,NA,NA,NA,NA,NA
2022,1956,4,430,39,5,14,28,1,NA,NA,1,2,18,18,1,1,3,1,2,1,2,2,5,NA,NA,NA,NA,NA,NA,NA,NA,NA,NA,NA,NA,NA,NA,NA,NA,NA,NA,NA,NA,NA,NA,NA,NA,NA
2022,1957,1,5240,31,5,16,26,3,8,NA,2,1,18,18,NA,2,2,2,NA,NA,NA,NA,6,NA,NA,NA,NA,NA,NA,NA,NA,NA,NA,NA,NA,NA,NA,NA,NA,NA,NA,NA,NA,NA,NA,NA,NA,NA
2022,1958,1,NA,NA,3,16,NA,3,77,NA,2,1,21,21,2,2,1,1,2,1,1,1,6,NA,NA,NA,NA,NA,NA,NA,NA,NA,NA,NA,NA,NA,NA,NA,NA,NA,NA,NA,NA,NA,NA,NA,NA,NA
2022,1959,1,50,53,1,16,28,3,16,NA,2,1,22,19,1,1,2,2,2,1,1,1,5,NA,NA,NA,NA,NA,NA,NA,NA,NA,NA,NA,NA,NA,NA,NA,NA,NA,NA,NA,NA,NA,NA,NA,NA,NA
2022,1960,5,2310,61,1,16,68,3,44,2,2,1,25,3,1,1,1,1,NA,NA,NA,NA,1,1,2,2,2,2,1,2,2,2,2,2,2,2,2,3,4,4,1,4,4,3,4,4,4,4
2022,1961,5,6260,28,3,15,70,1,NA,NA,1,1,9,0,1,1,3,3,NA,NA,NA,NA,1,NA,NA,NA,NA,NA,NA,NA,NA,NA,NA,NA,NA,NA,NA,NA,NA,NA,NA,NA,NA,NA,NA,NA,NA,NA
2022,1962,2,4720,28,1,13,66,1,NA,2,2,1,20,15,1,1,2,3,NA,NA,NA,NA,1,2,1,2,1,2,2,2,2,1,2,2,2,2,2,4,4,4,4,4,4,2,4,4,4,4
2022,1963,4,3649,53,3,12,45,1,NA,NA,2,1,23,21,NA,NA,2,1,NA,NA,NA,NA,1,NA,NA,NA,NA,NA,NA,NA,NA,NA,NA,NA,NA,NA,NA,NA,NA,NA,NA,NA,NA,NA,NA,NA,NA,NA
2022,1964,1,6200,49,3,12,62,1,NA,NA,1,1,21,19,1,1,2,2,3,1,2,1,1,NA,NA,NA,NA,NA,NA,NA,NA,NA,NA,NA,NA,NA,NA,NA,NA,NA,NA,NA,NA,NA,NA,NA,NA,NA
2022,1965,4,3600,48,4,14,55,2,17,NA,2,2,11,0,NA,NA,2,1,2,1,1,2,0,NA,NA,NA,NA,NA,NA,NA,NA,NA,NA,NA,NA,NA,NA,NA,NA,NA,NA,NA,NA,NA,NA,NA,NA,NA
2022,1966,4,8965,35,5,9,49,1,NA,NA,1,1,11,4,NA,2,3,3,1,3,2,1,1,NA,NA,NA,NA,NA,NA,NA,NA,NA,NA,NA,NA,NA,NA,NA,NA,NA,NA,NA,NA,NA,NA,NA,NA,NA
2022,1967,2,6260,28,3,13,63,1,NA,NA,1,1,17,3,3,1,2,2,1,1,2,2,1,NA,NA,NA,NA,NA,NA,NA,NA,NA,NA,NA,NA,NA,NA,NA,NA,NA,NA,NA,NA,NA,NA,NA,NA,NA
2022,1968,2,4760,31,5,12,30,1,NA,1,2,1,NA,0,NA,NA,3,3,NA,NA,NA,NA,5,NA,NA,NA,NA,NA,NA,NA,NA,NA,NA,NA,NA,NA,NA,NA,NA,NA,NA,NA,NA,NA,NA,NA,NA,NA
2022,1969,4,4500,36,3,12,40,1,NA,3,1,2,14,14,NA,NA,3,3,3,2,1,1,1,2,1,1,2,2,1,1,1,1,1,1,1,1,3,3,3,3,1,3,1,1,1,2,2,3
2022,1970,2,5240,31,5,10,30,1,NA,NA,2,1,18,13,NA,NA,2,3,1,1,1,1,1,NA,NA,NA,NA,NA,NA,NA,NA,NA,NA,NA,NA,NA,NA,NA,NA,NA,NA,NA,NA,NA,NA,NA,NA,NA
2022,1971,8,4050,21,4,12,38,1,NA,NA,1,NA,11,0,NA,NA,2,NA,NA,NA,NA,NA,1,1,1,1,2,2,1,2,NA,1,1,1,1,1,2,2,2,2,2,3,2,2,2,2,2,2
2022,1972,1,6260,28,5,9,32,1,NA,NA,2,1,22,19,NA,3,2,3,NA,NA,NA,NA,1,NA,NA,NA,NA,NA,NA,NA,NA,NA,NA,NA,NA,NA,NA,NA,NA,NA,NA,NA,NA,NA,NA,NA,NA,NA
2022,1973,1,3400,62,5,12,24,1,NA,NA,2,1,17,13,NA,2,2,3,3,1,1,1,1,NA,NA,NA,NA,NA,NA,NA,NA,NA,NA,NA,NA,NA,NA,NA,NA,NA,NA,NA,NA,NA,NA,NA,NA,NA
2022,1974,2,4220,24,5,12,21,1,NA,NA,2,3,NA,5,NA,1,1,3,2,1,1,2,1,NA,NA,NA,NA,NA,NA,NA,NA,NA,NA,NA,NA,NA,NA,NA,NA,NA,NA,NA,NA,NA,NA,NA,NA,NA
2022,1975,1,4610,48,1,12,45,1,NA,0,2,1,16,0,NA,2,1,2,2,1,2,1,1,NA,NA,NA,NA,NA,NA,NA,NA,NA,NA,NA,NA,NA,NA,NA,NA,NA,NA,NA,NA,NA,NA,NA,NA,NA
2022,1976,5,6355,49,3,12,66,1,NA,NA,1,1,11,0,1,1,2,2,1,1,1,2,1,NA,NA,NA,NA,NA,NA,NA,NA,NA,NA,NA,NA,NA,NA,NA,NA,NA,NA,NA,NA,NA,NA,NA,NA,NA
2022,1977,3,6230,44,5,14,53,2,9,NA,1,1,20,20,NA,NA,2,4,NA,NA,NA,NA,1,NA,NA,NA,NA,NA,NA,NA,NA,NA,NA,NA,NA,NA,NA,NA,NA,NA,NA,NA,NA,NA,NA,NA,NA,NA
2022,1978,8,6130,29,5,12,49,1,NA,NA,1,1,10,0,NA,NA,3,4,NA,NA,NA,NA,1,NA,NA,NA,NA,NA,NA,NA,NA,NA,NA,NA,NA,NA,NA,NA,NA,NA,NA,NA,NA,NA,NA,NA,NA,NA
2022,1979,4,8965,35,2,12,72,1,NA,NA,2,1,7,0,NA,1,2,3,3,1,1,1,0,NA,NA,NA,NA,NA,NA,NA,NA,NA,NA,NA,NA,NA,NA,NA,NA,NA,NA,NA,NA,NA,NA,NA,NA,NA
2022,1980,1,3850,60,1,18,51,4,70,1,1,1,26,26,4,NA,2,2,2,3,2,1,1,NA,NA,NA,NA,NA,NA,NA,NA,NA,NA,NA,NA,NA,NA,NA,NA,NA,NA,NA,NA,NA,NA,NA,NA,NA
2022,1981,1,4700,38,5,14,35,2,51,0,2,3,18,18,1,1,2,2,1,1,1,2,1,2,2,2,NA,2,1,1,2,2,2,2,2,2,2,2,2,4,2,2,4,4,4,4,4,4
2022,1982,1,1105,61,1,15,65,0,NA,3,1,1,24,20,1,1,2,4,1,1,1,2,5,1,1,2,1,1,1,2,1,1,2,NA,1,1,1,1,4,2,3,4,3,3,4,4,2,2
2022,1983,1,7340,44,3,16,NA,3,49,NA,1,3,NA,NA,NA,NA,2,2,NA,NA,NA,NA,1,NA,NA,NA,NA,NA,NA,NA,NA,NA,NA,NA,NA,NA,NA,NA,NA,NA,NA,NA,NA,NA,NA,NA,NA,NA
2022,1984,1,7330,38,1,12,53,1,NA,NA,1,1,20,20,3,3,2,2,NA,NA,NA,NA,1,NA,NA,NA,NA,NA,NA,NA,NA,NA,NA,NA,NA,NA,NA,NA,NA,NA,NA,NA,NA,NA,NA,NA,NA,NA
2022,1985,1,NA,NA,5,14,31,1,NA,1,2,1,9,9,2,2,3,2,1,1,2,1,0,2,2,1,2,2,1,2,2,2,2,2,2,2,3,3,3,3,2,3,3,2,2,2,2,2
2022,1986,5,530,42,3,16,66,3,42,0,2,1,11,0,1,1,3,2,NA,NA,NA,NA,1,2,1,2,1,1,1,2,2,1,1,1,1,2,1,1,4,1,1,2,2,2,2,2,1,2
2022,1987,8,8965,35,1,10,57,0,NA,0,2,1,16,0,NA,2,3,3,1,1,1,1,1,2,2,2,NA,2,1,2,2,1,2,2,2,2,4,4,4,4,2,4,4,2,4,4,4,4
2022,1988,1,5150,36,5,14,29,1,NA,NA,2,3,17,0,1,1,3,4,NA,NA,NA,NA,1,NA,NA,NA,NA,NA,NA,NA,NA,NA,NA,NA,NA,NA,NA,NA,NA,NA,NA,NA,NA,NA,NA,NA,NA,NA
2022,1989,2,430,39,1,18,36,4,58,0,2,1,23,9,NA,NA,2,2,3,1,1,3,0,1,2,2,2,2,1,2,1,2,2,2,1,2,1,4,4,1,1,4,3,4,4,4,3,4
2022,1990,6,5400,38,5,16,31,1,NA,NA,2,1,9,0,NA,1,3,2,2,1,1,3,2,NA,NA,NA,NA,NA,NA,NA,NA,NA,NA,NA,NA,NA,NA,NA,NA,NA,NA,NA,NA,NA,NA,NA,NA,NA
2022,1991,6,2200,74,5,20,26,4,42,0,2,1,16,16,1,1,3,2,NA,NA,NA,NA,8,1,2,1,1,2,1,2,2,1,2,1,2,2,1,2,1,4,2,4,2,2,4,2,4,4
2022,1992,1,2100,69,5,19,36,4,29,0,1,1,21,21,1,1,1,3,2,1,1,2,1,2,2,1,2,2,2,2,2,2,2,2,2,2,4,4,1,4,4,4,4,4,4,4,4,4
2022,1993,5,2630,46,1,16,75,3,3,2,1,1,14,0,2,2,2,3,2,1,2,1,1,NA,NA,NA,NA,NA,NA,NA,NA,NA,NA,NA,NA,NA,NA,NA,NA,NA,NA,NA,NA,NA,NA,NA,NA,NA
2022,1994,1,1410,73,5,16,20,3,18,0,1,1,5,0,NA,2,2,2,2,2,2,1,2,2,2,2,NA,1,2,2,2,2,2,2,2,2,4,4,4,2,4,4,4,4,4,4,4,4
2022,1995,1,140,50,3,14,40,2,72,0,1,1,20,17,1,1,3,1,3,1,1,3,2,1,1,2,1,1,1,1,1,1,1,1,1,1,1,1,4,1,2,1,2,2,2,2,2,2
2022,1996,5,2010,54,3,14,71,2,9,NA,2,1,14,0,1,1,3,4,NA,NA,NA,NA,2,NA,NA,NA,NA,NA,NA,NA,NA,NA,NA,NA,NA,NA,NA,NA,NA,NA,NA,NA,NA,NA,NA,NA,NA,NA
2022,1997,1,4700,38,1,16,62,3,9,NA,1,1,26,24,2,2,3,2,NA,NA,NA,NA,2,1,1,1,1,2,1,2,1,2,2,2,1,2,1,1,1,4,2,1,2,4,4,4,2,4
2022,1998,1,2710,58,5,17,32,3,51,0,2,1,21,18,1,1,3,2,1,1,1,1,2,1,2,2,1,1,1,2,2,1,2,1,2,1,3,2,4,1,2,4,2,2,4,2,4,1
2022,1999,8,8965,35,3,10,53,0,NA,5,2,1,15,0,NA,NA,1,3,3,1,1,1,2,2,2,2,NA,2,1,2,2,1,2,2,2,2,4,4,4,4,2,4,4,4,4,4,4,4
2022,2000,3,2320,64,3,18,59,4,43,2,2,1,21,21,1,1,1,1,NA,NA,NA,NA,2,1,1,1,1,1,1,2,2,1,2,2,2,1,2,2,3,2,2,4,4,2,4,4,4,2
2022,2001,5,6260,28,5,11,55,1,NA,0,1,1,9,0,NA,NA,2,3,NA,NA,NA,NA,2,2,2,2,NA,1,2,2,2,2,2,2,2,2,4,4,4,4,4,4,4,4,4,4,4,4
2022,2002,8,8140,38,5,12,51,1,NA,0,1,1,NA,0,NA,NA,2,3,NA,NA,NA,NA,2,2,2,2,NA,2,2,2,2,2,2,2,2,2,4,4,3,3,4,4,3,1,4,4,3,2
2022,2003,5,4720,28,1,13,61,1,NA,NA,2,1,16,0,NA,NA,2,3,3,1,1,1,2,NA,NA,NA,NA,NA,NA,NA,NA,NA,NA,NA,NA,NA,NA,NA,NA,NA,NA,NA,NA,NA,NA,NA,NA,NA
2022,2004,1,3060,80,1,20,32,4,34,NA,1,1,26,26,1,1,2,2,1,1,1,1,2,NA,NA,NA,NA,NA,NA,NA,NA,NA,NA,NA,NA,NA,NA,NA,NA,NA,NA,NA,NA,NA,NA,NA,NA,NA
2022,2005,6,NA,NA,5,17,22,4,18,NA,2,3,14,0,NA,NA,1,1,NA,NA,NA,NA,0,NA,NA,NA,NA,NA,NA,NA,NA,NA,NA,NA,NA,NA,NA,NA,NA,NA,NA,NA,NA,NA,NA,NA,NA,NA
2022,2006,4,310,39,3,9,30,1,NA,NA,2,1,8,0,NA,NA,3,2,2,1,1,2,2,2,2,2,NA,2,2,2,2,2,2,2,2,2,3,3,3,3,4,3,3,3,3,3,3,3
2022,2007,8,2300,53,5,16,52,3,42,0,2,1,15,0,1,1,3,2,3,1,1,1,2,NA,NA,NA,NA,NA,NA,NA,NA,NA,NA,NA,NA,NA,NA,NA,NA,NA,NA,NA,NA,NA,NA,NA,NA,NA
2022,2008,1,2540,48,5,16,27,3,59,0,2,1,18,18,NA,1,2,1,3,1,1,1,2,1,1,1,1,1,1,2,2,1,2,2,1,2,1,1,1,3,2,4,3,3,4,4,1,4
2022,2009,5,5100,24,3,12,77,1,NA,NA,2,2,20,0,1,1,3,3,3,1,1,1,2,NA,NA,NA,NA,NA,NA,NA,NA,NA,NA,NA,NA,NA,NA,NA,NA,NA,NA,NA,NA,NA,NA,NA,NA,NA
2022,2010,1,4010,38,5,15,39,1,NA,0,1,1,14,14,3,1,3,3,1,1,1,3,1,1,1,1,2,1,1,1,1,1,1,1,1,1,2,2,2,2,2,3,2,3,3,3,2,2
2022,2011,6,230,59,5,16,28,4,43,0,1,1,18,17,1,1,3,1,3,1,1,1,2,1,1,2,1,1,1,2,1,1,1,1,1,1,1,1,3,2,2,4,2,2,2,2,2,2
2022,2012,1,2200,74,5,20,34,4,12,NA,2,3,19,19,NA,NA,3,3,2,1,2,NA,0,2,2,1,2,2,1,2,1,1,2,2,2,2,4,4,2,4,1,4,4,1,4,4,4,4
2022,2013,5,1720,72,1,17,76,1,NA,0,1,1,20,0,1,1,1,1,2,1,1,1,3,2,1,2,2,2,1,1,2,1,2,1,2,2,4,4,4,4,4,4,4,3,4,4,4,4
2022,2014,1,NA,NA,1,12,NA,1,NA,NA,1,1,22,22,2,2,2,2,2,2,1,1,NA,NA,NA,NA,NA,NA,NA,NA,NA,NA,NA,NA,NA,NA,NA,NA,NA,NA,NA,NA,NA,NA,NA,NA,NA,NA
2022,2015,1,7750,35,5,19,35,4,59,0,2,1,18,18,1,1,1,1,NA,NA,NA,NA,2,1,1,2,1,1,1,1,1,1,1,1,1,1,1,1,4,2,2,2,2,2,2,2,2,2
2022,2016,1,2010,54,3,16,63,2,9,NA,2,NA,19,18,3,1,3,3,NA,NA,NA,NA,2,NA,NA,NA,NA,NA,NA,NA,NA,NA,NA,NA,NA,NA,NA,NA,NA,NA,NA,NA,NA,NA,NA,NA,NA,NA
2022,2017,2,4760,31,5,15,22,1,NA,0,2,1,10,10,NA,1,1,3,3,1,1,3,2,1,1,1,1,2,1,2,2,1,2,2,2,2,1,2,1,4,3,4,4,4,4,4,4,4
2022,2018,1,9130,35,3,14,55,2,60,NA,1,1,16,16,2,2,2,3,NA,NA,NA,NA,2,NA,NA,NA,NA,NA,NA,NA,NA,NA,NA,NA,NA,NA,NA,NA,NA,NA,NA,NA,NA,NA,NA,NA,NA,NA
2022,2019,1,4850,45,3,16,48,3,16,NA,2,1,21,20,NA,1,2,2,NA,NA,NA,NA,3,NA,NA,NA,NA,NA,NA,NA,NA,NA,NA,NA,NA,NA,NA,NA,NA,NA,NA,NA,NA,NA,NA,NA,NA,NA
2022,2020,2,2016,44,5,13,58,1,NA,NA,2,2,19,16,1,1,2,3,NA,NA,NA,NA,2,1,NA,2,NA,1,NA,2,NA,NA,NA,1,1,NA,4,3,4,4,4,4,3,4,3,2,2,2
2022,2021,8,NA,NA,5,9,27,1,NA,NA,2,1,10,0,1,1,3,4,NA,1,1,3,9,NA,NA,NA,NA,NA,NA,NA,NA,NA,NA,NA,NA,NA,NA,NA,NA,NA,NA,NA,NA,NA,NA,NA,NA,NA
2022,2022,5,1210,66,2,20,67,4,33,2,2,1,16,0,NA,1,3,2,2,1,1,2,0,1,1,2,2,1,1,1,1,1,2,2,1,2,3,3,4,2,2,2,2,3,3,4,4,4
2022,2023,5,2320,64,5,17,72,4,16,NA,2,1,18,0,1,1,2,1,NA,NA,NA,NA,2,NA,NA,NA,NA,NA,NA,NA,NA,NA,NA,NA,NA,NA,NA,NA,NA,NA,NA,NA,NA,NA,NA,NA,NA,NA
2022,2024,5,230,59,3,17,70,3,55,1,2,2,18,0,1,1,3,2,NA,NA,NA,NA,2,2,2,2,NA,2,2,2,1,1,2,2,2,2,3,4,4,4,4,4,3,3,4,4,4,4
2022,2025,1,1020,60,1,18,35,4,41,NA,1,1,25,22,1,1,1,2,NA,NA,NA,NA,9,NA,NA,NA,NA,NA,NA,NA,NA,NA,NA,NA,NA,NA,NA,NA,NA,NA,NA,NA,NA,NA,NA,NA,NA,NA
2022,2026,5,1900,45,1,20,70,4,48,3,1,1,NA,0,1,1,1,1,2,1,2,1,4,1,1,1,2,1,1,2,2,2,2,2,1,1,1,4,1,2,1,1,4,4,4,4,2,1
2022,2027,2,4760,31,1,19,45,4,47,NA,1,1,23,23,1,1,2,2,3,1,1,2,2,NA,NA,NA,NA,NA,NA,NA,NA,NA,NA,NA,NA,NA,NA,NA,NA,NA,NA,NA,NA,NA,NA,NA,NA,NA
2022,2028,7,7740,34,5,12,31,1,NA,NA,1,1,7,0,NA,NA,2,3,NA,NA,NA,NA,2,NA,NA,NA,NA,NA,NA,NA,NA,NA,NA,NA,NA,NA,NA,NA,NA,NA,NA,NA,NA,NA,NA,NA,NA,NA
2022,2029,5,1010,63,3,14,71,1,NA,1,1,1,11,0,1,1,3,3,2,1,1,2,1,1,1,2,1,2,2,2,1,1,2,2,2,2,1,1,4,4,4,2,2,2,2,2,2,4
2022,2030,1,2200,74,1,20,43,4,8,1,1,3,19,19,NA,NA,2,2,NA,NA,NA,NA,0,NA,NA,NA,NA,NA,NA,NA,NA,NA,NA,NA,NA,NA,NA,NA,NA,NA,NA,NA,NA,NA,NA,NA,NA,NA
2022,2031,8,4230,25,5,10,36,0,NA,1,2,1,NA,NA,NA,NA,3,3,NA,NA,NA,NA,2,2,2,1,2,2,2,1,2,1,2,2,2,2,2,4,3,4,4,4,4,4,4,4,4,4
2022,2032,1,2200,74,1,16,51,3,33,NA,1,1,26,26,1,1,2,1,1,1,1,2,5,NA,NA,NA,NA,NA,NA,NA,NA,NA,NA,NA,NA,NA,NA,NA,NA,NA,NA,NA,NA,NA,NA,NA,NA,NA
2022,2033,3,9830,62,1,16,30,3,43,NA,2,1,22,22,NA,1,2,1,NA,NA,NA,NA,3,1,1,2,1,1,1,2,2,2,2,2,2,2,1,1,4,2,2,4,4,2,4,4,4,4
2022,2034,1,10,72,4,18,54,4,1,0,2,1,22,22,1,1,2,3,2,1,1,1,8,NA,NA,NA,NA,NA,NA,NA,NA,NA,NA,NA,NA,NA,NA,NA,NA,NA,NA,NA,NA,NA,NA,NA,NA,NA
2022,2035,1,5240,31,1,16,40,3,25,NA,1,1,24,20,2,2,2,2,1,2,1,1,2,NA,NA,NA,NA,NA,NA,NA,NA,NA,NA,NA,NA,NA,NA,NA,NA,NA,NA,NA,NA,NA,NA,NA,NA,NA
2022,2036,1,2310,61,5,18,59,4,16,NA,2,1,19,19,1,1,2,2,NA,NA,NA,NA,2,NA,NA,NA,NA,NA,NA,NA,NA,NA,NA,NA,NA,NA,NA,NA,NA,NA,NA,NA,NA,NA,NA,NA,NA,NA
2022,2037,3,3230,59,1,18,47,4,13,NA,2,1,22,20,NA,1,2,2,2,1,1,1,2,NA,NA,NA,NA,NA,NA,NA,NA,NA,NA,NA,NA,NA,NA,NA,NA,NA,NA,NA,NA,NA,NA,NA,NA,NA
2022,2038,5,2630,46,3,16,88,2,62,4,2,1,15,0,1,1,2,1,1,1,2,1,2,1,2,2,1,2,1,2,1,2,2,2,2,2,2,4,2,NA,2,4,2,2,4,4,4,4
2022,2039,8,2016,44,4,14,61,1,NA,NA,2,3,9,0,1,1,2,3,3,1,1,1,2,NA,NA,NA,NA,NA,NA,NA,NA,NA,NA,NA,NA,NA,NA,NA,NA,NA,NA,NA,NA,NA,NA,NA,NA,NA
2022,2040,1,2015,47,3,16,46,3,61,NA,1,1,19,19,2,2,2,1,3,1,1,1,2,NA,NA,NA,NA,NA,NA,NA,NA,NA,NA,NA,NA,NA,NA,NA,NA,NA,NA,NA,NA,NA,NA,NA,NA,NA
2022,2041,5,4220,24,2,11,78,1,NA,NA,2,1,NA,0,2,2,2,2,NA,NA,NA,NA,2,NA,NA,NA,NA,NA,NA,NA,NA,NA,NA,NA,NA,NA,NA,NA,NA,NA,NA,NA,NA,NA,NA,NA,NA,NA
2022,2042,3,2320,64,1,18,55,3,40,3,2,1,22,20,1,2,2,1,2,3,1,1,2,1,2,1,1,2,2,2,2,2,2,2,2,2,3,4,3,4,4,4,4,4,4,4,4,4
2022,2043,1,3850,60,5,17,28,3,70,0,1,1,19,19,3,3,2,2,NA,NA,NA,NA,2,NA,NA,NA,NA,NA,NA,NA,NA,NA,NA,NA,NA,NA,NA,NA,NA,NA,NA,NA,NA,NA,NA,NA,NA,NA
2022,2044,8,4110,31,5,16,56,2,33,NA,2,NA,9,0,2,NA,3,4,NA,NA,NA,NA,2,NA,NA,NA,NA,NA,NA,NA,NA,NA,NA,NA,NA,NA,NA,NA,NA,NA,NA,NA,NA,NA,NA,NA,NA,NA
2022,2045,1,6320,42,3,14,64,1,NA,NA,1,3,15,14,NA,NA,2,4,NA,NA,NA,NA,3,NA,NA,NA,NA,NA,NA,NA,NA,NA,NA,NA,NA,NA,NA,NA,NA,NA,NA,NA,NA,NA,NA,NA,NA,NA
2022,2046,1,3600,48,5,14,30,1,NA,NA,2,2,3,3,1,1,3,2,NA,NA,NA,NA,2,NA,NA,NA,NA,NA,NA,NA,NA,NA,NA,NA,NA,NA,NA,NA,NA,NA,NA,NA,NA,NA,NA,NA,NA,NA
2022,2047,8,NA,NA,5,11,63,0,NA,NA,2,2,NA,0,NA,NA,2,3,3,1,1,1,2,NA,NA,NA,NA,NA,NA,NA,NA,NA,NA,NA,NA,NA,NA,NA,NA,NA,NA,NA,NA,NA,NA,NA,NA,NA
2022,2048,5,3850,60,3,16,64,3,47,NA,2,2,20,0,1,1,2,2,NA,NA,NA,NA,2,NA,NA,NA,NA,NA,NA,NA,NA,NA,NA,NA,NA,NA,NA,NA,NA,NA,NA,NA,NA,NA,NA,NA,NA,NA
2022,2049,5,160,44,5,16,NA,3,9,NA,2,2,9,0,NA,NA,2,2,NA,NA,NA,NA,2,NA,NA,NA,NA,NA,NA,NA,NA,NA,NA,NA,NA,NA,NA,NA,NA,NA,NA,NA,NA,NA,NA,NA,NA,NA
2022,2050,4,9640,22,5,12,29,1,NA,0,1,1,17,0,NA,NA,2,2,2,1,1,1,2,2,2,2,NA,2,2,2,2,2,2,2,2,2,4,4,4,4,4,4,4,4,4,4,4,4
2022,2051,1,9130,35,5,14,41,2,9,4,1,1,21,20,1,NA,2,3,NA,NA,NA,NA,2,NA,NA,NA,NA,NA,NA,NA,NA,NA,NA,NA,NA,NA,NA,NA,NA,NA,NA,NA,NA,NA,NA,NA,NA,NA
2022,2052,1,9130,35,1,14,40,1,NA,1,1,1,19,15,1,3,3,3,NA,NA,NA,NA,2,2,2,2,NA,2,1,2,1,1,2,2,1,2,4,4,3,4,4,4,4,4,4,4,4,NA
2022,2053,1,5400,38,5,14,29,1,NA,NA,2,1,13,13,3,1,2,2,NA,NA,NA,NA,2,NA,NA,NA,NA,NA,NA,NA,NA,NA,NA,NA,NA,NA,NA,NA,NA,NA,NA,NA,NA,NA,NA,NA,NA,NA
2022,2054,5,2310,61,5,18,60,4,16,0,1,1,20,0,1,1,3,2,NA,NA,NA,NA,2,NA,NA,NA,NA,NA,NA,NA,NA,NA,NA,NA,NA,NA,NA,NA,NA,NA,NA,NA,NA,NA,NA,NA,NA,NA
2022,2055,1,20,50,5,17,40,4,9,NA,2,1,22,22,1,1,2,2,NA,NA,NA,NA,2,NA,NA,NA,NA,NA,NA,NA,NA,NA,NA,NA,NA,NA,NA,NA,NA,NA,NA,NA,NA,NA,NA,NA,NA,NA
2022,2056,2,3955,32,5,13,19,1,NA,NA,2,1,NA,2,NA,1,2,1,NA,NA,NA,NA,2,NA,NA,NA,NA,NA,NA,NA,NA,NA,NA,NA,NA,NA,NA,NA,NA,NA,NA,NA,NA,NA,NA,NA,NA,NA
2022,2057,5,7360,33,3,12,76,1,NA,NA,1,1,20,0,1,2,1,1,2,3,1,1,2,NA,NA,NA,NA,NA,NA,NA,NA,NA,NA,NA,NA,NA,NA,NA,NA,NA,NA,NA,NA,NA,NA,NA,NA,NA
2022,2058,1,6730,41,5,16,28,3,19,3,1,1,24,19,1,2,2,2,2,2,1,1,2,NA,NA,NA,NA,NA,NA,NA,NA,NA,NA,NA,NA,NA,NA,NA,NA,NA,NA,NA,NA,NA,NA,NA,NA,NA
2022,2059,1,4010,38,5,16,26,2,58,0,2,1,NA,16,1,1,3,3,3,1,1,1,2,1,1,2,1,1,1,2,1,1,2,1,1,1,2,3,3,2,1,4,2,1,3,1,2,1
2022,2060,1,5700,47,3,15,65,1,NA,1,2,1,20,20,1,1,2,2,NA,NA,NA,NA,2,1,2,1,2,2,1,2,2,1,2,2,2,1,1,3,1,4,1,4,4,2,2,4,1,1
2022,2061,5,7850,22,5,16,66,2,36,NA,2,3,17,0,2,2,2,3,NA,NA,NA,NA,2,NA,NA,NA,NA,NA,NA,NA,NA,NA,NA,NA,NA,NA,NA,NA,NA,NA,NA,NA,NA,NA,NA,NA,NA,NA
2022,2062,5,4230,25,2,7,82,0,NA,NA,2,1,15,0,2,2,2,1,NA,2,1,NA,3,NA,NA,NA,NA,NA,NA,NA,NA,NA,NA,NA,NA,NA,NA,NA,NA,NA,NA,NA,NA,NA,NA,NA,NA,NA
2022,2063,5,50,53,1,16,63,3,9,2,1,1,19,19,3,4,1,1,2,1,2,1,2,1,1,2,1,1,2,2,2,2,2,2,1,2,1,1,4,1,4,1,4,4,4,4,2,4
2022,2064,8,565,47,1,14,52,1,NA,1,2,1,23,0,2,2,3,3,NA,NA,NA,NA,9,2,2,1,1,2,1,1,2,2,2,2,2,1,2,2,2,4,1,2,4,4,4,4,3,2
2022,2065,3,5550,45,1,15,49,1,NA,NA,1,1,26,20,2,2,1,2,2,2,2,1,2,NA,NA,NA,NA,NA,NA,NA,NA,NA,NA,NA,NA,NA,NA,NA,NA,NA,NA,NA,NA,NA,NA,NA,NA,NA
2022,2066,4,9640,22,5,10,38,1,NA,0,1,1,10,0,2,2,2,3,2,3,3,3,2,2,2,2,NA,2,2,1,1,1,2,2,2,2,3,4,3,4,4,3,2,2,4,4,4,4
2022,2067,5,5120,45,1,12,67,1,NA,NA,2,1,20,0,2,NA,1,2,NA,NA,NA,NA,2,NA,NA,NA,NA,NA,NA,NA,NA,NA,NA,NA,NA,NA,NA,NA,NA,NA,NA,NA,NA,NA,NA,NA,NA,NA
2022,2068,5,4760,31,5,14,63,1,NA,2,2,2,15,0,1,1,1,2,2,1,1,3,2,NA,NA,NA,NA,NA,NA,NA,NA,NA,NA,NA,NA,NA,NA,NA,NA,NA,NA,NA,NA,NA,NA,NA,NA,NA
2022,2069,8,9610,22,5,12,55,0,NA,NA,1,2,10,0,NA,NA,2,2,2,2,2,2,5,NA,NA,NA,NA,NA,NA,NA,NA,NA,NA,NA,NA,NA,NA,NA,NA,NA,NA,NA,NA,NA,NA,NA,NA,NA
2022,2070,5,NA,NA,NA,14,70,2,NA,NA,1,2,10,NA,1,1,3,4,3,3,1,1,5,NA,NA,NA,NA,NA,NA,NA,NA,NA,NA,NA,NA,NA,NA,NA,NA,NA,NA,NA,NA,NA,NA,NA,NA,NA
2022,2071,7,4230,25,5,10,22,0,NA,4,2,2,NA,NA,NA,NA,2,1,NA,NA,NA,NA,5,NA,NA,NA,NA,NA,NA,NA,NA,NA,NA,NA,NA,NA,NA,NA,NA,NA,NA,NA,NA,NA,NA,NA,NA,NA
2022,2072,8,NA,NA,5,13,70,1,NA,0,2,1,12,0,NA,NA,3,3,2,1,1,2,0,2,2,2,NA,2,1,2,2,1,2,2,2,2,4,4,4,4,2,4,2,1,4,4,4,4
2022,2073,2,4760,31,5,14,20,1,NA,NA,1,3,NA,5,NA,1,2,3,NA,NA,NA,NA,5,NA,NA,NA,NA,NA,NA,NA,NA,NA,NA,NA,NA,NA,NA,NA,NA,NA,NA,NA,NA,NA,NA,NA,NA,NA
2022,2074,6,4610,48,5,14,22,1,NA,NA,2,2,NA,10,NA,NA,2,2,NA,1,1,1,0,NA,NA,NA,NA,NA,NA,NA,NA,NA,NA,NA,NA,NA,NA,NA,NA,NA,NA,NA,NA,NA,NA,NA,NA,NA
2022,2075,1,3800,40,3,16,44,3,9,3,2,1,19,0,1,1,3,2,NA,NA,NA,NA,2,1,2,2,1,2,1,2,1,2,1,1,1,2,3,3,3,4,1,3,1,1,1,1,2,4
2022,2076,1,4610,48,1,10,32,1,NA,NA,2,1,19,0,NA,NA,1,2,NA,NA,NA,NA,5,NA,NA,NA,NA,NA,NA,NA,NA,NA,NA,NA,NA,NA,NA,NA,NA,NA,NA,NA,NA,NA,NA,NA,NA,NA
2022,2077,2,NA,NA,1,12,59,1,NA,NA,1,1,21,NA,NA,NA,1,2,2,1,1,3,5,NA,NA,NA,NA,NA,NA,NA,NA,NA,NA,NA,NA,NA,NA,NA,NA,NA,NA,NA,NA,NA,NA,NA,NA,NA
2022,2078,5,1550,50,2,14,74,2,72,NA,1,1,13,0,1,1,3,2,NA,NA,NA,NA,4,2,2,2,NA,2,1,2,2,1,2,2,2,2,2,4,4,3,2,4,4,2,4,4,4,4
2022,2079,5,8350,42,3,8,NA,0,NA,NA,2,2,9,0,1,NA,1,2,2,2,1,1,5,NA,NA,NA,NA,NA,NA,NA,NA,NA,NA,NA,NA,NA,NA,NA,NA,NA,NA,NA,NA,NA,NA,NA,NA,NA
2022,2080,5,4510,36,3,12,67,1,NA,NA,2,1,9,0,1,1,2,4,NA,NA,NA,NA,5,NA,NA,NA,NA,NA,NA,NA,NA,NA,NA,NA,NA,NA,NA,NA,NA,NA,NA,NA,NA,NA,NA,NA,NA,NA
2022,2081,1,8320,32,5,12,61,1,NA,NA,1,1,14,14,NA,1,2,3,2,1,2,2,2,NA,NA,NA,NA,NA,NA,NA,NA,NA,NA,NA,NA,NA,NA,NA,NA,NA,NA,NA,NA,NA,NA,NA,NA,NA
2022,2082,5,9130,35,1,10,74,1,NA,NA,1,1,24,0,2,2,2,3,NA,2,1,1,5,NA,NA,NA,NA,NA,NA,NA,NA,NA,NA,NA,NA,NA,NA,NA,NA,NA,NA,NA,NA,NA,NA,NA,NA,NA
2022,2083,1,9130,35,4,12,NA,1,NA,NA,1,2,19,19,NA,NA,1,2,NA,NA,NA,NA,5,NA,NA,NA,NA,NA,NA,NA,NA,NA,NA,NA,NA,NA,NA,NA,NA,NA,NA,NA,NA,NA,NA,NA,NA,NA
2022,2084,5,8965,35,2,10,79,0,NA,NA,2,1,NA,0,1,1,3,1,2,2,2,1,5,NA,NA,NA,NA,NA,NA,NA,NA,NA,NA,NA,NA,NA,NA,NA,NA,NA,NA,NA,NA,NA,NA,NA,NA,NA
2022,2085,2,4710,48,1,12,33,1,NA,NA,2,1,22,18,NA,2,1,2,2,1,1,1,5,NA,NA,NA,NA,NA,NA,NA,NA,NA,NA,NA,NA,NA,NA,NA,NA,NA,NA,NA,NA,NA,NA,NA,NA,NA
2022,2086,5,2430,55,3,18,NA,4,31,2,1,1,23,0,NA,NA,2,2,2,1,1,2,3,1,1,2,2,2,1,2,2,1,2,1,2,2,4,3,4,4,2,4,4,1,4,1,4,4
2022,2087,4,6355,49,5,12,31,1,NA,NA,1,1,15,15,2,1,3,4,NA,NA,NA,NA,5,NA,NA,NA,NA,NA,NA,NA,NA,NA,NA,NA,NA,NA,NA,NA,NA,NA,NA,NA,NA,NA,NA,NA,NA,NA
2022,2088,1,3255,64,3,18,58,4,36,NA,2,1,21,21,1,1,1,2,NA,NA,NA,NA,0,NA,NA,NA,NA,NA,NA,NA,NA,NA,NA,NA,NA,NA,NA,NA,NA,NA,NA,NA,NA,NA,NA,NA,NA,NA
2022,2089,4,4230,25,1,16,40,1,NA,NA,2,2,12,12,NA,NA,3,1,3,1,1,1,5,NA,NA,NA,NA,NA,NA,NA,NA,NA,NA,NA,NA,NA,NA,NA,NA,NA,NA,NA,NA,NA,NA,NA,NA,NA
2022,2090,7,7840,30,5,12,36,1,NA,NA,2,1,16,0,NA,NA,2,3,2,1,1,1,2,NA,NA,NA,NA,NA,NA,NA,NA,NA,NA,NA,NA,NA,NA,NA,NA,NA,NA,NA,NA,NA,NA,NA,NA,NA
2022,2091,7,4050,21,1,12,49,1,NA,NA,2,1,22,0,NA,NA,2,2,NA,NA,NA,NA,5,NA,NA,NA,NA,NA,NA,NA,NA,NA,NA,NA,NA,NA,NA,NA,NA,NA,NA,NA,NA,NA,NA,NA,NA,NA
2022,2092,1,2016,44,4,12,46,1,NA,2,2,2,16,16,1,1,2,2,3,2,1,2,5,NA,NA,NA,NA,NA,NA,NA,NA,NA,NA,NA,NA,NA,NA,NA,NA,NA,NA,NA,NA,NA,NA,NA,NA,NA
2022,2093,1,4120,34,1,8,51,0,NA,NA,2,1,21,19,NA,2,2,3,1,1,1,1,5,NA,NA,NA,NA,NA,NA,NA,NA,NA,NA,NA,NA,NA,NA,NA,NA,NA,NA,NA,NA,NA,NA,NA,NA,NA
2022,2094,1,4000,50,5,12,19,1,NA,NA,1,1,22,16,NA,NA,1,1,NA,NA,NA,NA,5,NA,NA,NA,NA,NA,NA,NA,NA,NA,NA,NA,NA,NA,NA,NA,NA,NA,NA,NA,NA,NA,NA,NA,NA,NA
2022,2095,1,2550,50,1,18,37,4,45,2,2,1,22,20,NA,2,2,2,NA,NA,NA,NA,2,NA,NA,NA,NA,NA,NA,NA,NA,NA,NA,NA,NA,NA,NA,NA,NA,NA,NA,NA,NA,NA,NA,NA,NA,NA
2022,2096,2,2200,74,1,18,60,4,16,NA,2,1,NA,NA,2,2,1,2,NA,NA,NA,NA,5,NA,NA,NA,NA,NA,NA,NA,NA,NA,NA,NA,NA,NA,NA,NA,NA,NA,NA,NA,NA,NA,NA,NA,NA,NA
2022,2097,1,4700,38,1,12,49,1,NA,3,1,1,21,19,2,2,1,2,2,1,1,1,5,2,2,1,2,2,2,2,2,1,2,2,2,2,4,4,4,4,4,4,4,4,4,4,4,4
2022,2098,8,7855,34,1,14,55,4,NA,NA,1,2,17,0,NA,NA,1,2,NA,NA,NA,NA,5,NA,NA,NA,NA,NA,NA,NA,NA,NA,NA,NA,NA,NA,NA,NA,NA,NA,NA,NA,NA,NA,NA,NA,NA,NA
2022,2099,1,3535,52,1,16,60,2,55,NA,2,1,18,18,3,2,2,3,NA,NA,NA,NA,5,NA,NA,NA,NA,NA,NA,NA,NA,NA,NA,NA,NA,NA,NA,NA,NA,NA,NA,NA,NA,NA,NA,NA,NA,NA
2022,2100,5,5240,31,1,12,NA,1,NA,NA,2,1,18,0,NA,NA,2,3,NA,NA,NA,NA,5,NA,NA,NA,NA,NA,NA,NA,NA,NA,NA,NA,NA,NA,NA,NA,NA,NA,NA,NA,NA,NA,NA,NA,NA,NA
2022,2101,4,NA,NA,2,9,56,0,NA,NA,2,1,16,NA,2,2,2,2,2,2,1,1,5,NA,NA,NA,NA,NA,NA,NA,NA,NA,NA,NA,NA,NA,NA,NA,NA,NA,NA,NA,NA,NA,NA,NA,NA,NA
2022,2102,1,8800,24,5,13,NA,1,NA,NA,2,NA,3,0,NA,NA,NA,1,NA,NA,NA,NA,5,NA,NA,NA,NA,NA,NA,NA,NA,NA,NA,NA,NA,NA,NA,NA,NA,NA,NA,NA,NA,NA,NA,NA,NA,NA
2022,2103,2,4250,37,1,12,37,1,NA,1,2,1,19,19,2,2,2,2,2,2,2,1,5,2,2,1,2,2,2,2,2,2,2,1,2,2,2,2,2,2,2,2,2,2,2,2,2,2
2022,2104,1,420,52,3,16,83,2,9,3,2,1,17,9,1,1,2,1,NA,NA,NA,NA,5,NA,NA,NA,NA,NA,NA,NA,NA,NA,NA,NA,NA,NA,NA,NA,NA,NA,NA,NA,NA,NA,NA,NA,NA,NA
2022,2105,3,9130,35,1,15,63,1,NA,NA,1,1,19,16,NA,NA,2,3,3,3,NA,3,5,NA,NA,NA,NA,NA,NA,NA,NA,NA,NA,NA,NA,NA,NA,NA,NA,NA,NA,NA,NA,NA,NA,NA,NA,NA
2022,2106,4,430,39,4,18,NA,4,9,NA,2,1,23,23,1,1,2,1,2,1,1,2,5,NA,NA,NA,NA,NA,NA,NA,NA,NA,NA,NA,NA,NA,NA,NA,NA,NA,NA,NA,NA,NA,NA,NA,NA,NA
2022,2107,1,2310,61,5,16,26,3,16,NA,2,1,18,18,NA,1,3,3,NA,NA,NA,NA,2,NA,NA,NA,NA,NA,NA,NA,NA,NA,NA,NA,NA,NA,NA,NA,NA,NA,NA,NA,NA,NA,NA,NA,NA,NA
2022,2108,2,4850,45,1,14,29,2,9,NA,1,1,21,13,3,3,2,2,NA,NA,NA,NA,5,NA,NA,NA,NA,NA,NA,NA,NA,NA,NA,NA,NA,NA,NA,NA,NA,NA,NA,NA,NA,NA,NA,NA,NA,NA
2022,2109,3,2320,64,1,16,24,3,16,2,2,1,20,16,NA,3,1,1,3,1,2,3,5,1,1,2,1,1,2,1,2,2,2,2,1,2,1,2,4,2,2,2,3,3,2,2,2,2
2022,2110,1,9130,35,1,12,65,1,NA,NA,1,1,23,19,2,2,1,2,2,3,2,3,5,NA,NA,NA,NA,NA,NA,NA,NA,NA,NA,NA,NA,NA,NA,NA,NA,NA,NA,NA,NA,NA,NA,NA,NA,NA
2022,2111,1,4720,28,5,12,44,1,NA,0,1,2,18,13,1,1,2,3,3,1,1,1,5,NA,NA,NA,NA,NA,NA,NA,NA,NA,NA,NA,NA,NA,NA,NA,NA,NA,NA,NA,NA,NA,NA,NA,NA,NA
2022,2112,1,9130,35,1,12,55,1,NA,NA,1,1,24,22,NA,NA,2,2,NA,NA,NA,NA,5,NA,NA,NA,NA,NA,NA,NA,NA,NA,NA,NA,NA,NA,NA,NA,NA,NA,NA,NA,NA,NA,NA,NA,NA,NA
2022,2113,4,310,39,5,15,71,2,58,NA,1,1,9,0,2,2,3,1,NA,NA,NA,NA,5,NA,NA,NA,NA,NA,NA,NA,NA,NA,NA,NA,NA,NA,NA,NA,NA,NA,NA,NA,NA,NA,NA,NA,NA,NA
2022,2114,5,430,39,1,16,64,3,8,3,2,1,23,0,1,1,2,2,1,1,1,2,5,2,1,2,2,2,1,2,1,1,2,2,1,2,2,2,4,4,2,2,2,2,2,2,1,2
2022,2115,7,NA,NA,1,18,NA,4,33,3,1,1,NA,NA,NA,1,2,2,NA,NA,NA,NA,2,NA,NA,NA,NA,NA,NA,NA,NA,NA,NA,NA,NA,NA,NA,NA,NA,NA,NA,NA,NA,NA,NA,NA,NA,NA
2022,2116,5,310,39,3,12,69,1,NA,NA,2,1,NA,0,NA,NA,2,2,NA,NA,NA,NA,5,NA,NA,NA,NA,NA,NA,NA,NA,NA,NA,NA,NA,NA,NA,NA,NA,NA,NA,NA,NA,NA,NA,NA,NA,NA
2022,2117,5,5700,47,3,12,70,1,NA,2,2,1,18,0,1,1,2,1,3,1,1,1,5,2,1,1,1,1,2,2,1,1,2,2,1,2,4,4,3,3,4,4,2,1,4,2,4,4
2022,2118,1,4110,31,5,15,NA,1,NA,NA,2,1,15,15,1,1,3,1,NA,NA,NA,NA,5,NA,NA,NA,NA,NA,NA,NA,NA,NA,NA,NA,NA,NA,NA,NA,NA,NA,NA,NA,NA,NA,NA,NA,NA,NA
2022,2119,1,2630,46,5,16,25,3,50,NA,2,1,26,20,1,1,2,2,2,1,1,1,5,NA,NA,NA,NA,NA,NA,NA,NA,NA,NA,NA,NA,NA,NA,NA,NA,NA,NA,NA,NA,NA,NA,NA,NA,NA
2022,2120,5,5550,45,1,14,68,1,NA,NA,2,3,14,0,1,1,2,2,3,1,1,1,5,NA,NA,NA,NA,NA,NA,NA,NA,NA,NA,NA,NA,NA,NA,NA,NA,NA,NA,NA,NA,NA,NA,NA,NA,NA
2022,2121,1,6260,28,5,12,40,1,NA,NA,1,1,21,21,NA,1,3,1,NA,NA,NA,NA,5,NA,NA,NA,NA,NA,NA,NA,NA,NA,NA,NA,NA,NA,NA,NA,NA,NA,NA,NA,NA,NA,NA,NA,NA,NA
2022,2122,5,2320,64,1,16,70,3,16,NA,1,1,22,0,2,2,3,2,3,3,2,2,5,NA,NA,NA,NA,NA,NA,NA,NA,NA,NA,NA,NA,NA,NA,NA,NA,NA,NA,NA,NA,NA,NA,NA,NA,NA
2022,2123,5,230,59,1,14,70,4,16,NA,2,1,NA,0,2,2,2,2,NA,NA,NA,NA,5,NA,NA,NA,NA,NA,NA,NA,NA,NA,NA,NA,NA,NA,NA,NA,NA,NA,NA,NA,NA,NA,NA,NA,NA,NA
2022,2124,1,3060,80,3,20,NA,4,34,NA,2,3,26,26,1,1,2,1,2,1,1,1,5,NA,NA,NA,NA,NA,NA,NA,NA,NA,NA,NA,NA,NA,NA,NA,NA,NA,NA,NA,NA,NA,NA,NA,NA,NA
2022,2125,2,4020,33,5,14,36,1,NA,NA,1,1,22,7,1,1,3,3,NA,NA,NA,NA,5,1,2,1,2,2,2,2,1,1,2,2,2,1,4,4,1,4,4,4,2,2,4,4,4,2
2022,2126,5,2320,64,1,18,68,4,35,0,1,1,23,0,1,1,1,2,NA,NA,NA,NA,2,1,1,1,1,1,1,1,1,1,2,2,2,2,1,1,1,1,2,3,2,2,4,4,4,4
2022,2127,2,4220,24,1,12,64,1,NA,1,1,1,NA,NA,3,NA,2,2,NA,NA,NA,NA,2,1,2,1,1,2,2,2,2,1,2,2,2,2,1,2,1,4,4,4,2,2,4,4,4,4
2022,2128,1,120,53,5,16,57,3,9,NA,1,1,24,24,1,1,2,1,1,1,1,1,5,NA,NA,NA,NA,NA,NA,NA,NA,NA,NA,NA,NA,NA,NA,NA,NA,NA,NA,NA,NA,NA,NA,NA,NA,NA
2022,2129,5,430,39,3,18,79,4,18,NA,1,1,18,0,2,1,2,2,NA,NA,NA,NA,3,NA,NA,NA,NA,NA,NA,NA,NA,NA,NA,NA,NA,NA,NA,NA,NA,NA,NA,NA,NA,NA,NA,NA,NA,NA
2022,2130,5,7410,46,1,12,69,1,NA,NA,1,1,22,0,2,2,2,3,2,NA,2,1,2,NA,NA,NA,NA,NA,NA,NA,NA,NA,NA,NA,NA,NA,NA,NA,NA,NA,NA,NA,NA,NA,NA,NA,NA,NA
2022,2131,1,5165,37,3,14,66,2,68,NA,1,1,20,20,2,2,2,2,NA,NA,NA,NA,1,NA,NA,NA,NA,NA,NA,NA,NA,NA,NA,NA,NA,NA,NA,NA,NA,NA,NA,NA,NA,NA,NA,NA,NA,NA
2022,2132,5,800,60,1,16,72,3,1,NA,1,1,24,0,2,2,2,3,2,3,3,2,2,NA,NA,NA,NA,NA,NA,NA,NA,NA,NA,NA,NA,NA,NA,NA,NA,NA,NA,NA,NA,NA,NA,NA,NA,NA
2022,2133,6,NA,NA,5,13,19,1,NA,NA,1,1,19,NA,NA,NA,2,1,2,2,2,2,5,NA,NA,NA,NA,NA,NA,NA,NA,NA,NA,NA,NA,NA,NA,NA,NA,NA,NA,NA,NA,NA,NA,NA,NA,NA
2022,2134,1,20,50,1,16,52,1,NA,NA,1,1,22,22,2,NA,2,2,NA,NA,NA,NA,5,NA,NA,NA,NA,NA,NA,NA,NA,NA,NA,NA,NA,NA,NA,NA,NA,NA,NA,NA,NA,NA,NA,NA,NA,NA
2022,2135,1,9050,44,3,13,53,1,NA,NA,2,3,18,18,NA,NA,3,2,NA,NA,NA,NA,0,NA,NA,NA,NA,NA,NA,NA,NA,NA,NA,NA,NA,NA,NA,NA,NA,NA,NA,NA,NA,NA,NA,NA,NA,NA
2022,2136,1,3255,64,1,14,43,2,36,4,2,1,19,19,2,2,1,2,2,2,1,3,5,NA,NA,NA,NA,NA,NA,NA,NA,NA,NA,NA,NA,NA,NA,NA,NA,NA,NA,NA,NA,NA,NA,NA,NA,NA
2022,2137,1,NA,NA,3,20,54,4,20,NA,2,1,26,NA,1,1,1,1,NA,NA,NA,NA,5,NA,NA,NA,NA,NA,NA,NA,NA,NA,NA,NA,NA,NA,NA,NA,NA,NA,NA,NA,NA,NA,NA,NA,NA,NA
2022,2138,3,8800,24,1,13,35,1,NA,NA,1,1,25,17,NA,NA,1,2,NA,NA,NA,NA,5,NA,NA,NA,NA,NA,NA,NA,NA,NA,NA,NA,NA,NA,NA,NA,NA,NA,NA,NA,NA,NA,NA,NA,NA,NA
2022,2139,7,4600,35,5,14,56,1,NA,NA,2,1,NA,0,2,NA,1,2,NA,NA,NA,NA,5,NA,NA,NA,NA,NA,NA,NA,NA,NA,NA,NA,NA,NA,NA,NA,NA,NA,NA,NA,NA,NA,NA,NA,NA,NA
2022,2140,5,9130,35,1,13,77,1,NA,NA,1,1,NA,0,2,2,1,3,2,3,1,1,5,NA,NA,NA,NA,NA,NA,NA,NA,NA,NA,NA,NA,NA,NA,NA,NA,NA,NA,NA,NA,NA,NA,NA,NA,NA
2022,2141,8,1530,70,1,12,73,1,NA,2,1,1,20,3,2,2,2,1,NA,NA,NA,NA,6,2,2,2,NA,2,2,2,2,2,2,2,2,2,4,4,4,4,4,4,4,4,4,4,4,4
2022,2142,5,6730,41,1,11,71,1,NA,NA,1,1,19,16,NA,NA,2,2,3,2,3,2,5,NA,NA,NA,NA,NA,NA,NA,NA,NA,NA,NA,NA,NA,NA,NA,NA,NA,NA,NA,NA,NA,NA,NA,NA,NA
2022,2143,1,5120,45,1,16,68,3,16,NA,2,1,24,19,2,2,1,1,1,1,1,1,9,NA,NA,NA,NA,NA,NA,NA,NA,NA,NA,NA,NA,NA,NA,NA,NA,NA,NA,NA,NA,NA,NA,NA,NA,NA
2022,2144,1,205,46,1,16,69,1,NA,NA,1,1,14,14,2,2,2,3,NA,NA,NA,NA,5,NA,NA,NA,NA,NA,NA,NA,NA,NA,NA,NA,NA,NA,NA,NA,NA,NA,NA,NA,NA,NA,NA,NA,NA,NA
2022,2145,4,4230,25,5,10,34,0,NA,NA,2,1,16,4,NA,NA,3,3,NA,NA,NA,NA,5,2,1,2,1,1,1,2,1,2,1,1,1,2,3,3,4,2,1,4,2,2,2,2,3,4
2022,2146,1,9000,45,1,13,54,1,NA,4,1,2,24,24,1,1,1,2,3,1,1,1,5,2,2,1,1,2,2,2,1,NA,2,2,2,1,1,2,1,2,2,2,1,2,2,2,2,2
2022,2147,4,3255,64,5,15,30,2,36,NA,2,1,11,10,NA,NA,2,2,2,1,1,1,5,NA,NA,NA,NA,NA,NA,NA,NA,NA,NA,NA,NA,NA,NA,NA,NA,NA,NA,NA,NA,NA,NA,NA,NA,NA
2022,2148,2,4610,48,2,13,72,1,NA,3,2,1,11,11,2,2,3,2,1,2,1,1,2,NA,NA,NA,NA,NA,NA,NA,NA,NA,NA,NA,NA,NA,NA,NA,NA,NA,NA,NA,NA,NA,NA,NA,NA,NA
2022,2149,1,4760,31,5,13,32,1,NA,NA,2,1,7,7,NA,NA,1,1,2,1,1,3,5,NA,NA,NA,NA,NA,NA,NA,NA,NA,NA,NA,NA,NA,NA,NA,NA,NA,NA,NA,NA,NA,NA,NA,NA,NA
2022,2150,1,7700,50,1,12,33,1,NA,NA,1,1,24,20,2,2,1,1,NA,NA,NA,NA,5,NA,NA,NA,NA,NA,NA,NA,NA,NA,NA,NA,NA,NA,NA,NA,NA,NA,NA,NA,NA,NA,NA,NA,NA,NA
2022,2151,5,6040,33,1,10,66,0,NA,NA,2,2,NA,2,NA,NA,2,2,NA,NA,NA,NA,5,NA,NA,NA,NA,NA,NA,NA,NA,NA,NA,NA,NA,NA,NA,NA,NA,NA,NA,NA,NA,NA,NA,NA,NA,NA
2022,2152,2,6260,28,2,12,81,1,NA,NA,1,1,NA,NA,2,2,3,3,2,3,1,3,5,NA,NA,NA,NA,NA,NA,NA,NA,NA,NA,NA,NA,NA,NA,NA,NA,NA,NA,NA,NA,NA,NA,NA,NA,NA
2022,2153,1,4230,25,2,13,72,1,NA,2,2,1,14,9,2,2,2,3,NA,NA,NA,NA,2,NA,NA,NA,NA,NA,NA,NA,NA,NA,NA,NA,NA,NA,NA,NA,NA,NA,NA,NA,NA,NA,NA,NA,NA,NA
2022,2154,2,6355,49,1,12,45,1,NA,NA,1,1,19,15,2,2,1,2,NA,NA,NA,NA,5,NA,NA,NA,NA,NA,NA,NA,NA,NA,NA,NA,NA,NA,NA,NA,NA,NA,NA,NA,NA,NA,NA,NA,NA,NA
2022,2155,6,3255,64,1,14,42,1,NA,NA,2,3,21,19,NA,2,3,1,NA,NA,NA,NA,5,NA,NA,NA,NA,NA,NA,NA,NA,NA,NA,NA,NA,NA,NA,NA,NA,NA,NA,NA,NA,NA,NA,NA,NA,NA
2022,2156,7,NA,NA,1,12,34,1,NA,NA,2,1,21,0,2,2,2,2,NA,NA,NA,NA,5,NA,NA,NA,NA,NA,NA,NA,NA,NA,NA,NA,NA,NA,NA,NA,NA,NA,NA,NA,NA,NA,NA,NA,NA,NA
2022,2157,1,NA,NA,3,14,57,1,NA,NA,1,1,22,NA,2,2,2,3,2,1,1,1,5,NA,NA,NA,NA,NA,NA,NA,NA,NA,NA,NA,NA,NA,NA,NA,NA,NA,NA,NA,NA,NA,NA,NA,NA,NA
2022,2158,5,4050,21,3,14,68,2,19,NA,2,1,5,0,NA,NA,2,2,NA,NA,NA,NA,5,NA,NA,NA,NA,NA,NA,NA,NA,NA,NA,NA,NA,NA,NA,NA,NA,NA,NA,NA,NA,NA,NA,NA,NA,NA
2022,2159,1,5860,32,5,16,30,3,80,0,2,1,17,17,2,2,1,2,3,3,2,1,5,1,2,1,2,2,2,2,2,2,2,2,2,2,2,4,2,4,4,4,4,4,4,4,4,4
2022,2160,1,800,60,1,16,53,3,36,NA,2,1,26,26,2,2,2,1,NA,NA,NA,NA,5,NA,NA,NA,NA,NA,NA,NA,NA,NA,NA,NA,NA,NA,NA,NA,NA,NA,NA,NA,NA,NA,NA,NA,NA,NA
2022,2161,5,2310,61,1,16,NA,4,16,NA,2,NA,NA,0,NA,NA,3,3,2,2,1,1,2,NA,NA,NA,NA,NA,NA,NA,NA,NA,NA,NA,NA,NA,NA,NA,NA,NA,NA,NA,NA,NA,NA,NA,NA,NA
2022,2162,1,NA,NA,5,NA,NA,0,NA,NA,1,1,NA,NA,NA,NA,1,1,NA,NA,NA,NA,3,NA,NA,NA,NA,NA,NA,NA,NA,NA,NA,NA,NA,NA,NA,NA,NA,NA,NA,NA,NA,NA,NA,NA,NA,NA
2022,2163,5,725,49,1,12,69,0,NA,NA,2,2,19,1,1,1,2,2,2,2,1,1,5,NA,NA,NA,NA,NA,NA,NA,NA,NA,NA,NA,NA,NA,NA,NA,NA,NA,NA,NA,NA,NA,NA,NA,NA,NA
2022,2164,1,6820,40,5,13,19,1,NA,NA,1,1,NA,14,NA,NA,2,1,NA,NA,NA,NA,5,NA,NA,NA,NA,NA,NA,NA,NA,NA,NA,NA,NA,NA,NA,NA,NA,NA,NA,NA,NA,NA,NA,NA,NA,NA
2022,2165,5,2000,51,1,16,83,3,44,NA,1,1,21,0,1,1,1,3,NA,NA,NA,NA,5,NA,NA,NA,NA,NA,NA,NA,NA,NA,NA,NA,NA,NA,NA,NA,NA,NA,NA,NA,NA,NA,NA,NA,NA,NA
2022,2166,2,9130,35,1,13,81,1,NA,NA,1,1,21,7,2,2,1,2,NA,NA,NA,NA,5,NA,NA,NA,NA,NA,NA,NA,NA,NA,NA,NA,NA,NA,NA,NA,NA,NA,NA,NA,NA,NA,NA,NA,NA,NA
2022,2167,7,3255,64,2,16,74,3,36,NA,2,1,19,0,1,1,2,4,NA,NA,NA,NA,5,NA,NA,NA,NA,NA,NA,NA,NA,NA,NA,NA,NA,NA,NA,NA,NA,NA,NA,NA,NA,NA,NA,NA,NA,NA
2022,2168,1,1760,42,1,17,NA,3,11,NA,2,1,26,22,1,1,1,1,NA,NA,NA,NA,5,NA,NA,NA,NA,NA,NA,NA,NA,NA,NA,NA,NA,NA,NA,NA,NA,NA,NA,NA,NA,NA,NA,NA,NA,NA
2022,2169,5,4200,37,1,14,62,1,NA,NA,2,1,14,0,NA,NA,1,2,NA,NA,NA,NA,5,NA,NA,NA,NA,NA,NA,NA,NA,NA,NA,NA,NA,NA,NA,NA,NA,NA,NA,NA,NA,NA,NA,NA,NA,NA
2022,2170,1,410,41,1,16,41,3,9,0,1,1,19,19,1,1,3,1,1,1,1,2,5,2,2,2,NA,2,1,2,1,1,2,2,2,2,4,2,2,3,1,4,1,2,4,4,1,4
2022,2171,6,4150,33,5,13,19,1,NA,NA,1,1,26,NA,NA,NA,2,2,1,1,NA,1,5,NA,NA,NA,NA,NA,NA,NA,NA,NA,NA,NA,NA,NA,NA,NA,NA,NA,NA,NA,NA,NA,NA,NA,NA,NA
2022,2172,1,1820,71,5,20,31,4,42,0,2,1,23,20,1,1,1,2,NA,NA,NA,NA,5,1,1,1,2,1,1,2,1,2,2,2,1,2,1,1,1,2,2,4,3,4,4,4,2,4
2022,2173,6,NA,NA,5,13,20,1,NA,NA,1,1,NA,0,NA,1,3,1,NA,NA,NA,NA,5,NA,NA,NA,NA,NA,NA,NA,NA,NA,NA,NA,NA,NA,NA,NA,NA,NA,NA,NA,NA,NA,NA,NA,NA,NA
2022,2174,8,NA,NA,5,16,22,1,NA,0,1,2,NA,0,NA,1,2,3,1,1,2,2,0,2,2,1,2,2,1,2,1,1,2,1,2,2,4,4,3,4,3,4,4,2,4,3,4,4
2022,2175,4,1965,43,5,15,21,1,NA,0,2,1,NA,4,NA,NA,2,2,NA,NA,NA,NA,5,NA,NA,NA,NA,NA,NA,NA,NA,NA,NA,NA,NA,NA,NA,NA,NA,NA,NA,NA,NA,NA,NA,NA,NA,NA
2022,2176,2,4030,21,1,16,22,3,25,NA,2,1,8,2,NA,1,2,2,NA,NA,NA,NA,5,NA,NA,NA,NA,NA,NA,NA,NA,NA,NA,NA,NA,NA,NA,NA,NA,NA,NA,NA,NA,NA,NA,NA,NA,NA
2022,2177,1,2430,55,1,18,29,4,31,NA,1,1,21,17,1,1,2,2,NA,NA,NA,NA,5,2,1,1,1,2,1,1,2,1,2,2,2,1,3,3,3,4,1,2,1,1,2,2,2,1
2022,2178,6,4120,34,5,15,20,1,NA,NA,2,1,21,0,NA,1,3,2,3,1,1,2,5,NA,NA,NA,NA,NA,NA,NA,NA,NA,NA,NA,NA,NA,NA,NA,NA,NA,NA,NA,NA,NA,NA,NA,NA,NA
2022,2179,1,8740,39,1,13,66,1,NA,0,1,1,21,20,NA,NA,1,2,NA,NA,NA,NA,0,NA,NA,NA,NA,NA,NA,NA,NA,NA,NA,NA,NA,NA,NA,NA,NA,NA,NA,NA,NA,NA,NA,NA,NA,NA
2022,2180,7,6500,35,3,10,53,1,NA,NA,1,NA,15,0,1,NA,2,3,2,1,1,1,5,NA,NA,NA,NA,NA,NA,NA,NA,NA,NA,NA,NA,NA,NA,NA,NA,NA,NA,NA,NA,NA,NA,NA,NA,NA
2022,2181,8,7750,35,1,12,30,1,NA,NA,1,1,9,0,NA,NA,3,3,NA,NA,NA,NA,5,NA,NA,NA,NA,NA,NA,NA,NA,NA,NA,NA,NA,NA,NA,NA,NA,NA,NA,NA,NA,NA,NA,NA,NA,NA
2022,2182,8,4940,18,3,13,52,1,NA,NA,2,1,12,0,NA,NA,2,3,NA,NA,NA,NA,5,NA,NA,NA,NA,NA,NA,NA,NA,NA,NA,NA,NA,NA,NA,NA,NA,NA,NA,NA,NA,NA,NA,NA,NA,NA
2022,2183,6,4350,33,5,12,33,1,NA,NA,2,1,14,14,NA,NA,3,3,3,1,1,1,5,NA,NA,NA,NA,NA,NA,NA,NA,NA,NA,NA,NA,NA,NA,NA,NA,NA,NA,NA,NA,NA,NA,NA,NA,NA
2022,2184,1,3250,68,1,20,42,4,48,NA,2,1,NA,NA,1,1,2,3,NA,NA,NA,NA,5,NA,NA,NA,NA,NA,NA,NA,NA,NA,NA,NA,NA,NA,NA,NA,NA,NA,NA,NA,NA,NA,NA,NA,NA,NA
2022,2185,7,7150,40,2,8,80,0,NA,NA,1,1,9,0,2,2,3,3,NA,NA,NA,NA,5,NA,NA,NA,NA,NA,NA,NA,NA,NA,NA,NA,NA,NA,NA,NA,NA,NA,NA,NA,NA,NA,NA,NA,NA,NA
2022,2186,7,5860,32,NA,12,54,1,NA,NA,2,1,24,0,NA,1,2,2,NA,NA,NA,NA,5,NA,NA,NA,NA,NA,NA,NA,NA,NA,NA,NA,NA,NA,NA,NA,NA,NA,NA,NA,NA,NA,NA,NA,NA,NA
2022,2187,1,1550,50,1,15,56,1,NA,2,2,1,22,22,2,2,2,2,3,1,3,1,5,NA,NA,NA,NA,NA,NA,NA,NA,NA,NA,NA,NA,NA,NA,NA,NA,NA,NA,NA,NA,NA,NA,NA,NA,NA
2022,2188,1,1550,50,1,14,38,1,NA,4,1,1,18,18,2,2,1,2,3,3,2,1,5,1,2,1,2,1,2,2,1,1,2,2,1,2,2,2,2,2,2,2,2,2,2,2,2,2
2022,2189,5,2710,58,1,16,60,3,12,0,1,1,15,0,3,1,1,2,1,1,1,2,5,NA,NA,NA,NA,NA,NA,NA,NA,NA,NA,NA,NA,NA,NA,NA,NA,NA,NA,NA,NA,NA,NA,NA,NA,NA
2022,2190,5,7200,45,3,16,75,1,NA,NA,1,1,10,0,1,1,3,4,NA,NA,NA,NA,5,2,2,2,NA,2,2,2,2,1,2,2,1,2,4,4,4,4,4,4,2,2,4,4,4,2
2022,2191,1,1060,57,1,18,41,3,9,2,1,1,24,22,2,2,2,3,1,2,2,1,5,2,2,2,NA,2,2,2,2,1,2,2,2,2,2,2,2,4,2,4,2,2,4,4,4,4
2022,2192,1,3255,64,1,16,62,3,36,NA,2,1,21,18,2,2,2,2,1,2,2,1,5,NA,NA,NA,NA,NA,NA,NA,NA,NA,NA,NA,NA,NA,NA,NA,NA,NA,NA,NA,NA,NA,NA,NA,NA,NA
2022,2193,1,850,63,1,16,29,3,9,NA,2,1,24,22,2,2,1,2,2,3,1,1,5,1,1,1,1,2,1,2,1,1,2,2,2,1,1,1,1,2,3,3,3,3,3,3,3,3
2022,2194,5,3255,64,1,14,82,2,36,4,2,1,23,0,2,2,2,2,3,NA,2,1,5,NA,NA,NA,NA,NA,NA,NA,NA,NA,NA,NA,NA,NA,NA,NA,NA,NA,NA,NA,NA,NA,NA,NA,NA,NA
2022,2195,5,3255,64,1,15,76,2,36,NA,2,1,21,0,1,1,2,1,NA,NA,NA,NA,2,NA,NA,NA,NA,NA,NA,NA,NA,NA,NA,NA,NA,NA,NA,NA,NA,NA,NA,NA,NA,NA,NA,NA,NA,NA
2022,2196,4,8965,35,3,10,29,1,NA,1,1,NA,15,11,NA,NA,3,1,1,1,1,3,5,NA,NA,NA,NA,NA,NA,NA,NA,NA,NA,NA,NA,NA,NA,NA,NA,NA,NA,NA,NA,NA,NA,NA,NA,NA
2022,2197,1,8650,27,5,12,28,1,NA,NA,1,1,22,18,2,2,2,2,2,3,1,1,5,NA,NA,NA,NA,NA,NA,NA,NA,NA,NA,NA,NA,NA,NA,NA,NA,NA,NA,NA,NA,NA,NA,NA,NA,NA
2022,2198,2,5400,38,5,12,30,1,NA,1,2,1,20,8,NA,NA,1,1,3,2,2,1,5,1,2,1,1,2,1,1,1,1,1,NA,1,1,1,2,NA,2,1,1,1,NA,4,1,1,1
2022,2199,5,7750,35,1,12,75,1,NA,NA,1,1,15,0,NA,NA,2,3,NA,1,1,1,5,NA,NA,NA,NA,NA,NA,NA,NA,NA,NA,NA,NA,NA,NA,NA,NA,NA,NA,NA,NA,NA,NA,NA,NA,NA
2022,2200,5,2040,66,5,16,64,3,43,NA,1,1,9,0,2,2,3,2,NA,NA,NA,NA,5,NA,NA,NA,NA,NA,NA,NA,NA,NA,NA,NA,NA,NA,NA,NA,NA,NA,NA,NA,NA,NA,NA,NA,NA,NA
2022,2201,5,800,60,1,16,81,2,1,2,1,1,20,0,2,2,3,3,NA,NA,NA,NA,5,1,2,1,2,2,1,2,1,1,2,2,2,2,4,4,3,3,2,4,3,2,4,4,3,3
2022,2202,5,2310,61,5,16,63,3,16,NA,2,1,15,9,1,1,2,2,2,1,1,1,5,NA,NA,NA,NA,NA,NA,NA,NA,NA,NA,NA,NA,NA,NA,NA,NA,NA,NA,NA,NA,NA,NA,NA,NA,NA
2022,2203,1,NA,NA,1,18,39,3,53,NA,1,1,20,NA,2,2,1,1,NA,NA,NA,NA,2,NA,NA,NA,NA,NA,NA,NA,NA,NA,NA,NA,NA,NA,NA,NA,NA,NA,NA,NA,NA,NA,NA,NA,NA,NA
2022,2204,6,5860,32,5,14,39,2,9,4,2,2,17,0,1,NA,3,3,3,1,1,1,5,NA,NA,NA,NA,NA,NA,NA,NA,NA,NA,NA,NA,NA,NA,NA,NA,NA,NA,NA,NA,NA,NA,NA,NA,NA
2022,2205,1,9130,35,1,14,NA,2,62,1,1,2,18,18,1,1,2,1,NA,NA,NA,NA,5,NA,NA,NA,NA,NA,NA,NA,NA,NA,NA,NA,NA,NA,NA,NA,NA,NA,NA,NA,NA,NA,NA,NA,NA,NA
2022,2206,1,4610,48,5,12,19,1,NA,0,1,1,23,8,NA,NA,3,2,NA,NA,NA,NA,5,NA,NA,NA,NA,NA,NA,NA,NA,NA,NA,NA,NA,NA,NA,NA,NA,NA,NA,NA,NA,NA,NA,NA,NA,NA
2022,2207,4,4710,48,1,12,69,1,NA,NA,1,2,21,18,NA,1,2,3,NA,NA,NA,NA,5,NA,NA,NA,NA,NA,NA,NA,NA,NA,NA,NA,NA,NA,NA,NA,NA,NA,NA,NA,NA,NA,NA,NA,NA,NA
2022,2208,5,3600,48,2,12,73,1,NA,3,2,2,8,0,1,1,2,3,NA,NA,1,1,5,NA,NA,NA,NA,NA,NA,NA,NA,NA,NA,NA,NA,NA,NA,NA,NA,NA,NA,NA,NA,NA,NA,NA,NA,NA
2022,2209,2,5510,29,5,12,20,1,NA,NA,1,1,NA,15,NA,NA,2,1,1,1,2,2,5,NA,NA,NA,NA,NA,NA,NA,NA,NA,NA,NA,NA,NA,NA,NA,NA,NA,NA,NA,NA,NA,NA,NA,NA,NA
2022,2210,1,4110,31,3,12,45,1,NA,3,2,1,15,15,NA,NA,2,3,NA,NA,NA,NA,5,2,2,2,NA,2,2,2,2,1,2,2,2,2,2,2,2,4,4,4,4,2,4,4,4,4
2022,2211,7,NA,NA,1,9,38,0,NA,NA,2,1,17,0,2,2,3,3,NA,1,1,1,5,NA,NA,NA,NA,NA,NA,NA,NA,NA,NA,NA,NA,NA,NA,NA,NA,NA,NA,NA,NA,NA,NA,NA,NA,NA
2022,2212,7,5700,47,1,12,78,1,NA,NA,2,1,19,0,2,2,1,2,NA,NA,NA,NA,5,NA,NA,NA,NA,NA,NA,NA,NA,NA,NA,NA,NA,NA,NA,NA,NA,NA,NA,NA,NA,NA,NA,NA,NA,NA
2022,2213,1,NA,NA,1,18,NA,4,NA,NA,2,NA,NA,NA,NA,NA,1,2,3,3,3,1,5,NA,NA,NA,NA,NA,NA,NA,NA,NA,NA,NA,NA,NA,NA,NA,NA,NA,NA,NA,NA,NA,NA,NA,NA,NA
2022,2214,1,9830,62,1,NA,29,0,NA,NA,1,1,NA,NA,2,2,1,1,NA,NA,NA,NA,4,NA,NA,NA,NA,NA,NA,NA,NA,NA,NA,NA,NA,NA,NA,NA,NA,NA,NA,NA,NA,NA,NA,NA,NA,NA
2022,2215,1,5700,47,3,14,62,2,1,NA,2,1,19,19,2,2,2,2,NA,NA,NA,NA,5,NA,NA,NA,NA,NA,NA,NA,NA,NA,NA,NA,NA,NA,NA,NA,NA,NA,NA,NA,NA,NA,NA,NA,NA,NA
2022,2216,1,2320,64,1,16,44,3,33,2,2,1,22,19,2,2,2,2,3,3,3,1,5,NA,NA,NA,NA,NA,NA,NA,NA,NA,NA,NA,NA,NA,NA,NA,NA,NA,NA,NA,NA,NA,NA,NA,NA,NA
2022,2217,5,4620,35,1,17,67,4,16,NA,2,1,20,0,2,2,1,2,2,3,3,1,4,NA,NA,NA,NA,NA,NA,NA,NA,NA,NA,NA,NA,NA,NA,NA,NA,NA,NA,NA,NA,NA,NA,NA,NA,NA
2022,2218,1,2310,61,1,17,58,3,16,NA,2,1,20,20,2,2,2,3,NA,NA,NA,NA,7,NA,NA,NA,NA,NA,NA,NA,NA,NA,NA,NA,NA,NA,NA,NA,NA,NA,NA,NA,NA,NA,NA,NA,NA,NA
2022,2219,5,9130,35,2,12,70,0,NA,NA,1,2,14,0,1,1,2,2,NA,NA,NA,NA,5,NA,NA,NA,NA,NA,NA,NA,NA,NA,NA,NA,NA,NA,NA,NA,NA,NA,NA,NA,NA,NA,NA,NA,NA,NA
2022,2220,1,5700,47,1,12,51,1,NA,NA,2,1,23,13,2,2,1,2,NA,NA,NA,NA,5,NA,NA,NA,NA,NA,NA,NA,NA,NA,NA,NA,NA,NA,NA,NA,NA,NA,NA,NA,NA,NA,NA,NA,NA,NA
2022,2221,8,3535,52,1,18,61,3,8,NA,2,1,26,0,NA,NA,1,1,NA,NA,NA,NA,0,NA,NA,NA,NA,NA,NA,NA,NA,NA,NA,NA,NA,NA,NA,NA,NA,NA,NA,NA,NA,NA,NA,NA,NA,NA
2022,2222,1,1020,60,1,16,40,3,14,2,1,1,25,23,3,2,1,1,NA,NA,NA,NA,5,NA,NA,NA,NA,NA,NA,NA,NA,NA,NA,NA,NA,NA,NA,NA,NA,NA,NA,NA,NA,NA,NA,NA,NA,NA
2022,2223,2,8965,35,5,13,19,1,NA,0,2,1,9,9,NA,NA,2,2,NA,NA,NA,NA,5,NA,NA,NA,NA,NA,NA,NA,NA,NA,NA,NA,NA,NA,NA,NA,NA,NA,NA,NA,NA,NA,NA,NA,NA,NA
2022,2224,1,2010,54,5,16,38,3,9,NA,2,1,18,18,NA,NA,2,2,NA,NA,NA,NA,5,NA,NA,NA,NA,NA,NA,NA,NA,NA,NA,NA,NA,NA,NA,NA,NA,NA,NA,NA,NA,NA,NA,NA,NA,NA
2022,2225,2,6200,49,1,12,71,1,NA,NA,1,1,20,NA,1,1,2,1,2,1,1,1,1,NA,NA,NA,NA,NA,NA,NA,NA,NA,NA,NA,NA,NA,NA,NA,NA,NA,NA,NA,NA,NA,NA,NA,NA,NA
2022,2226,1,4810,47,1,17,38,3,9,NA,1,1,26,26,2,2,2,2,3,3,2,1,5,NA,NA,NA,NA,NA,NA,NA,NA,NA,NA,NA,NA,NA,NA,NA,NA,NA,NA,NA,NA,NA,NA,NA,NA,NA
2022,2227,8,4250,37,5,10,55,0,NA,NA,1,1,NA,0,NA,NA,1,2,NA,NA,NA,NA,5,NA,NA,NA,NA,NA,NA,NA,NA,NA,NA,NA,NA,NA,NA,NA,NA,NA,NA,NA,NA,NA,NA,NA,NA,NA
2022,2228,1,205,46,1,14,44,2,29,NA,2,1,20,8,2,2,1,3,3,3,3,1,5,NA,NA,NA,NA,NA,NA,NA,NA,NA,NA,NA,NA,NA,NA,NA,NA,NA,NA,NA,NA,NA,NA,NA,NA,NA
2022,2229,1,7315,45,1,11,41,1,NA,NA,1,1,19,19,2,2,2,2,NA,NA,NA,NA,5,NA,NA,NA,NA,NA,NA,NA,NA,NA,NA,NA,NA,NA,NA,NA,NA,NA,NA,NA,NA,NA,NA,NA,NA,NA
2022,2230,1,4250,37,5,12,23,1,NA,NA,1,2,19,16,NA,NA,1,3,NA,NA,NA,NA,5,NA,NA,NA,NA,NA,NA,NA,NA,NA,NA,NA,NA,NA,NA,NA,NA,NA,NA,NA,NA,NA,NA,NA,NA,NA
2022,2231,1,7750,35,5,12,25,1,NA,NA,1,1,14,14,NA,NA,2,2,2,1,1,1,5,NA,NA,NA,NA,NA,NA,NA,NA,NA,NA,NA,NA,NA,NA,NA,NA,NA,NA,NA,NA,NA,NA,NA,NA,NA
2022,2232,1,430,39,5,12,47,1,NA,NA,2,1,17,17,NA,NA,2,2,2,1,1,1,5,NA,NA,NA,NA,NA,NA,NA,NA,NA,NA,NA,NA,NA,NA,NA,NA,NA,NA,NA,NA,NA,NA,NA,NA,NA
2022,2233,8,3600,48,3,12,64,1,NA,4,2,1,9,0,2,2,2,3,3,3,1,1,5,NA,NA,NA,NA,NA,NA,NA,NA,NA,NA,NA,NA,NA,NA,NA,NA,NA,NA,NA,NA,NA,NA,NA,NA,NA
2022,2234,8,7855,34,1,13,44,1,NA,1,2,1,14,0,2,2,2,3,2,1,1,2,5,2,2,2,NA,2,2,2,1,1,2,2,2,1,2,4,3,4,3,4,1,2,4,4,4,3
2022,2235,8,NA,NA,1,12,NA,1,NA,NA,NA,1,NA,0,2,2,2,2,NA,NA,NA,NA,5,NA,NA,NA,NA,NA,NA,NA,NA,NA,NA,NA,NA,NA,NA,NA,NA,NA,NA,NA,NA,NA,NA,NA,NA,NA
2022,2236,5,1020,60,5,12,68,1,NA,0,2,2,21,0,1,1,1,2,3,1,1,1,5,NA,NA,NA,NA,NA,NA,NA,NA,NA,NA,NA,NA,NA,NA,NA,NA,NA,NA,NA,NA,NA,NA,NA,NA,NA
2022,2237,2,4510,36,1,12,78,1,NA,0,2,1,NA,0,2,2,1,2,NA,NA,NA,NA,5,NA,NA,NA,NA,NA,NA,NA,NA,NA,NA,NA,NA,NA,NA,NA,NA,NA,NA,NA,NA,NA,NA,NA,NA,NA
2022,2238,2,4350,33,3,12,27,1,NA,NA,2,1,NA,0,NA,NA,2,3,1,1,1,1,5,NA,NA,NA,NA,NA,NA,NA,NA,NA,NA,NA,NA,NA,NA,NA,NA,NA,NA,NA,NA,NA,NA,NA,NA,NA
2022,2239,NA,NA,NA,NA,13,NA,1,NA,NA,2,NA,16,NA,NA,NA,2,2,2,2,1,1,0,NA,NA,NA,NA,NA,NA,NA,NA,NA,NA,NA,NA,NA,NA,NA,NA,NA,NA,NA,NA,NA,NA,NA,NA,NA
2022,2240,6,5860,32,5,14,62,2,51,NA,NA,1,NA,NA,NA,NA,2,2,NA,NA,NA,NA,1,NA,NA,NA,NA,NA,NA,NA,NA,NA,NA,NA,NA,NA,NA,NA,NA,NA,NA,NA,NA,NA,NA,NA,NA,NA
2022,2241,1,NA,NA,5,NA,20,0,NA,NA,2,1,16,13,NA,NA,1,3,1,1,1,1,5,NA,NA,NA,NA,NA,NA,NA,NA,NA,NA,NA,NA,NA,NA,NA,NA,NA,NA,NA,NA,NA,NA,NA,NA,NA
2022,2242,5,5940,17,3,12,72,1,NA,NA,2,1,NA,0,2,2,2,2,3,NA,1,1,5,NA,NA,NA,NA,NA,NA,NA,NA,NA,NA,NA,NA,NA,NA,NA,NA,NA,NA,NA,NA,NA,NA,NA,NA,NA
2022,2243,4,5860,32,5,16,48,3,43,NA,2,2,12,0,1,1,2,1,NA,NA,NA,NA,5,NA,NA,NA,NA,NA,NA,NA,NA,NA,NA,NA,NA,NA,NA,NA,NA,NA,NA,NA,NA,NA,NA,NA,NA,NA
2022,2244,1,5610,35,5,14,63,1,NA,NA,1,2,14,13,1,1,2,2,NA,NA,NA,NA,5,NA,NA,NA,NA,NA,NA,NA,NA,NA,NA,NA,NA,NA,NA,NA,NA,NA,NA,NA,NA,NA,NA,NA,NA,NA
2022,2245,2,2010,54,5,20,65,4,82,2,2,2,NA,0,1,1,3,2,NA,NA,NA,NA,5,NA,NA,NA,NA,NA,NA,NA,NA,NA,NA,NA,NA,NA,NA,NA,NA,NA,NA,NA,NA,NA,NA,NA,NA,NA
2022,2246,5,4720,28,2,12,68,1,NA,NA,2,2,9,0,1,1,3,3,2,2,2,1,5,NA,NA,NA,NA,NA,NA,NA,NA,NA,NA,NA,NA,NA,NA,NA,NA,NA,NA,NA,NA,NA,NA,NA,NA,NA
2022,2247,1,2010,54,5,16,64,3,47,NA,2,2,14,14,NA,1,3,2,NA,NA,NA,NA,5,2,2,2,NA,1,1,2,2,1,2,2,2,2,4,4,4,4,4,4,4,4,4,4,4,4
2022,2248,1,5240,31,5,15,21,1,NA,NA,2,3,24,10,NA,1,1,1,2,2,1,NA,5,NA,NA,NA,NA,NA,NA,NA,NA,NA,NA,NA,NA,NA,NA,NA,NA,NA,NA,NA,NA,NA,NA,NA,NA,NA
2022,2249,7,4020,33,5,12,42,1,NA,NA,1,2,1,0,1,1,2,3,2,1,1,1,5,NA,NA,NA,NA,NA,NA,NA,NA,NA,NA,NA,NA,NA,NA,NA,NA,NA,NA,NA,NA,NA,NA,NA,NA,NA
2022,2250,1,350,64,1,14,51,1,NA,NA,1,3,26,22,NA,NA,2,2,NA,NA,NA,NA,5,1,2,2,1,2,2,2,1,1,2,2,2,1,1,2,2,2,2,2,2,2,2,2,2,2
2022,2251,1,2340,38,5,12,30,1,NA,NA,1,1,22,22,2,2,2,1,NA,NA,NA,NA,5,NA,NA,NA,NA,NA,NA,NA,NA,NA,NA,NA,NA,NA,NA,NA,NA,NA,NA,NA,NA,NA,NA,NA,NA,NA
2022,2252,8,6440,43,1,11,55,0,NA,3,1,1,13,0,2,2,3,4,2,3,1,3,5,2,2,2,NA,2,2,2,2,2,2,2,2,2,4,4,4,4,4,4,4,4,4,4,4,4
2022,2253,6,NA,NA,5,15,22,1,NA,NA,1,2,NA,0,NA,1,2,1,NA,NA,NA,NA,5,NA,NA,NA,NA,NA,NA,NA,NA,NA,NA,NA,NA,NA,NA,NA,NA,NA,NA,NA,NA,NA,NA,NA,NA,NA
2022,2254,5,4020,33,4,12,61,1,NA,NA,1,2,11,0,NA,NA,3,2,NA,NA,NA,NA,5,NA,NA,NA,NA,NA,NA,NA,NA,NA,NA,NA,NA,NA,NA,NA,NA,NA,NA,NA,NA,NA,NA,NA,NA,NA
2022,2255,1,4230,25,5,12,35,1,NA,NA,2,2,2,1,1,1,1,2,2,2,2,2,5,NA,NA,NA,NA,NA,NA,NA,NA,NA,NA,NA,NA,NA,NA,NA,NA,NA,NA,NA,NA,NA,NA,NA,NA,NA
2022,2256,4,4020,33,3,10,49,0,NA,NA,2,1,1,0,NA,NA,3,4,NA,NA,NA,NA,5,NA,NA,NA,NA,NA,NA,NA,NA,NA,NA,NA,NA,NA,NA,NA,NA,NA,NA,NA,NA,NA,NA,NA,NA,NA
2022,2257,5,9130,35,1,14,65,1,NA,NA,1,1,18,0,2,2,3,3,NA,NA,NA,NA,6,NA,NA,NA,NA,NA,NA,NA,NA,NA,NA,NA,NA,NA,NA,NA,NA,NA,NA,NA,NA,NA,NA,NA,NA,NA
2022,2258,1,NA,NA,5,16,27,3,9,NA,1,1,NA,18,NA,NA,3,2,2,1,1,1,5,NA,NA,NA,NA,NA,NA,NA,NA,NA,NA,NA,NA,NA,NA,NA,NA,NA,NA,NA,NA,NA,NA,NA,NA,NA
2022,2259,1,4965,31,2,14,61,4,61,NA,2,2,17,17,NA,NA,3,2,NA,NA,NA,NA,5,NA,NA,NA,NA,NA,NA,NA,NA,NA,NA,NA,NA,NA,NA,NA,NA,NA,NA,NA,NA,NA,NA,NA,NA,NA
2022,2260,2,5240,31,2,15,65,1,NA,NA,2,1,12,8,2,2,2,3,NA,NA,NA,NA,9,NA,NA,NA,NA,NA,NA,NA,NA,NA,NA,NA,NA,NA,NA,NA,NA,NA,NA,NA,NA,NA,NA,NA,NA,NA
2022,2261,5,7740,34,1,12,67,1,NA,3,1,1,18,1,1,1,2,2,2,1,1,1,2,NA,NA,NA,NA,NA,NA,NA,NA,NA,NA,NA,NA,NA,NA,NA,NA,NA,NA,NA,NA,NA,NA,NA,NA,NA
2022,2262,1,4700,38,3,17,42,3,9,NA,2,NA,20,20,NA,NA,3,1,NA,NA,NA,NA,5,NA,NA,NA,NA,NA,NA,NA,NA,NA,NA,NA,NA,NA,NA,NA,NA,NA,NA,NA,NA,NA,NA,NA,NA,NA
2022,2263,2,4720,28,1,14,65,2,29,1,2,1,19,19,2,2,2,2,2,2,1,1,1,NA,NA,NA,NA,NA,NA,NA,NA,NA,NA,NA,NA,NA,NA,NA,NA,NA,NA,NA,NA,NA,NA,NA,NA,NA
2022,2264,5,4600,35,1,15,65,2,57,NA,2,1,21,0,2,2,3,2,NA,NA,NA,NA,2,NA,NA,NA,NA,NA,NA,NA,NA,NA,NA,NA,NA,NA,NA,NA,NA,NA,NA,NA,NA,NA,NA,NA,NA,NA
2022,2265,5,4110,31,1,12,75,1,NA,2,2,1,20,0,2,2,1,3,NA,NA,NA,NA,4,2,2,2,NA,2,2,2,2,2,2,2,2,2,4,4,4,4,4,4,4,4,4,NA,4,4
2022,2266,5,5700,47,5,12,65,1,NA,NA,2,1,20,0,1,1,2,2,3,1,1,1,2,NA,NA,NA,NA,NA,NA,NA,NA,NA,NA,NA,NA,NA,NA,NA,NA,NA,NA,NA,NA,NA,NA,NA,NA,NA
2022,2267,4,4720,28,5,14,24,1,NA,1,2,2,NA,NA,NA,NA,2,2,NA,NA,NA,NA,5,NA,NA,NA,NA,NA,NA,NA,NA,NA,NA,NA,NA,NA,NA,NA,NA,NA,NA,NA,NA,NA,NA,NA,NA,NA
2022,2268,5,7720,27,3,13,75,0,NA,NA,2,3,1,0,1,1,2,4,3,1,1,1,9,NA,NA,NA,NA,NA,NA,NA,NA,NA,NA,NA,NA,NA,NA,NA,NA,NA,NA,NA,NA,NA,NA,NA,NA,NA
2022,2269,5,7750,35,3,8,75,0,NA,NA,2,1,1,0,NA,1,3,3,NA,NA,NA,NA,9,1,NA,2,1,NA,NA,1,1,1,1,1,NA,1,2,2,3,3,4,3,1,3,4,3,4,4
2022,2270,5,4010,38,2,12,63,1,NA,NA,2,2,NA,0,1,1,1,2,3,2,1,1,5,NA,NA,NA,NA,NA,NA,NA,NA,NA,NA,NA,NA,NA,NA,NA,NA,NA,NA,NA,NA,NA,NA,NA,NA,NA
2022,2271,1,NA,NA,5,13,44,1,NA,NA,2,2,15,NA,NA,NA,2,1,NA,NA,NA,NA,5,NA,NA,NA,NA,NA,NA,NA,NA,NA,NA,NA,NA,NA,NA,NA,NA,NA,NA,NA,NA,NA,NA,NA,NA,NA
2022,2272,5,9120,35,4,14,68,1,NA,4,1,2,13,0,1,1,1,3,NA,NA,NA,NA,5,NA,NA,NA,NA,NA,NA,NA,NA,NA,NA,NA,NA,NA,NA,NA,NA,NA,NA,NA,NA,NA,NA,NA,NA,NA
2022,2273,5,2340,38,1,16,83,3,51,NA,1,2,15,0,1,1,1,2,NA,NA,NA,NA,5,NA,NA,NA,NA,NA,NA,NA,NA,NA,NA,NA,NA,NA,NA,NA,NA,NA,NA,NA,NA,NA,NA,NA,NA,NA
2022,2274,1,NA,NA,4,10,NA,0,NA,NA,2,1,NA,NA,NA,NA,2,2,3,1,2,1,0,NA,NA,NA,NA,NA,NA,NA,NA,NA,NA,NA,NA,NA,NA,NA,NA,NA,NA,NA,NA,NA,NA,NA,NA,NA
2022,2275,1,630,47,5,15,29,1,NA,NA,2,2,14,14,1,1,2,2,NA,NA,NA,NA,5,NA,NA,NA,NA,NA,NA,NA,NA,NA,NA,NA,NA,NA,NA,NA,NA,NA,NA,NA,NA,NA,NA,NA,NA,NA
2022,2276,5,3850,60,1,13,78,1,NA,NA,1,1,NA,0,2,2,3,4,1,3,1,1,3,NA,NA,NA,NA,NA,NA,NA,NA,NA,NA,NA,NA,NA,NA,NA,NA,NA,NA,NA,NA,NA,NA,NA,NA,NA
2022,2277,5,5240,31,1,16,72,3,40,NA,2,1,18,0,2,2,2,1,2,3,3,1,3,2,2,2,NA,2,1,2,2,2,2,2,2,2,4,4,4,4,2,4,4,4,4,4,4,4
2022,2278,5,4610,48,1,12,68,1,NA,2,2,1,21,0,2,2,1,3,2,3,2,1,2,1,2,1,2,2,1,2,1,1,2,2,1,2,2,4,1,4,2,4,1,1,NA,4,4,1
2022,2279,2,4610,48,2,11,62,1,NA,3,2,1,15,9,NA,NA,3,3,NA,NA,NA,NA,2,NA,NA,NA,NA,NA,NA,NA,NA,NA,NA,NA,NA,NA,NA,NA,NA,NA,NA,NA,NA,NA,NA,NA,NA,NA
2022,2280,5,8620,39,3,14,69,1,NA,NA,1,1,21,0,2,2,3,2,NA,NA,NA,NA,2,NA,NA,NA,NA,NA,NA,NA,NA,NA,NA,NA,NA,NA,NA,NA,NA,NA,NA,NA,NA,NA,NA,NA,NA,NA
2022,2281,1,50,53,5,12,24,1,NA,NA,2,1,17,0,3,2,2,2,NA,NA,NA,NA,8,NA,NA,NA,NA,NA,NA,NA,NA,NA,NA,NA,NA,NA,NA,NA,NA,NA,NA,NA,NA,NA,NA,NA,NA,NA
2022,2282,1,7140,56,1,14,44,2,68,3,1,1,19,19,2,2,2,2,NA,NA,NA,NA,4,2,2,2,NA,2,2,2,2,1,2,2,2,2,4,4,4,4,4,4,4,2,4,4,4,4
2022,2283,1,20,50,1,12,34,1,NA,NA,1,1,22,20,NA,NA,1,1,2,1,1,1,6,NA,NA,NA,NA,NA,NA,NA,NA,NA,NA,NA,NA,NA,NA,NA,NA,NA,NA,NA,NA,NA,NA,NA,NA,NA
2022,2284,2,4810,47,1,14,66,1,NA,NA,1,1,24,22,2,2,2,3,NA,NA,NA,NA,0,NA,NA,NA,NA,NA,NA,NA,NA,NA,NA,NA,NA,NA,NA,NA,NA,NA,NA,NA,NA,NA,NA,NA,NA,NA
2022,2285,1,8810,32,1,14,59,1,NA,NA,1,2,20,19,2,2,2,2,NA,NA,NA,NA,5,NA,NA,NA,NA,NA,NA,NA,NA,NA,NA,NA,NA,NA,NA,NA,NA,NA,NA,NA,NA,NA,NA,NA,NA,NA
2022,2286,6,2910,48,5,12,20,1,NA,NA,1,1,19,9,NA,NA,2,1,3,1,2,1,5,NA,NA,NA,NA,NA,NA,NA,NA,NA,NA,NA,NA,NA,NA,NA,NA,NA,NA,NA,NA,NA,NA,NA,NA,NA
2022,2287,1,4700,38,5,16,38,3,9,NA,2,1,21,19,2,2,3,3,1,1,2,1,5,NA,NA,NA,NA,NA,NA,NA,NA,NA,NA,NA,NA,NA,NA,NA,NA,NA,NA,NA,NA,NA,NA,NA,NA,NA
2022,2288,1,710,51,3,16,52,3,9,2,2,2,20,20,1,1,2,1,NA,NA,NA,NA,6,NA,NA,NA,NA,NA,NA,NA,NA,NA,NA,NA,NA,NA,NA,NA,NA,NA,NA,NA,NA,NA,NA,NA,NA,NA
2022,2289,4,4920,49,1,14,37,1,NA,NA,1,1,25,20,NA,NA,2,2,2,1,1,2,5,NA,NA,NA,NA,NA,NA,NA,NA,NA,NA,NA,NA,NA,NA,NA,NA,NA,NA,NA,NA,NA,NA,NA,NA,NA
2022,2290,5,5120,45,3,12,75,1,NA,NA,2,1,NA,0,2,2,2,4,2,3,3,1,5,NA,NA,NA,NA,NA,NA,NA,NA,NA,NA,NA,NA,NA,NA,NA,NA,NA,NA,NA,NA,NA,NA,NA,NA,NA
2022,2291,5,8255,36,3,14,70,1,NA,1,1,1,20,0,1,1,2,2,2,1,1,1,5,2,2,2,NA,2,2,2,1,1,2,1,2,2,4,4,4,4,3,4,3,3,4,4,4,4
2022,2292,1,9130,35,1,15,59,2,9,NA,1,3,26,20,1,1,2,1,3,1,1,1,5,NA,NA,NA,NA,NA,NA,NA,NA,NA,NA,NA,NA,NA,NA,NA,NA,NA,NA,NA,NA,NA,NA,NA,NA,NA
2022,2293,1,3255,64,3,14,59,2,51,NA,2,1,19,19,2,2,2,2,NA,NA,NA,NA,5,NA,NA,NA,NA,NA,NA,NA,NA,NA,NA,NA,NA,NA,NA,NA,NA,NA,NA,NA,NA,NA,NA,NA,NA,NA
2022,2294,1,9130,35,5,12,35,1,NA,NA,1,2,18,18,NA,NA,2,3,NA,NA,NA,NA,5,NA,NA,NA,NA,NA,NA,NA,NA,NA,NA,NA,NA,NA,NA,NA,NA,NA,NA,NA,NA,NA,NA,NA,NA,NA
2022,2295,5,NA,NA,1,12,68,1,NA,NA,2,1,6,NA,NA,NA,1,2,2,2,3,2,0,NA,NA,NA,NA,NA,NA,NA,NA,NA,NA,NA,NA,NA,NA,NA,NA,NA,NA,NA,NA,NA,NA,NA,NA,NA
2022,2296,7,4700,38,3,14,35,2,55,2,2,1,18,10,NA,NA,1,1,2,2,1,1,5,2,2,2,NA,1,1,2,1,2,2,2,1,2,4,4,3,3,2,4,2,3,2,2,2,2
2022,2297,5,3255,64,1,14,68,2,36,NA,2,1,18,0,3,2,2,2,1,1,1,1,5,NA,NA,NA,NA,NA,NA,NA,NA,NA,NA,NA,NA,NA,NA,NA,NA,NA,NA,NA,NA,NA,NA,NA,NA,NA
2022,2298,5,8000,28,1,12,80,1,NA,2,1,1,17,0,NA,2,2,1,1,2,1,1,1,NA,NA,NA,NA,NA,NA,NA,NA,NA,NA,NA,NA,NA,NA,NA,NA,NA,NA,NA,NA,NA,NA,NA,NA,NA
2022,2299,5,4700,38,1,16,74,3,9,NA,1,1,18,0,2,2,2,2,NA,NA,NA,NA,2,NA,NA,NA,NA,NA,NA,NA,NA,NA,NA,NA,NA,NA,NA,NA,NA,NA,NA,NA,NA,NA,NA,NA,NA,NA
2022,2300,5,2000,51,3,16,74,4,57,0,2,1,17,0,1,1,2,2,2,1,2,1,5,2,2,2,NA,2,1,2,2,1,2,2,2,2,2,2,2,4,1,2,2,2,2,2,2,4
2022,2301,5,6260,28,2,14,53,2,72,2,1,2,9,0,NA,NA,1,2,3,1,1,1,5,2,2,2,NA,1,1,1,2,1,1,1,2,2,3,3,4,3,2,3,1,1,1,1,4,4
2022,2302,6,230,59,1,14,33,2,55,NA,2,2,18,14,NA,1,2,2,3,1,1,1,5,NA,NA,NA,NA,NA,NA,NA,NA,NA,NA,NA,NA,NA,NA,NA,NA,NA,NA,NA,NA,NA,NA,NA,NA,NA
2022,2303,1,NA,NA,4,13,38,1,NA,NA,2,2,17,17,NA,NA,2,3,3,1,1,3,5,NA,NA,NA,NA,NA,NA,NA,NA,NA,NA,NA,NA,NA,NA,NA,NA,NA,NA,NA,NA,NA,NA,NA,NA,NA
2022,2304,2,9620,25,1,14,70,1,NA,2,1,1,NA,NA,2,2,3,2,NA,NA,NA,NA,5,NA,NA,NA,NA,NA,NA,NA,NA,NA,NA,NA,NA,NA,NA,NA,NA,NA,NA,NA,NA,NA,NA,NA,NA,NA
2022,2305,7,4760,31,5,12,25,1,NA,3,2,1,19,5,NA,NA,1,1,3,1,2,3,5,NA,NA,NA,NA,NA,NA,NA,NA,NA,NA,NA,NA,NA,NA,NA,NA,NA,NA,NA,NA,NA,NA,NA,NA,NA
2022,2306,8,9620,25,4,14,48,2,9,NA,2,1,19,0,2,1,2,2,3,3,1,1,6,NA,NA,NA,NA,NA,NA,NA,NA,NA,NA,NA,NA,NA,NA,NA,NA,NA,NA,NA,NA,NA,NA,NA,NA,NA
2022,2307,1,9640,22,5,16,21,3,51,NA,1,2,12,12,NA,NA,3,1,3,2,1,1,3,NA,NA,NA,NA,NA,NA,NA,NA,NA,NA,NA,NA,NA,NA,NA,NA,NA,NA,NA,NA,NA,NA,NA,NA,NA
2022,2308,3,5840,38,3,12,44,1,NA,NA,2,2,17,17,NA,NA,2,2,NA,1,1,1,5,NA,NA,NA,NA,NA,NA,NA,NA,NA,NA,NA,NA,NA,NA,NA,NA,NA,NA,NA,NA,NA,NA,NA,NA,NA
2022,2309,1,3540,53,4,20,44,4,36,NA,2,2,13,13,NA,NA,3,2,2,2,2,1,5,NA,NA,NA,NA,NA,NA,NA,NA,NA,NA,NA,NA,NA,NA,NA,NA,NA,NA,NA,NA,NA,NA,NA,NA,NA
2022,2310,8,4020,33,1,11,43,0,NA,NA,1,3,18,0,1,NA,1,4,3,1,1,1,2,NA,NA,NA,NA,NA,NA,NA,NA,NA,NA,NA,NA,NA,NA,NA,NA,NA,NA,NA,NA,NA,NA,NA,NA,NA
2022,2311,3,4020,33,5,13,26,1,NA,NA,1,1,15,0,NA,NA,3,3,NA,NA,NA,NA,5,NA,NA,NA,NA,NA,NA,NA,NA,NA,NA,NA,NA,NA,NA,NA,NA,NA,NA,NA,NA,NA,NA,NA,NA,NA
2022,2312,2,8320,32,4,13,59,1,NA,NA,2,2,NA,0,NA,1,2,2,2,1,1,1,2,NA,NA,NA,NA,NA,NA,NA,NA,NA,NA,NA,NA,NA,NA,NA,NA,NA,NA,NA,NA,NA,NA,NA,NA,NA
2022,2313,5,810,55,2,16,70,4,9,1,2,2,13,0,1,1,2,3,NA,NA,NA,NA,5,NA,NA,NA,NA,NA,NA,NA,NA,NA,NA,NA,NA,NA,NA,NA,NA,NA,NA,NA,NA,NA,NA,NA,NA,NA
2022,2314,2,2060,31,1,17,32,3,47,2,2,1,20,12,2,2,2,1,NA,NA,NA,NA,3,NA,NA,NA,NA,NA,NA,NA,NA,NA,NA,NA,NA,NA,NA,NA,NA,NA,NA,NA,NA,NA,NA,NA,NA,NA
2022,2315,8,3060,80,5,20,63,4,34,0,1,1,20,0,2,2,2,2,2,3,1,1,1,NA,NA,NA,NA,NA,NA,NA,NA,NA,NA,NA,NA,NA,NA,NA,NA,NA,NA,NA,NA,NA,NA,NA,NA,NA
2022,2316,1,340,42,4,14,33,1,NA,0,2,1,17,17,1,1,3,3,3,1,1,2,5,NA,NA,NA,NA,NA,NA,NA,NA,NA,NA,NA,NA,NA,NA,NA,NA,NA,NA,NA,NA,NA,NA,NA,NA,NA
2022,2317,5,9230,45,2,14,68,1,NA,3,1,2,8,0,1,1,2,2,2,1,2,1,5,1,1,2,2,2,2,1,2,1,2,2,2,2,3,3,3,4,4,3,4,2,3,4,4,4
2022,2318,5,8965,35,4,11,77,0,NA,NA,1,2,1,0,NA,NA,3,3,NA,NA,NA,NA,5,1,2,1,1,1,1,1,1,1,2,1,1,2,3,4,3,3,4,4,3,2,4,4,4,2
2022,2319,5,50,53,2,16,71,3,28,NA,2,1,13,0,2,2,3,2,3,1,1,1,9,NA,NA,NA,NA,NA,NA,NA,NA,NA,NA,NA,NA,NA,NA,NA,NA,NA,NA,NA,NA,NA,NA,NA,NA,NA
2022,2320,5,NA,NA,3,12,77,0,NA,NA,1,2,8,NA,1,1,1,3,NA,NA,NA,NA,5,NA,NA,NA,NA,NA,NA,NA,NA,NA,NA,NA,NA,NA,NA,NA,NA,NA,NA,NA,NA,NA,NA,NA,NA,NA
2022,2321,1,1560,34,5,16,25,4,14,0,2,1,22,18,NA,1,2,1,NA,NA,NA,NA,7,1,2,1,1,1,1,2,2,2,2,2,2,2,1,2,1,2,2,4,4,4,4,4,4,4
2022,2322,1,5620,25,5,12,26,1,NA,0,1,2,18,16,3,1,2,2,1,1,2,1,5,NA,NA,NA,NA,NA,NA,NA,NA,NA,NA,NA,NA,NA,NA,NA,NA,NA,NA,NA,NA,NA,NA,NA,NA,NA
2022,2323,4,NA,NA,5,13,35,1,NA,NA,2,2,17,NA,NA,NA,3,3,1,1,1,1,5,NA,NA,NA,NA,NA,NA,NA,NA,NA,NA,NA,NA,NA,NA,NA,NA,NA,NA,NA,NA,NA,NA,NA,NA,NA
2022,2324,4,630,47,5,16,28,3,43,0,2,1,26,19,1,1,2,2,2,1,1,2,5,NA,NA,NA,NA,NA,NA,NA,NA,NA,NA,NA,NA,NA,NA,NA,NA,NA,NA,NA,NA,NA,NA,NA,NA,NA
2022,2325,5,6515,36,5,12,52,1,NA,0,1,2,11,0,NA,NA,1,3,3,2,1,1,5,NA,NA,NA,NA,NA,NA,NA,NA,NA,NA,NA,NA,NA,NA,NA,NA,NA,NA,NA,NA,NA,NA,NA,NA,NA
2022,2326,1,9600,35,5,12,38,1,NA,NA,1,2,21,19,1,NA,2,3,2,1,2,1,5,NA,NA,NA,NA,NA,NA,NA,NA,NA,NA,NA,NA,NA,NA,NA,NA,NA,NA,NA,NA,NA,NA,NA,NA,NA
2022,2327,1,4020,33,3,13,56,0,NA,NA,2,3,17,17,2,NA,1,2,NA,NA,NA,NA,5,NA,NA,NA,NA,NA,NA,NA,NA,NA,NA,NA,NA,NA,NA,NA,NA,NA,NA,NA,NA,NA,NA,NA,NA,NA
2022,2328,1,9620,25,4,10,NA,0,NA,NA,1,1,4,NA,2,2,3,3,3,1,1,1,5,NA,NA,NA,NA,NA,NA,NA,NA,NA,NA,NA,NA,NA,NA,NA,NA,NA,NA,NA,NA,NA,NA,NA,NA,NA
2022,2329,1,1050,48,5,13,28,1,NA,1,2,2,14,0,1,1,2,3,1,1,1,1,6,NA,NA,NA,NA,NA,NA,NA,NA,NA,NA,NA,NA,NA,NA,NA,NA,NA,NA,NA,NA,NA,NA,NA,NA,NA
2022,2330,1,7855,34,5,12,36,1,NA,2,2,1,9,9,NA,NA,2,3,1,2,1,1,1,NA,NA,NA,NA,NA,NA,NA,NA,NA,NA,NA,NA,NA,NA,NA,NA,NA,NA,NA,NA,NA,NA,NA,NA,NA
2022,2331,1,8965,35,1,12,55,1,NA,NA,1,2,17,9,NA,1,2,2,NA,NA,NA,NA,5,NA,NA,NA,NA,NA,NA,NA,NA,NA,NA,NA,NA,NA,NA,NA,NA,NA,NA,NA,NA,NA,NA,NA,NA,NA
2022,2332,2,5510,29,5,16,40,3,38,1,2,2,6,0,NA,NA,3,1,3,2,1,2,0,NA,NA,NA,NA,NA,NA,NA,NA,NA,NA,NA,NA,NA,NA,NA,NA,NA,NA,NA,NA,NA,NA,NA,NA,NA
2022,2333,7,2840,55,2,18,67,4,9,0,2,2,19,19,1,1,2,2,2,1,1,1,1,2,2,2,NA,2,2,2,2,2,2,2,2,2,2,2,2,2,2,2,2,2,2,2,2,2
2022,2334,1,4250,37,1,6,35,0,NA,0,1,3,NA,NA,NA,NA,3,4,3,1,1,1,0,2,2,1,2,2,1,2,2,1,2,2,2,2,4,4,2,4,2,4,4,4,4,4,4,4
2022,2335,5,1020,60,5,16,65,3,14,0,1,1,15,15,1,1,2,3,NA,NA,NA,NA,5,NA,NA,NA,NA,NA,NA,NA,NA,NA,NA,NA,NA,NA,NA,NA,NA,NA,NA,NA,NA,NA,NA,NA,NA,NA
2022,2336,6,4700,38,5,16,27,3,14,NA,1,3,NA,0,1,2,2,2,NA,NA,NA,NA,2,NA,NA,NA,NA,NA,NA,NA,NA,NA,NA,NA,NA,NA,NA,NA,NA,NA,NA,NA,NA,NA,NA,NA,NA,NA
2022,2337,1,4760,31,5,16,43,3,80,0,1,1,21,20,NA,1,1,1,1,1,1,1,5,NA,NA,NA,NA,NA,NA,NA,NA,NA,NA,NA,NA,NA,NA,NA,NA,NA,NA,NA,NA,NA,NA,NA,NA,NA
2022,2338,4,4760,31,5,15,25,1,NA,NA,1,2,NA,9,NA,1,3,2,NA,NA,NA,NA,5,NA,NA,NA,NA,NA,NA,NA,NA,NA,NA,NA,NA,NA,NA,NA,NA,NA,NA,NA,NA,NA,NA,NA,NA,NA
2022,2339,1,6520,35,1,9,38,1,NA,1,1,1,23,18,NA,NA,2,2,NA,NA,NA,NA,5,NA,NA,NA,NA,NA,NA,NA,NA,NA,NA,NA,NA,NA,NA,NA,NA,NA,NA,NA,NA,NA,NA,NA,NA,NA
2022,2340,5,5860,32,1,12,71,1,NA,0,2,1,22,0,1,1,1,1,2,2,1,1,2,NA,NA,NA,NA,NA,NA,NA,NA,NA,NA,NA,NA,NA,NA,NA,NA,NA,NA,NA,NA,NA,NA,NA,NA,NA
2022,2341,5,2000,51,1,20,68,4,82,NA,2,NA,26,NA,NA,NA,1,2,NA,NA,NA,NA,5,NA,NA,NA,NA,NA,NA,NA,NA,NA,NA,NA,NA,NA,NA,NA,NA,NA,NA,NA,NA,NA,NA,NA,NA,NA
2022,2342,1,4710,48,3,15,37,1,NA,4,2,2,21,21,NA,1,2,2,NA,NA,NA,NA,5,2,2,2,NA,2,2,2,2,2,2,1,2,1,2,1,2,1,2,1,2,1,2,1,3,2
2022,2343,7,3600,48,5,12,31,1,NA,2,2,1,20,0,2,2,2,4,3,1,1,1,5,NA,NA,NA,NA,NA,NA,NA,NA,NA,NA,NA,NA,NA,NA,NA,NA,NA,NA,NA,NA,NA,NA,NA,NA,NA
2022,2344,5,NA,NA,3,18,65,4,16,NA,2,2,24,NA,3,1,1,2,NA,NA,NA,NA,5,NA,NA,NA,NA,NA,NA,NA,NA,NA,NA,NA,NA,NA,NA,NA,NA,NA,NA,NA,NA,NA,NA,NA,NA,NA
2022,2345,1,5860,32,5,12,55,1,NA,NA,1,1,21,0,2,2,2,3,NA,NA,NA,NA,5,NA,NA,NA,NA,NA,NA,NA,NA,NA,NA,NA,NA,NA,NA,NA,NA,NA,NA,NA,NA,NA,NA,NA,NA,NA
2022,2346,1,850,63,5,16,38,3,20,NA,1,1,20,20,1,1,3,2,1,1,2,2,2,NA,NA,NA,NA,NA,NA,NA,NA,NA,NA,NA,NA,NA,NA,NA,NA,NA,NA,NA,NA,NA,NA,NA,NA,NA
2022,2347,1,5350,33,1,10,48,1,NA,NA,2,2,23,20,1,1,1,2,NA,NA,NA,NA,5,NA,NA,NA,NA,NA,NA,NA,NA,NA,NA,NA,NA,NA,NA,NA,NA,NA,NA,NA,NA,NA,NA,NA,NA,NA
2022,2348,1,860,43,5,12,27,1,NA,1,2,2,18,18,NA,NA,3,2,NA,NA,NA,NA,5,NA,NA,NA,NA,NA,NA,NA,NA,NA,NA,NA,NA,NA,NA,NA,NA,NA,NA,NA,NA,NA,NA,NA,NA,NA
2022,2349,4,7240,34,5,13,48,1,NA,NA,1,1,19,0,2,2,2,4,1,3,2,1,4,NA,NA,NA,NA,NA,NA,NA,NA,NA,NA,NA,NA,NA,NA,NA,NA,NA,NA,NA,NA,NA,NA,NA,NA,NA
2022,2350,5,1560,34,3,15,69,1,NA,NA,1,1,20,20,2,1,2,3,NA,NA,NA,NA,4,2,1,2,2,2,1,1,2,2,2,2,2,2,4,2,4,4,2,2,4,4,4,4,4,4
2022,2351,4,NA,NA,5,14,28,1,NA,0,2,1,NA,NA,NA,NA,2,2,NA,NA,NA,NA,5,1,1,1,1,1,1,1,2,1,2,2,2,2,2,2,2,2,2,2,2,2,2,2,2,2
2022,2352,8,5400,38,3,12,66,1,NA,2,2,1,11,0,1,NA,3,4,NA,NA,NA,NA,5,NA,NA,NA,NA,NA,NA,NA,NA,NA,NA,NA,NA,NA,NA,NA,NA,NA,NA,NA,NA,NA,NA,NA,NA,NA
2022,2353,5,120,53,2,12,82,1,NA,3,2,1,11,0,2,2,3,2,NA,NA,NA,NA,5,NA,NA,NA,NA,NA,NA,NA,NA,NA,NA,NA,NA,NA,NA,NA,NA,NA,NA,NA,NA,NA,NA,NA,NA,NA
2022,2354,5,4810,47,2,18,82,4,17,0,1,1,19,0,2,2,2,2,2,2,2,2,5,1,1,2,1,1,1,1,2,2,2,2,2,2,1,1,4,2,2,1,4,4,4,4,4,4
2022,2355,1,6260,28,4,16,38,3,9,NA,1,1,25,25,1,1,2,1,2,2,1,2,5,NA,NA,NA,NA,NA,NA,NA,NA,NA,NA,NA,NA,NA,NA,NA,NA,NA,NA,NA,NA,NA,NA,NA,NA,NA
2022,2356,1,120,53,1,16,65,3,9,NA,2,2,25,22,1,1,1,1,NA,NA,NA,NA,5,NA,NA,NA,NA,NA,NA,NA,NA,NA,NA,NA,NA,NA,NA,NA,NA,NA,NA,NA,NA,NA,NA,NA,NA,NA
2022,2357,1,700,51,1,17,39,3,59,3,1,1,24,24,2,2,3,2,3,1,2,1,5,2,2,2,NA,2,2,2,2,1,2,2,2,1,4,4,4,4,4,4,4,2,4,4,2,2
2022,2358,1,5330,49,5,14,34,2,51,NA,2,2,16,11,NA,NA,2,3,NA,NA,NA,NA,5,NA,NA,NA,NA,NA,NA,NA,NA,NA,NA,NA,NA,NA,NA,NA,NA,NA,NA,NA,NA,NA,NA,NA,NA,NA
2022,2359,1,5600,40,3,14,42,1,NA,NA,2,2,19,18,1,1,3,1,NA,NA,NA,NA,2,NA,NA,NA,NA,NA,NA,NA,NA,NA,NA,NA,NA,NA,NA,NA,NA,NA,NA,NA,NA,NA,NA,NA,NA,NA
2022,2360,1,5240,31,5,15,54,2,57,NA,2,2,20,20,1,1,2,1,NA,NA,NA,NA,2,NA,NA,NA,NA,NA,NA,NA,NA,NA,NA,NA,NA,NA,NA,NA,NA,NA,NA,NA,NA,NA,NA,NA,NA,NA
2022,2361,7,4760,31,1,14,39,1,NA,NA,2,1,17,0,NA,1,3,3,NA,NA,NA,NA,0,1,2,1,2,2,1,2,2,1,2,1,1,1,1,4,1,1,1,1,1,1,3,2,1,1
2022,2362,1,6710,26,5,12,30,0,NA,0,1,1,8,4,NA,NA,3,2,NA,NA,NA,NA,0,NA,NA,NA,NA,NA,NA,NA,NA,NA,NA,NA,NA,NA,NA,NA,NA,NA,NA,NA,NA,NA,NA,NA,NA,NA
2022,2363,1,NA,NA,2,13,NA,1,NA,NA,2,1,16,NA,2,2,3,2,NA,NA,NA,NA,5,NA,NA,NA,NA,NA,NA,NA,NA,NA,NA,NA,NA,NA,NA,NA,NA,NA,NA,NA,NA,NA,NA,NA,NA,NA
2022,2364,1,2310,61,3,17,53,3,70,NA,2,1,19,18,2,2,3,2,1,1,2,1,5,NA,NA,NA,NA,NA,NA,NA,NA,NA,NA,NA,NA,NA,NA,NA,NA,NA,NA,NA,NA,NA,NA,NA,NA,NA
2022,2365,7,4720,28,1,12,35,0,NA,7,2,1,17,5,NA,NA,3,2,3,2,1,3,5,2,2,2,NA,2,2,2,2,1,2,2,2,2,3,3,2,4,2,3,1,1,1,1,4,2
2022,2366,5,1530,70,2,14,75,1,NA,NA,1,1,20,0,NA,NA,3,2,3,1,1,1,2,NA,NA,NA,NA,NA,NA,NA,NA,NA,NA,NA,NA,NA,NA,NA,NA,NA,NA,NA,NA,NA,NA,NA,NA,NA
2022,2367,1,5420,43,3,13,47,1,NA,NA,2,1,17,17,NA,NA,3,3,3,2,1,1,5,NA,NA,NA,NA,NA,NA,NA,NA,NA,NA,NA,NA,NA,NA,NA,NA,NA,NA,NA,NA,NA,NA,NA,NA,NA
2022,2368,1,2310,61,1,16,50,3,16,NA,2,1,21,18,2,2,1,2,NA,NA,NA,NA,5,1,2,1,2,2,1,2,2,2,2,1,2,2,2,4,2,4,2,4,4,2,2,2,4,4
2022,2369,8,6355,49,5,17,56,2,72,2,1,2,20,16,1,1,2,3,NA,NA,NA,NA,5,2,2,2,NA,2,2,2,2,2,2,2,2,2,4,4,4,4,4,4,4,4,4,4,4,4
2022,2370,5,740,33,1,16,64,3,44,NA,2,2,19,0,1,1,3,3,3,1,1,1,5,NA,NA,NA,NA,NA,NA,NA,NA,NA,NA,NA,NA,NA,NA,NA,NA,NA,NA,NA,NA,NA,NA,NA,NA,NA
2022,2371,5,2310,61,3,18,74,4,59,4,2,1,9,0,2,2,2,3,2,1,1,1,4,NA,NA,NA,NA,NA,NA,NA,NA,NA,NA,NA,NA,NA,NA,NA,NA,NA,NA,NA,NA,NA,NA,NA,NA,NA
2022,2372,5,5560,38,1,12,66,1,NA,0,2,1,20,0,1,1,1,2,2,1,1,1,5,NA,NA,NA,NA,NA,NA,NA,NA,NA,NA,NA,NA,NA,NA,NA,NA,NA,NA,NA,NA,NA,NA,NA,NA,NA
2022,2373,5,5860,32,5,12,66,1,NA,NA,2,1,15,0,1,1,2,2,NA,NA,NA,NA,5,NA,NA,NA,NA,NA,NA,NA,NA,NA,NA,NA,NA,NA,NA,NA,NA,NA,NA,NA,NA,NA,NA,NA,NA,NA
2022,2374,1,5240,31,5,16,42,3,1,NA,2,2,17,17,1,1,2,2,NA,NA,NA,NA,5,NA,NA,NA,NA,NA,NA,NA,NA,NA,NA,NA,NA,NA,NA,NA,NA,NA,NA,NA,NA,NA,NA,NA,NA,NA
2022,2375,1,2310,61,5,16,47,3,16,NA,2,3,19,19,NA,1,3,1,3,1,1,1,0,NA,NA,NA,NA,NA,NA,NA,NA,NA,NA,NA,NA,NA,NA,NA,NA,NA,NA,NA,NA,NA,NA,NA,NA,NA
2022,2376,1,1550,50,1,12,63,1,NA,NA,1,1,NA,NA,NA,NA,1,2,NA,NA,NA,NA,3,NA,NA,NA,NA,NA,NA,NA,NA,NA,NA,NA,NA,NA,NA,NA,NA,NA,NA,NA,NA,NA,NA,NA,NA,NA
2022,2377,1,4040,32,3,14,28,1,NA,NA,2,3,13,13,NA,NA,3,3,2,2,1,2,9,NA,NA,NA,NA,NA,NA,NA,NA,NA,NA,NA,NA,NA,NA,NA,NA,NA,NA,NA,NA,NA,NA,NA,NA,NA
2022,2378,1,5330,49,3,8,53,0,NA,4,2,2,25,19,1,1,1,2,NA,NA,NA,NA,8,2,2,2,NA,2,2,2,2,2,2,2,2,2,4,4,4,4,3,4,4,4,4,4,4,4
2022,2379,5,7020,38,3,14,69,1,NA,NA,1,2,17,0,2,1,3,4,3,1,1,NA,3,NA,NA,NA,NA,NA,NA,NA,NA,NA,NA,NA,NA,NA,NA,NA,NA,NA,NA,NA,NA,NA,NA,NA,NA,NA
2022,2380,1,NA,NA,1,16,NA,3,NA,NA,2,1,22,20,NA,NA,2,2,NA,NA,NA,NA,5,NA,NA,NA,NA,NA,NA,NA,NA,NA,NA,NA,NA,NA,NA,NA,NA,NA,NA,NA,NA,NA,NA,NA,NA,NA
2022,2381,1,5510,29,3,18,58,4,9,NA,1,3,19,17,NA,NA,3,2,NA,NA,NA,NA,0,NA,NA,NA,NA,NA,NA,NA,NA,NA,NA,NA,NA,NA,NA,NA,NA,NA,NA,NA,NA,NA,NA,NA,NA,NA
2022,2382,6,NA,NA,5,12,19,0,NA,0,2,1,NA,0,NA,NA,1,1,NA,NA,NA,NA,0,NA,NA,NA,NA,NA,NA,NA,NA,NA,NA,NA,NA,NA,NA,NA,NA,NA,NA,NA,NA,NA,NA,NA,NA,NA
2022,2383,5,4700,38,1,13,69,1,NA,2,1,1,24,0,2,2,2,1,2,3,2,2,4,1,2,1,1,1,2,2,2,1,2,2,1,2,1,4,1,2,4,4,2,4,4,4,2,4
2022,2384,2,4620,35,1,16,43,3,9,NA,2,1,26,2,2,2,2,1,NA,NA,NA,NA,5,NA,NA,NA,NA,NA,NA,NA,NA,NA,NA,NA,NA,NA,NA,NA,NA,NA,NA,NA,NA,NA,NA,NA,NA,NA
2022,2385,5,7000,43,1,12,71,1,NA,2,2,1,NA,0,1,1,1,2,2,1,1,1,5,1,2,1,2,2,1,2,2,1,2,2,1,2,2,2,2,4,2,4,4,2,4,2,4,4
2022,2386,1,430,39,1,16,52,3,12,4,1,1,NA,NA,4,1,2,3,1,1,1,3,5,1,1,1,1,2,1,1,1,1,2,2,2,1,1,1,1,1,2,1,1,1,4,4,4,2
2022,2387,2,3255,64,1,19,49,3,40,3,2,1,23,18,2,2,2,1,2,1,1,1,1,1,1,1,1,1,1,2,2,1,2,2,1,2,1,1,1,3,2,2,NA,NA,4,NA,1,4
2022,2388,5,230,59,1,19,65,4,16,2,2,1,25,0,1,1,1,1,NA,NA,NA,NA,9,1,2,1,2,2,1,2,2,2,2,2,2,2,1,4,1,4,2,4,4,4,4,4,4,4
2022,2389,1,1020,60,1,16,48,3,44,NA,1,1,26,26,1,1,3,1,NA,NA,NA,NA,1,1,1,1,2,1,1,2,2,1,2,2,2,2,1,1,1,1,2,4,4,2,4,4,4,4
2022,2390,5,4110,31,1,16,73,3,9,NA,1,1,15,0,2,2,2,2,NA,NA,NA,NA,1,NA,NA,NA,NA,NA,NA,NA,NA,NA,NA,NA,NA,NA,NA,NA,NA,NA,NA,NA,NA,NA,NA,NA,NA,NA
2022,2391,5,430,39,1,19,56,4,20,2,1,1,26,26,1,1,2,1,1,1,1,1,2,1,2,1,1,2,1,2,2,1,2,2,2,2,1,4,1,4,2,4,4,2,4,4,4,4
2022,2392,5,120,53,1,16,71,3,18,3,1,1,25,0,2,NA,2,3,2,2,1,1,1,NA,NA,NA,NA,NA,NA,NA,NA,NA,NA,NA,NA,NA,NA,NA,NA,NA,NA,NA,NA,NA,NA,NA,NA,NA
2022,2393,1,3060,80,1,4,47,0,NA,NA,1,3,26,26,NA,NA,2,3,1,1,1,1,5,NA,NA,NA,NA,NA,NA,NA,NA,NA,NA,NA,NA,NA,NA,NA,NA,NA,NA,NA,NA,NA,NA,NA,NA,NA
2022,2394,1,10,72,1,16,41,3,12,NA,1,1,26,26,1,1,1,1,2,1,1,2,7,NA,NA,NA,NA,NA,NA,NA,NA,NA,NA,NA,NA,NA,NA,NA,NA,NA,NA,NA,NA,NA,NA,NA,NA,NA
2022,2395,8,4250,37,4,7,44,0,NA,NA,1,1,NA,0,NA,NA,1,3,NA,NA,NA,NA,0,NA,NA,NA,NA,NA,NA,NA,NA,NA,NA,NA,NA,NA,NA,NA,NA,NA,NA,NA,NA,NA,NA,NA,NA,NA
2022,2396,4,3420,55,3,14,59,2,19,NA,2,1,16,15,1,1,2,2,NA,NA,NA,NA,2,NA,NA,NA,NA,NA,NA,NA,NA,NA,NA,NA,NA,NA,NA,NA,NA,NA,NA,NA,NA,NA,NA,NA,NA,NA
2022,2397,1,3500,69,3,14,41,2,36,NA,2,1,NA,NA,2,2,2,2,NA,NA,NA,NA,5,NA,NA,NA,NA,NA,NA,NA,NA,NA,NA,NA,NA,NA,NA,NA,NA,NA,NA,NA,NA,NA,NA,NA,NA,NA
2022,2398,1,4850,45,1,14,NA,1,NA,NA,1,1,26,26,2,2,2,2,1,3,3,1,6,NA,NA,NA,NA,NA,NA,NA,NA,NA,NA,NA,NA,NA,NA,NA,NA,NA,NA,NA,NA,NA,NA,NA,NA,NA
2022,2399,1,4250,37,1,4,NA,0,NA,NA,1,3,NA,NA,NA,NA,2,2,NA,NA,NA,NA,0,NA,NA,NA,NA,NA,NA,NA,NA,NA,NA,NA,NA,NA,NA,NA,NA,NA,NA,NA,NA,NA,NA,NA,NA,NA
2022,2400,1,9510,47,3,12,58,1,NA,NA,1,1,22,21,NA,NA,3,2,2,1,3,1,5,NA,NA,NA,NA,NA,NA,NA,NA,NA,NA,NA,NA,NA,NA,NA,NA,NA,NA,NA,NA,NA,NA,NA,NA,NA
2022,2401,5,3600,48,2,11,71,1,NA,NA,2,1,9,2,NA,NA,2,2,NA,NA,NA,NA,5,NA,NA,NA,NA,NA,NA,NA,NA,NA,NA,NA,NA,NA,NA,NA,NA,NA,NA,NA,NA,NA,NA,NA,NA,NA
2022,2402,5,2016,44,1,16,71,3,19,3,2,1,2,0,1,1,3,2,2,1,1,1,2,NA,NA,NA,NA,NA,NA,NA,NA,NA,NA,NA,NA,NA,NA,NA,NA,NA,NA,NA,NA,NA,NA,NA,NA,NA
2022,2403,3,120,53,3,16,64,3,9,NA,2,1,13,0,2,2,2,4,NA,NA,NA,NA,2,NA,NA,NA,NA,NA,NA,NA,NA,NA,NA,NA,NA,NA,NA,NA,NA,NA,NA,NA,NA,NA,NA,NA,NA,NA
2022,2404,1,3255,64,1,16,61,4,36,NA,2,1,21,21,NA,1,2,2,NA,NA,NA,NA,5,NA,NA,NA,NA,NA,NA,NA,NA,NA,NA,NA,NA,NA,NA,NA,NA,NA,NA,NA,NA,NA,NA,NA,NA,NA
2022,2405,1,4210,36,3,14,59,1,NA,2,2,1,21,17,2,2,3,1,3,2,2,1,5,NA,NA,NA,NA,NA,NA,NA,NA,NA,NA,NA,NA,NA,NA,NA,NA,NA,NA,NA,NA,NA,NA,NA,NA,NA
2022,2406,5,3910,50,5,16,77,3,43,0,1,1,18,0,3,3,2,1,2,2,3,2,2,NA,NA,NA,NA,NA,NA,NA,NA,NA,NA,NA,NA,NA,NA,NA,NA,NA,NA,NA,NA,NA,NA,NA,NA,NA
2022,2407,5,430,39,3,16,NA,3,9,NA,1,1,NA,25,2,2,2,1,NA,NA,NA,NA,2,NA,NA,NA,NA,NA,NA,NA,NA,NA,NA,NA,NA,NA,NA,NA,NA,NA,NA,NA,NA,NA,NA,NA,NA,NA
2022,2408,5,5020,31,2,12,89,1,NA,NA,2,1,16,9,2,2,1,3,NA,2,1,1,2,NA,NA,NA,NA,NA,NA,NA,NA,NA,NA,NA,NA,NA,NA,NA,NA,NA,NA,NA,NA,NA,NA,NA,NA,NA
2022,2409,6,5620,25,5,15,22,1,NA,NA,1,1,21,0,NA,2,2,2,2,1,1,1,5,NA,NA,NA,NA,NA,NA,NA,NA,NA,NA,NA,NA,NA,NA,NA,NA,NA,NA,NA,NA,NA,NA,NA,NA,NA
2022,2410,5,NA,NA,3,16,76,4,NA,NA,2,2,15,0,NA,NA,2,2,1,2,3,2,5,NA,NA,NA,NA,NA,NA,NA,NA,NA,NA,NA,NA,NA,NA,NA,NA,NA,NA,NA,NA,NA,NA,NA,NA,NA
2022,2411,1,5550,45,1,16,30,3,9,NA,1,1,19,17,NA,1,3,3,NA,NA,NA,NA,5,NA,NA,NA,NA,NA,NA,NA,NA,NA,NA,NA,NA,NA,NA,NA,NA,NA,NA,NA,NA,NA,NA,NA,NA,NA
2022,2412,6,3500,69,1,13,24,1,NA,NA,2,2,13,0,NA,1,1,1,NA,NA,NA,NA,5,NA,NA,NA,NA,NA,NA,NA,NA,NA,NA,NA,NA,NA,NA,NA,NA,NA,NA,NA,NA,NA,NA,NA,NA,NA
2022,2413,3,630,47,3,20,52,4,9,NA,2,2,19,0,1,1,2,3,NA,NA,NA,NA,0,NA,NA,NA,NA,NA,NA,NA,NA,NA,NA,NA,NA,NA,NA,NA,NA,NA,NA,NA,NA,NA,NA,NA,NA,NA
2022,2414,5,4230,25,5,13,70,1,NA,NA,2,2,12,0,1,1,1,2,NA,NA,NA,NA,0,NA,NA,NA,NA,NA,NA,NA,NA,NA,NA,NA,NA,NA,NA,NA,NA,NA,NA,NA,NA,NA,NA,NA,NA,NA
2022,2415,1,NA,NA,5,13,31,1,NA,NA,2,2,NA,NA,1,NA,2,2,NA,NA,NA,NA,5,NA,NA,NA,NA,NA,NA,NA,NA,NA,NA,NA,NA,NA,NA,NA,NA,NA,NA,NA,NA,NA,NA,NA,NA,NA
2022,2416,1,6230,44,1,9,44,0,NA,NA,1,1,18,18,NA,NA,1,1,1,1,1,1,0,NA,NA,NA,NA,NA,NA,NA,NA,NA,NA,NA,NA,NA,NA,NA,NA,NA,NA,NA,NA,NA,NA,NA,NA,NA
2022,2417,1,5300,30,3,12,70,1,NA,NA,2,1,15,15,2,4,2,3,NA,NA,NA,NA,2,NA,NA,NA,NA,NA,NA,NA,NA,NA,NA,NA,NA,NA,NA,NA,NA,NA,NA,NA,NA,NA,NA,NA,NA,NA
2022,2418,5,NA,NA,1,12,NA,1,NA,NA,NA,3,NA,NA,NA,NA,2,2,NA,NA,NA,NA,0,NA,NA,NA,NA,NA,NA,NA,NA,NA,NA,NA,NA,NA,NA,NA,NA,NA,NA,NA,NA,NA,NA,NA,NA,NA
2022,2419,2,5510,29,1,12,NA,1,NA,NA,2,2,18,0,NA,NA,2,1,NA,NA,NA,NA,0,NA,NA,NA,NA,NA,NA,NA,NA,NA,NA,NA,NA,NA,NA,NA,NA,NA,NA,NA,NA,NA,NA,NA,NA,NA
2022,2420,1,9130,35,1,12,28,1,NA,NA,1,1,NA,NA,NA,NA,1,1,NA,NA,NA,NA,5,NA,NA,NA,NA,NA,NA,NA,NA,NA,NA,NA,NA,NA,NA,NA,NA,NA,NA,NA,NA,NA,NA,NA,NA,NA
2022,2421,1,9130,35,3,14,44,1,NA,NA,1,2,1,0,NA,NA,2,2,NA,2,2,1,5,NA,NA,NA,NA,NA,NA,NA,NA,NA,NA,NA,NA,NA,NA,NA,NA,NA,NA,NA,NA,NA,NA,NA,NA,NA
2022,2422,5,5600,40,1,13,70,1,NA,NA,2,1,23,0,1,1,2,2,2,1,1,1,5,2,1,1,1,2,1,1,2,2,2,2,2,2,2,2,1,4,1,2,4,4,4,4,4,4
2022,2423,1,5120,45,5,16,40,3,9,0,2,1,19,19,NA,1,2,1,NA,NA,NA,NA,5,NA,NA,NA,NA,NA,NA,NA,NA,NA,NA,NA,NA,NA,NA,NA,NA,NA,NA,NA,NA,NA,NA,NA,NA,NA
2022,2424,1,5165,37,3,16,56,3,1,NA,2,1,23,23,2,2,1,1,NA,NA,NA,NA,8,NA,NA,NA,NA,NA,NA,NA,NA,NA,NA,NA,NA,NA,NA,NA,NA,NA,NA,NA,NA,NA,NA,NA,NA,NA
2022,2425,1,3645,51,1,14,35,2,1,NA,2,3,25,18,NA,1,1,2,NA,NA,NA,NA,5,NA,NA,NA,NA,NA,NA,NA,NA,NA,NA,NA,NA,NA,NA,NA,NA,NA,NA,NA,NA,NA,NA,NA,NA,NA
2022,2426,1,9120,35,1,12,NA,1,NA,NA,NA,3,NA,0,NA,2,2,3,NA,NA,NA,NA,0,NA,NA,NA,NA,NA,NA,NA,NA,NA,NA,NA,NA,NA,NA,NA,NA,NA,NA,NA,NA,NA,NA,NA,NA,NA
2022,2427,7,5620,25,1,14,NA,2,NA,NA,2,3,NA,NA,NA,NA,1,2,NA,NA,NA,NA,5,NA,NA,NA,NA,NA,NA,NA,NA,NA,NA,NA,NA,NA,NA,NA,NA,NA,NA,NA,NA,NA,NA,NA,NA,NA
2022,2428,2,4760,31,5,12,23,1,NA,NA,2,3,23,12,NA,1,2,2,2,1,1,1,5,2,1,1,2,2,1,2,1,1,2,2,2,1,3,3,3,3,2,4,2,2,4,4,4,1
2022,2429,1,4050,21,5,14,48,2,58,2,2,1,12,12,NA,NA,2,3,1,1,1,NA,5,NA,NA,NA,NA,NA,NA,NA,NA,NA,NA,NA,NA,NA,NA,NA,NA,NA,NA,NA,NA,NA,NA,NA,NA,NA
2022,2430,4,2100,69,5,20,37,4,43,NA,1,3,21,17,1,1,2,3,1,1,1,2,2,NA,NA,NA,NA,NA,NA,NA,NA,NA,NA,NA,NA,NA,NA,NA,NA,NA,NA,NA,NA,NA,NA,NA,NA,NA
2022,2431,7,7200,45,1,14,42,2,80,2,1,1,13,8,2,2,2,2,2,1,1,1,5,NA,NA,NA,NA,NA,NA,NA,NA,NA,NA,NA,NA,NA,NA,NA,NA,NA,NA,NA,NA,NA,NA,NA,NA,NA
2022,2432,4,8140,38,3,11,60,1,NA,1,2,1,2,0,NA,NA,3,4,NA,NA,NA,NA,6,NA,NA,NA,NA,NA,NA,NA,NA,NA,NA,NA,NA,NA,NA,NA,NA,NA,NA,NA,NA,NA,NA,NA,NA,NA
2022,2433,7,820,52,2,12,86,1,NA,4,2,1,18,0,2,2,2,3,2,NA,NA,3,6,NA,NA,NA,NA,NA,NA,NA,NA,NA,NA,NA,NA,NA,NA,NA,NA,NA,NA,NA,NA,NA,NA,NA,NA,NA
2022,2434,5,5110,40,3,12,77,1,NA,NA,1,1,15,0,1,2,2,2,2,2,2,1,6,NA,NA,NA,NA,NA,NA,NA,NA,NA,NA,NA,NA,NA,NA,NA,NA,NA,NA,NA,NA,NA,NA,NA,NA,NA
2022,2435,4,NA,NA,1,16,36,3,16,1,2,2,19,NA,3,1,NA,1,3,1,1,3,6,2,2,1,1,1,1,2,1,1,2,1,1,2,2,4,2,3,1,4,1,1,1,1,1,4
2022,2436,1,6200,49,1,15,45,1,NA,NA,1,1,20,18,NA,NA,2,3,NA,NA,NA,NA,8,NA,NA,NA,NA,NA,NA,NA,NA,NA,NA,NA,NA,NA,NA,NA,NA,NA,NA,NA,NA,NA,NA,NA,NA,NA
2022,2437,3,NA,NA,1,19,43,4,82,2,2,1,19,NA,1,1,2,2,NA,NA,NA,NA,6,NA,NA,NA,NA,NA,NA,NA,NA,NA,NA,NA,NA,NA,NA,NA,NA,NA,NA,NA,NA,NA,NA,NA,NA,NA
2022,2438,4,4760,31,5,NA,25,0,NA,NA,2,1,3,3,NA,NA,2,2,NA,NA,NA,NA,6,NA,NA,NA,NA,NA,NA,NA,NA,NA,NA,NA,NA,NA,NA,NA,NA,NA,NA,NA,NA,NA,NA,NA,NA,NA
2022,2439,2,3600,48,3,13,38,1,NA,1,2,2,14,14,3,1,3,2,2,1,1,1,6,2,2,1,2,2,1,2,1,1,1,1,2,1,4,4,3,4,2,4,2,2,2,2,4,2
2022,2440,1,4220,24,5,12,29,0,NA,NA,2,1,5,0,NA,NA,1,3,NA,NA,NA,NA,6,NA,NA,NA,NA,NA,NA,NA,NA,NA,NA,NA,NA,NA,NA,NA,NA,NA,NA,NA,NA,NA,NA,NA,NA,NA
2022,2441,1,4220,24,1,11,37,0,NA,1,1,1,15,13,NA,NA,1,2,3,3,1,1,6,NA,NA,NA,NA,NA,NA,NA,NA,NA,NA,NA,NA,NA,NA,NA,NA,NA,NA,NA,NA,NA,NA,NA,NA,NA
2022,2442,5,1965,43,1,13,69,1,NA,NA,1,1,21,0,2,2,1,2,NA,NA,NA,NA,6,2,1,2,1,2,1,2,1,2,2,1,1,2,1,1,2,2,2,2,2,2,2,2,2,3
2022,2443,1,220,53,3,8,49,0,NA,NA,1,1,19,19,2,2,3,2,NA,NA,NA,NA,6,NA,NA,NA,NA,NA,NA,NA,NA,NA,NA,NA,NA,NA,NA,NA,NA,NA,NA,NA,NA,NA,NA,NA,NA,NA
2022,2444,2,1550,50,1,12,NA,1,NA,1,1,1,22,21,2,2,2,1,NA,NA,NA,NA,3,2,2,2,NA,2,2,2,2,2,2,2,2,2,4,4,4,4,4,4,4,4,4,4,4,4
2022,2445,7,4030,21,2,12,NA,1,NA,NA,2,1,NA,0,NA,2,3,2,2,3,3,1,6,NA,NA,NA,NA,NA,NA,NA,NA,NA,NA,NA,NA,NA,NA,NA,NA,NA,NA,NA,NA,NA,NA,NA,NA,NA
2022,2446,2,8740,39,5,13,25,1,NA,NA,1,1,12,12,2,2,3,2,NA,NA,NA,NA,4,NA,NA,NA,NA,NA,NA,NA,NA,NA,NA,NA,NA,NA,NA,NA,NA,NA,NA,NA,NA,NA,NA,NA,NA,NA
2022,2447,1,6320,42,1,12,53,1,NA,NA,1,1,NA,19,NA,NA,2,2,3,2,1,2,6,NA,NA,NA,NA,NA,NA,NA,NA,NA,NA,NA,NA,NA,NA,NA,NA,NA,NA,NA,NA,NA,NA,NA,NA,NA
2022,2448,1,1550,50,1,12,40,1,NA,NA,2,1,20,20,NA,2,3,3,NA,NA,NA,NA,6,NA,NA,NA,NA,NA,NA,NA,NA,NA,NA,NA,NA,NA,NA,NA,NA,NA,NA,NA,NA,NA,NA,NA,NA,NA
2022,2449,5,1320,75,2,20,73,4,18,NA,1,1,25,0,2,2,2,2,NA,NA,NA,NA,6,NA,NA,NA,NA,NA,NA,NA,NA,NA,NA,NA,NA,NA,NA,NA,NA,NA,NA,NA,NA,NA,NA,NA,NA,NA
2022,2450,5,1550,50,1,15,66,2,33,0,1,1,18,0,1,1,2,2,NA,NA,NA,NA,6,1,2,2,1,1,1,2,2,1,2,2,1,2,3,3,4,1,2,4,4,1,4,2,2,4
2022,2451,5,5620,25,3,12,69,1,NA,NA,1,2,11,0,1,1,3,3,NA,NA,NA,NA,6,NA,NA,NA,NA,NA,NA,NA,NA,NA,NA,NA,NA,NA,NA,NA,NA,NA,NA,NA,NA,NA,NA,NA,NA,NA
2022,2452,1,2760,17,1,14,27,1,NA,0,2,1,19,9,NA,1,1,2,2,1,1,NA,6,NA,NA,NA,NA,NA,NA,NA,NA,NA,NA,NA,NA,NA,NA,NA,NA,NA,NA,NA,NA,NA,NA,NA,NA,NA
2022,2453,1,5520,32,3,16,36,3,42,0,1,1,17,17,3,1,3,2,1,1,2,2,6,2,2,2,NA,2,1,2,1,1,2,2,2,2,2,4,3,2,2,4,2,2,4,4,4,4
2022,2454,5,4720,28,1,11,64,0,NA,NA,2,2,12,0,1,1,2,2,3,1,2,1,2,NA,NA,NA,NA,NA,NA,NA,NA,NA,NA,NA,NA,NA,NA,NA,NA,NA,NA,NA,NA,NA,NA,NA,NA,NA
2022,2455,8,4600,35,5,14,59,1,NA,NA,2,2,11,0,1,1,2,3,2,1,1,1,6,NA,NA,NA,NA,NA,NA,NA,NA,NA,NA,NA,NA,NA,NA,NA,NA,NA,NA,NA,NA,NA,NA,NA,NA,NA
2022,2456,5,5700,47,5,15,55,2,16,NA,2,1,16,0,1,1,2,4,1,2,1,2,0,NA,NA,NA,NA,NA,NA,NA,NA,NA,NA,NA,NA,NA,NA,NA,NA,NA,NA,NA,NA,NA,NA,NA,NA,NA
2022,2457,3,6230,44,5,13,50,1,NA,NA,1,1,21,21,NA,NA,3,1,2,1,1,1,6,NA,NA,NA,NA,NA,NA,NA,NA,NA,NA,NA,NA,NA,NA,NA,NA,NA,NA,NA,NA,NA,NA,NA,NA,NA
2022,2458,1,3645,51,NA,14,30,2,61,NA,2,2,19,15,NA,NA,2,2,3,2,1,NA,0,NA,NA,NA,NA,NA,NA,NA,NA,NA,NA,NA,NA,NA,NA,NA,NA,NA,NA,NA,NA,NA,NA,NA,NA,NA
2022,2459,1,3255,64,3,14,59,2,36,2,2,1,21,21,2,2,1,1,2,1,2,1,4,1,2,1,1,2,2,2,2,2,2,2,2,2,2,4,2,4,4,2,4,4,4,4,4,4
2022,2460,1,4610,48,1,14,39,1,NA,NA,2,2,18,10,1,1,1,2,3,1,1,1,6,NA,NA,NA,NA,NA,NA,NA,NA,NA,NA,NA,NA,NA,NA,NA,NA,NA,NA,NA,NA,NA,NA,NA,NA,NA
2022,2461,1,1460,70,5,16,23,3,18,0,1,1,20,19,NA,NA,2,2,2,2,2,3,6,NA,NA,NA,NA,NA,NA,NA,NA,NA,NA,NA,NA,NA,NA,NA,NA,NA,NA,NA,NA,NA,NA,NA,NA,NA
2022,2462,1,3255,64,1,16,31,3,36,NA,2,1,23,23,1,1,1,3,NA,NA,NA,NA,6,NA,NA,NA,NA,NA,NA,NA,NA,NA,NA,NA,NA,NA,NA,NA,NA,NA,NA,NA,NA,NA,NA,NA,NA,NA
2022,2463,5,7340,44,1,14,69,1,NA,NA,1,1,11,0,NA,NA,1,2,1,1,1,1,6,2,1,2,2,2,1,2,2,2,2,2,2,2,4,3,4,4,3,4,4,4,4,4,4,4
2022,2464,2,5620,25,5,12,19,1,NA,NA,1,1,9,0,NA,NA,2,2,3,1,2,2,5,NA,NA,NA,NA,NA,NA,NA,NA,NA,NA,NA,NA,NA,NA,NA,NA,NA,NA,NA,NA,NA,NA,NA,NA,NA
2022,2465,4,6660,49,3,11,61,1,NA,NA,1,3,14,0,NA,NA,3,4,NA,2,2,2,6,NA,NA,NA,NA,NA,NA,NA,NA,NA,NA,NA,NA,NA,NA,NA,NA,NA,NA,NA,NA,NA,NA,NA,NA,NA
2022,2466,5,740,33,1,13,68,1,NA,NA,2,1,21,0,2,2,1,2,2,3,1,1,6,NA,NA,NA,NA,NA,NA,NA,NA,NA,NA,NA,NA,NA,NA,NA,NA,NA,NA,NA,NA,NA,NA,NA,NA,NA
2022,2467,1,2200,74,1,20,37,4,9,2,1,1,23,19,2,2,2,2,NA,NA,NA,NA,6,NA,NA,NA,NA,NA,NA,NA,NA,NA,NA,NA,NA,NA,NA,NA,NA,NA,NA,NA,NA,NA,NA,NA,NA,NA
2022,2468,1,1460,70,1,16,53,3,18,NA,2,1,22,0,2,2,3,1,NA,NA,NA,NA,3,NA,NA,NA,NA,NA,NA,NA,NA,NA,NA,NA,NA,NA,NA,NA,NA,NA,NA,NA,NA,NA,NA,NA,NA,NA
2022,2469,5,5120,45,1,14,60,2,57,NA,2,1,17,0,2,2,1,1,NA,NA,NA,NA,6,1,1,1,1,1,1,2,2,2,2,1,2,2,1,1,2,2,2,2,2,2,2,2,2,2
2022,2470,1,5240,31,3,14,33,1,NA,NA,2,1,20,20,2,2,3,2,3,1,1,1,6,NA,NA,NA,NA,NA,NA,NA,NA,NA,NA,NA,NA,NA,NA,NA,NA,NA,NA,NA,NA,NA,NA,NA,NA,NA
2022,2471,5,110,60,1,20,79,4,61,2,1,1,23,8,1,1,1,2,1,1,1,1,5,1,1,1,2,2,1,2,1,1,2,2,2,2,3,3,4,4,3,4,2,2,3,2,4,2
2022,2472,5,3310,56,3,16,72,3,15,2,2,1,14,0,1,1,2,2,NA,NA,NA,NA,7,2,1,1,2,2,1,2,2,1,2,2,1,2,1,1,1,1,2,2,4,2,4,4,3,2
2022,2473,5,4760,31,2,14,81,1,NA,NA,2,1,10,0,4,1,2,1,NA,NA,NA,NA,7,NA,NA,NA,NA,NA,NA,NA,NA,NA,NA,NA,NA,NA,NA,NA,NA,NA,NA,NA,NA,NA,NA,NA,NA,NA
2022,2474,5,5860,32,2,14,83,1,NA,NA,2,1,23,0,2,2,2,2,NA,NA,NA,NA,5,NA,NA,NA,NA,NA,NA,NA,NA,NA,NA,NA,NA,NA,NA,NA,NA,NA,NA,NA,NA,NA,NA,NA,NA,NA
2022,2475,5,2825,46,1,16,73,4,9,NA,1,2,22,0,1,1,1,1,NA,NA,NA,NA,6,NA,NA,NA,NA,NA,NA,NA,NA,NA,NA,NA,NA,NA,NA,NA,NA,NA,NA,NA,NA,NA,NA,NA,NA,NA
2022,2476,1,7750,35,5,12,30,1,NA,1,2,2,14,14,NA,1,3,3,2,1,1,2,6,2,1,2,2,1,1,2,1,1,2,2,2,2,4,4,3,4,2,4,2,3,4,4,4,4
2022,2477,5,7830,23,2,12,77,1,NA,NA,2,2,12,0,1,1,2,2,NA,NA,NA,NA,6,NA,NA,NA,NA,NA,NA,NA,NA,NA,NA,NA,NA,NA,NA,NA,NA,NA,NA,NA,NA,NA,NA,NA,NA,NA
2022,2478,5,5420,43,1,18,70,1,NA,1,2,1,20,0,3,1,1,2,3,1,1,1,5,NA,NA,NA,NA,NA,NA,NA,NA,NA,NA,NA,NA,NA,NA,NA,NA,NA,NA,NA,NA,NA,NA,NA,NA,NA
2022,2479,NA,NA,NA,5,12,23,1,NA,1,2,2,2,NA,NA,NA,1,2,NA,NA,NA,NA,6,1,2,1,1,2,1,NA,NA,1,1,1,1,1,4,3,3,3,3,2,3,2,3,3,3,2
2022,2480,5,5540,45,5,12,70,1,NA,NA,2,2,18,0,1,1,3,3,NA,NA,NA,NA,6,NA,NA,NA,NA,NA,NA,NA,NA,NA,NA,NA,NA,NA,NA,NA,NA,NA,NA,NA,NA,NA,NA,NA,NA,NA
2022,2481,1,4810,47,1,13,25,1,NA,NA,2,2,19,14,1,1,1,2,NA,NA,NA,NA,6,NA,NA,NA,NA,NA,NA,NA,NA,NA,NA,NA,NA,NA,NA,NA,NA,NA,NA,NA,NA,NA,NA,NA,NA,NA
2022,2482,1,4110,31,5,12,19,1,NA,NA,2,1,22,13,NA,NA,3,2,2,1,1,3,6,NA,NA,NA,NA,NA,NA,NA,NA,NA,NA,NA,NA,NA,NA,NA,NA,NA,NA,NA,NA,NA,NA,NA,NA,NA
2022,2483,2,4110,31,5,15,31,1,NA,NA,2,2,15,15,NA,NA,1,1,3,2,1,1,6,NA,NA,NA,NA,NA,NA,NA,NA,NA,NA,NA,NA,NA,NA,NA,NA,NA,NA,NA,NA,NA,NA,NA,NA,NA
2022,2484,1,5400,38,5,12,33,1,NA,NA,NA,2,NA,0,1,NA,3,3,NA,NA,NA,NA,6,NA,NA,NA,NA,NA,NA,NA,NA,NA,NA,NA,NA,NA,NA,NA,NA,NA,NA,NA,NA,NA,NA,NA,NA,NA
2022,2485,1,4965,31,1,12,26,1,NA,0,1,2,NA,NA,NA,NA,3,2,NA,NA,NA,NA,6,2,2,2,NA,1,1,2,1,1,1,1,2,1,2,2,2,2,2,2,2,2,2,2,4,2
2022,2486,5,2200,74,3,20,69,4,45,NA,2,2,17,0,1,1,2,2,3,1,1,1,6,NA,NA,NA,NA,NA,NA,NA,NA,NA,NA,NA,NA,NA,NA,NA,NA,NA,NA,NA,NA,NA,NA,NA,NA,NA
2022,2487,1,4720,28,5,13,34,0,NA,NA,2,2,1,1,1,1,2,3,3,1,1,1,6,2,2,2,NA,2,2,2,1,1,2,1,2,2,2,4,3,4,4,4,2,2,4,4,4,2
2022,2488,1,7750,35,5,10,26,0,NA,5,1,1,15,12,NA,NA,2,3,NA,NA,NA,NA,3,2,2,2,NA,2,2,2,2,1,2,2,2,2,4,4,4,2,4,4,4,4,4,4,4,4
2022,2489,8,NA,NA,2,12,69,1,NA,NA,2,1,13,0,NA,NA,2,3,NA,NA,NA,NA,6,NA,NA,NA,NA,NA,NA,NA,NA,NA,NA,NA,NA,NA,NA,NA,NA,NA,NA,NA,NA,NA,NA,NA,NA,NA
2022,2490,7,4110,31,1,17,32,4,9,3,2,3,NA,0,NA,1,2,2,3,1,1,1,6,NA,NA,NA,NA,NA,NA,NA,NA,NA,NA,NA,NA,NA,NA,NA,NA,NA,NA,NA,NA,NA,NA,NA,NA,NA
2022,2491,5,4920,49,1,14,77,2,50,1,2,1,17,0,2,2,1,2,NA,NA,NA,NA,3,1,2,1,1,2,1,2,2,1,2,2,2,2,2,4,2,4,2,4,2,2,4,4,2,4
2022,2492,1,3600,48,4,12,51,1,NA,NA,1,2,11,11,NA,NA,2,2,2,1,1,1,6,NA,NA,NA,NA,NA,NA,NA,NA,NA,NA,NA,NA,NA,NA,NA,NA,NA,NA,NA,NA,NA,NA,NA,NA,NA
2022,2493,5,4350,33,1,17,69,3,49,0,1,1,21,14,1,1,1,1,2,1,1,2,5,1,1,2,1,1,1,2,2,1,2,1,1,1,2,2,4,1,2,4,4,2,4,2,4,2
2022,2494,2,4760,31,5,17,68,3,42,0,1,2,15,11,1,1,3,2,2,1,1,1,6,2,2,2,NA,2,1,1,1,NA,2,1,2,2,4,4,4,4,2,2,2,2,2,2,4,4
2022,2495,1,7200,45,5,11,20,0,NA,NA,1,1,9,6,NA,NA,2,2,NA,NA,NA,NA,6,1,1,1,1,2,1,2,1,1,2,1,1,2,1,1,1,2,1,2,2,1,1,3,1,1
2022,2496,1,5940,17,3,12,60,1,NA,1,2,1,16,16,NA,NA,2,2,3,2,2,1,6,NA,NA,NA,NA,NA,NA,NA,NA,NA,NA,NA,NA,NA,NA,NA,NA,NA,NA,NA,NA,NA,NA,NA,NA,NA
2022,2497,7,4720,28,1,15,84,1,NA,3,2,1,16,0,NA,2,2,1,NA,NA,NA,NA,0,2,2,2,NA,2,2,2,2,2,2,2,2,2,4,4,3,4,4,4,4,4,4,4,4,4
2022,2498,1,6230,44,3,7,47,0,NA,NA,1,2,3,3,NA,NA,1,1,3,3,3,3,0,NA,NA,NA,NA,NA,NA,NA,NA,NA,NA,NA,NA,NA,NA,NA,NA,NA,NA,NA,NA,NA,NA,NA,NA,NA
2022,2499,1,4850,45,5,14,31,1,NA,NA,2,1,16,16,NA,NA,3,2,NA,NA,NA,NA,6,NA,NA,NA,NA,NA,NA,NA,NA,NA,NA,NA,NA,NA,NA,NA,NA,NA,NA,NA,NA,NA,NA,NA,NA,NA
2022,2500,2,5610,35,1,14,29,1,NA,NA,1,1,14,2,3,3,2,3,1,1,1,2,6,NA,NA,NA,NA,NA,NA,NA,NA,NA,NA,NA,NA,NA,NA,NA,NA,NA,NA,NA,NA,NA,NA,NA,NA,NA
2022,2501,7,6440,43,3,14,46,2,54,NA,1,2,16,10,2,2,3,3,3,1,2,3,6,NA,NA,NA,NA,NA,NA,NA,NA,NA,NA,NA,NA,NA,NA,NA,NA,NA,NA,NA,NA,NA,NA,NA,NA,NA
2022,2502,1,5150,36,2,13,59,1,NA,NA,2,2,NA,NA,1,NA,2,3,NA,NA,NA,NA,2,NA,NA,NA,NA,NA,NA,NA,NA,NA,NA,NA,NA,NA,NA,NA,NA,NA,NA,NA,NA,NA,NA,NA,NA,NA
2022,2503,4,4120,34,5,11,32,0,NA,NA,2,2,5,5,NA,1,3,1,NA,NA,NA,NA,6,NA,NA,NA,NA,NA,NA,NA,NA,NA,NA,NA,NA,NA,NA,NA,NA,NA,NA,NA,NA,NA,NA,NA,NA,NA
2022,2504,5,9620,25,5,10,77,1,NA,NA,1,2,10,0,NA,NA,2,3,2,1,1,1,6,NA,NA,NA,NA,NA,NA,NA,NA,NA,NA,NA,NA,NA,NA,NA,NA,NA,NA,NA,NA,NA,NA,NA,NA,NA
2022,2505,1,5620,25,5,12,25,1,NA,NA,1,2,17,17,NA,NA,2,2,NA,NA,NA,NA,6,NA,NA,NA,NA,NA,NA,NA,NA,NA,NA,NA,NA,NA,NA,NA,NA,NA,NA,NA,NA,NA,NA,NA,NA,NA
2022,2506,1,5120,45,5,16,28,3,20,NA,2,1,18,18,1,1,2,3,2,1,1,1,6,NA,NA,NA,NA,NA,NA,NA,NA,NA,NA,NA,NA,NA,NA,NA,NA,NA,NA,NA,NA,NA,NA,NA,NA,NA
2022,2507,5,430,39,1,13,62,1,NA,2,1,1,NA,NA,2,2,3,2,NA,NA,NA,NA,6,NA,NA,NA,NA,NA,NA,NA,NA,NA,NA,NA,NA,NA,NA,NA,NA,NA,NA,NA,NA,NA,NA,NA,NA,NA
2022,2508,7,1105,61,1,12,73,1,NA,2,2,1,7,0,2,2,2,1,NA,NA,NA,NA,5,NA,NA,NA,NA,NA,NA,NA,NA,NA,NA,NA,NA,NA,NA,NA,NA,NA,NA,NA,NA,NA,NA,NA,NA,NA
2022,2509,4,4700,38,4,17,62,4,9,2,1,1,26,26,2,2,2,2,NA,NA,NA,NA,6,1,2,1,2,2,1,2,1,2,2,2,2,1,2,4,2,2,2,2,2,2,2,2,2,2
2022,2510,5,136,53,1,16,79,3,42,NA,1,1,18,0,2,2,1,3,NA,NA,NA,NA,6,NA,NA,NA,NA,NA,NA,NA,NA,NA,NA,NA,NA,NA,NA,NA,NA,NA,NA,NA,NA,NA,NA,NA,NA,NA
2022,2511,7,5860,32,1,16,65,3,16,1,2,1,20,0,2,2,2,2,3,2,1,1,2,2,2,NA,NA,1,1,2,1,2,2,2,1,2,4,4,2,1,2,2,4,4,4,4,2,4
2022,2512,5,1460,70,1,16,64,3,18,3,2,1,26,0,1,1,1,1,2,1,1,2,3,NA,NA,NA,NA,NA,NA,NA,NA,NA,NA,NA,NA,NA,NA,NA,NA,NA,NA,NA,NA,NA,NA,NA,NA,NA
2022,2513,7,4220,24,5,8,31,0,NA,NA,2,1,13,5,NA,NA,3,1,NA,NA,NA,NA,0,NA,NA,NA,NA,NA,NA,NA,NA,NA,NA,NA,NA,NA,NA,NA,NA,NA,NA,NA,NA,NA,NA,NA,NA,NA
2022,2514,5,4220,24,2,12,NA,1,NA,NA,1,1,18,0,1,1,2,3,NA,NA,NA,NA,6,NA,NA,NA,NA,NA,NA,NA,NA,NA,NA,NA,NA,NA,NA,NA,NA,NA,NA,NA,NA,NA,NA,NA,NA,NA
2022,2515,8,NA,NA,5,12,55,1,NA,NA,2,1,2,0,2,NA,2,2,NA,NA,NA,NA,6,NA,NA,NA,NA,NA,NA,NA,NA,NA,NA,NA,NA,NA,NA,NA,NA,NA,NA,NA,NA,NA,NA,NA,NA,NA
2022,2516,1,6240,31,1,6,40,0,NA,NA,1,1,17,16,NA,NA,1,1,NA,NA,NA,NA,0,NA,NA,NA,NA,NA,NA,NA,NA,NA,NA,NA,NA,NA,NA,NA,NA,NA,NA,NA,NA,NA,NA,NA,NA,NA
2022,2517,1,4720,28,5,11,50,0,NA,NA,2,1,12,11,NA,2,2,3,NA,NA,NA,NA,6,NA,NA,NA,NA,NA,NA,NA,NA,NA,NA,NA,NA,NA,NA,NA,NA,NA,NA,NA,NA,NA,NA,NA,NA,NA
2022,2518,1,700,51,1,16,41,3,9,2,1,2,20,19,1,1,2,2,NA,NA,NA,NA,4,NA,NA,NA,NA,NA,NA,NA,NA,NA,NA,NA,NA,NA,NA,NA,NA,NA,NA,NA,NA,NA,NA,NA,NA,NA
2022,2519,6,5240,31,5,13,31,1,NA,3,2,2,15,0,NA,1,2,2,NA,NA,NA,NA,6,1,2,1,1,2,2,2,2,1,2,2,2,2,3,3,3,3,3,3,3,3,2,2,2,2
2022,2520,1,5940,17,5,16,31,3,71,0,1,2,18,18,NA,1,2,1,NA,NA,NA,NA,2,NA,NA,NA,NA,NA,NA,NA,NA,NA,NA,NA,NA,NA,NA,NA,NA,NA,NA,NA,NA,NA,NA,NA,NA,NA
2022,2521,1,5620,25,5,13,22,1,NA,NA,2,1,10,0,NA,1,2,2,NA,NA,NA,NA,6,NA,NA,NA,NA,NA,NA,NA,NA,NA,NA,NA,NA,NA,NA,NA,NA,NA,NA,NA,NA,NA,NA,NA,NA,NA
2022,2522,2,2310,61,1,20,77,4,16,NA,2,3,22,22,2,2,3,1,2,3,1,1,0,NA,NA,NA,NA,NA,NA,NA,NA,NA,NA,NA,NA,NA,NA,NA,NA,NA,NA,NA,NA,NA,NA,NA,NA,NA
2022,2523,4,4720,28,5,12,18,1,NA,0,2,2,NA,10,NA,NA,2,2,NA,NA,NA,NA,6,NA,NA,NA,NA,NA,NA,NA,NA,NA,NA,NA,NA,NA,NA,NA,NA,NA,NA,NA,NA,NA,NA,NA,NA,NA
2022,2524,1,2025,56,5,14,20,1,NA,NA,2,2,22,0,NA,1,2,3,NA,NA,NA,NA,6,NA,NA,NA,NA,NA,NA,NA,NA,NA,NA,NA,NA,NA,NA,NA,NA,NA,NA,NA,NA,NA,NA,NA,NA,NA
2022,2525,7,120,53,2,14,79,0,NA,2,2,1,10,0,2,2,1,2,2,2,1,1,0,2,2,2,NA,1,1,2,2,1,2,2,2,1,3,4,4,3,1,4,3,2,2,4,4,3
2022,2526,2,8965,35,5,13,21,1,NA,NA,1,2,16,16,NA,NA,3,3,NA,NA,NA,NA,6,NA,NA,NA,NA,NA,NA,NA,NA,NA,NA,NA,NA,NA,NA,NA,NA,NA,NA,NA,NA,NA,NA,NA,NA,NA
2022,2527,1,3930,34,3,12,36,1,NA,NA,1,1,14,0,2,2,3,3,1,3,1,1,7,NA,NA,NA,NA,NA,NA,NA,NA,NA,NA,NA,NA,NA,NA,NA,NA,NA,NA,NA,NA,NA,NA,NA,NA,NA
2022,2528,1,4020,33,1,15,34,2,1,NA,2,2,NA,NA,NA,NA,1,3,NA,NA,NA,NA,0,NA,NA,NA,NA,NA,NA,NA,NA,NA,NA,NA,NA,NA,NA,NA,NA,NA,NA,NA,NA,NA,NA,NA,NA,NA
2022,2529,5,310,39,3,12,67,1,NA,4,1,3,9,0,1,1,1,3,NA,NA,NA,NA,2,2,2,2,NA,1,1,1,1,1,2,1,2,1,4,4,3,4,2,2,2,1,3,3,3,2
2022,2530,2,5840,38,1,14,42,2,7,NA,2,1,21,10,NA,1,3,4,NA,NA,NA,NA,5,NA,NA,NA,NA,NA,NA,NA,NA,NA,NA,NA,NA,NA,NA,NA,NA,NA,NA,NA,NA,NA,NA,NA,NA,NA
2022,2531,1,7130,41,5,12,22,1,NA,NA,1,3,20,10,NA,NA,2,2,3,2,2,1,6,NA,NA,NA,NA,NA,NA,NA,NA,NA,NA,NA,NA,NA,NA,NA,NA,NA,NA,NA,NA,NA,NA,NA,NA,NA
2022,2532,1,5510,29,1,12,39,1,NA,5,1,2,18,16,NA,NA,1,2,2,1,1,1,0,2,2,2,NA,2,1,2,1,1,1,1,2,2,4,4,3,3,1,3,3,2,3,2,3,3
2022,2533,1,9620,25,3,12,24,1,NA,0,2,3,20,17,NA,NA,2,2,3,1,2,2,0,1,2,1,1,2,1,1,1,1,2,2,1,1,1,2,1,2,3,1,3,3,3,3,3,2
2022,2534,4,6230,44,5,12,23,1,NA,NA,2,1,13,8,NA,NA,3,3,NA,NA,NA,NA,6,NA,NA,NA,NA,NA,NA,NA,NA,NA,NA,NA,NA,NA,NA,NA,NA,NA,NA,NA,NA,NA,NA,NA,NA,NA
2022,2535,5,2900,43,2,13,78,1,NA,2,1,1,16,0,2,2,3,3,2,3,1,1,6,1,2,2,2,2,1,2,1,1,2,2,2,2,2,4,4,4,2,4,2,2,4,4,4,4
2022,2536,1,9620,25,3,12,39,1,NA,5,2,1,19,19,NA,NA,3,2,3,2,1,1,6,2,2,1,1,1,2,1,2,2,2,2,2,2,3,3,2,2,2,2,2,2,2,2,4,4
2022,2537,5,5400,38,3,13,70,1,NA,4,2,1,24,0,NA,1,2,3,NA,NA,NA,NA,6,2,2,2,NA,2,2,2,2,1,2,1,2,2,4,4,3,4,4,4,4,3,4,3,4,4
2022,2538,5,5240,31,1,12,66,1,NA,NA,1,1,NA,0,1,1,1,3,2,1,2,1,6,NA,NA,NA,NA,NA,NA,NA,NA,NA,NA,NA,NA,NA,NA,NA,NA,NA,NA,NA,NA,NA,NA,NA,NA,NA
2022,2539,1,350,64,1,18,36,3,43,NA,1,2,18,18,1,1,2,1,3,1,1,1,0,NA,NA,NA,NA,NA,NA,NA,NA,NA,NA,NA,NA,NA,NA,NA,NA,NA,NA,NA,NA,NA,NA,NA,NA,NA
2022,2540,2,3255,64,1,16,39,2,36,2,2,1,23,20,2,2,2,2,NA,NA,NA,NA,6,NA,NA,NA,NA,NA,NA,NA,NA,NA,NA,NA,NA,NA,NA,NA,NA,NA,NA,NA,NA,NA,NA,NA,NA,NA
2022,2541,1,3645,51,1,13,25,1,NA,2,2,3,NA,16,NA,2,2,2,2,1,1,1,6,1,2,1,1,2,2,2,2,1,2,2,2,2,2,2,3,4,4,3,2,2,2,2,2,2
2022,2542,8,9620,25,5,10,65,0,NA,NA,1,1,9,0,NA,NA,3,4,NA,NA,NA,NA,6,NA,NA,NA,NA,NA,NA,NA,NA,NA,NA,NA,NA,NA,NA,NA,NA,NA,NA,NA,NA,NA,NA,NA,NA,NA
2022,2543,5,2310,61,5,16,89,4,19,0,2,1,NA,0,1,1,2,2,NA,NA,NA,NA,6,2,2,2,NA,2,1,2,2,2,NA,2,2,2,4,4,4,4,3,4,4,4,4,4,4,4
2022,2544,1,5240,31,5,16,27,3,19,NA,1,1,23,18,1,1,2,2,NA,NA,NA,NA,6,NA,NA,NA,NA,NA,NA,NA,NA,NA,NA,NA,NA,NA,NA,NA,NA,NA,NA,NA,NA,NA,NA,NA,NA,NA
2022,2545,8,NA,NA,3,12,47,1,NA,NA,2,1,6,0,NA,NA,2,2,2,1,2,1,6,2,2,2,NA,2,1,2,2,2,2,2,2,2,4,4,4,4,4,4,4,4,4,4,4,4
2022,2546,2,4760,31,5,13,43,2,9,NA,1,2,5,2,NA,NA,2,3,NA,NA,NA,NA,5,NA,NA,NA,NA,NA,NA,NA,NA,NA,NA,NA,NA,NA,NA,NA,NA,NA,NA,NA,NA,NA,NA,NA,NA,NA
2022,2547,1,9600,35,1,8,47,0,NA,6,1,2,14,NA,2,1,1,1,NA,NA,NA,NA,0,NA,NA,NA,NA,NA,NA,NA,NA,NA,NA,NA,NA,NA,NA,NA,NA,NA,NA,NA,NA,NA,NA,NA,NA,NA
2022,2548,7,1430,63,1,12,45,1,NA,NA,2,3,NA,11,2,2,1,3,NA,NA,NA,NA,0,NA,NA,NA,NA,NA,NA,NA,NA,NA,NA,NA,NA,NA,NA,NA,NA,NA,NA,NA,NA,NA,NA,NA,NA,NA
2022,2549,6,4810,47,1,17,34,3,9,NA,1,1,NA,NA,NA,2,1,2,NA,NA,NA,NA,6,NA,NA,NA,NA,NA,NA,NA,NA,NA,NA,NA,NA,NA,NA,NA,NA,NA,NA,NA,NA,NA,NA,NA,NA,NA
2022,2550,5,10,72,1,16,72,3,21,NA,2,1,26,0,1,1,2,2,2,1,1,1,6,1,1,2,1,2,1,2,2,1,2,2,2,2,1,1,4,4,3,4,4,4,4,4,4,4
2022,2551,6,4030,21,5,12,18,1,NA,NA,2,1,26,7,NA,NA,2,2,NA,1,2,1,6,NA,NA,NA,NA,NA,NA,NA,NA,NA,NA,NA,NA,NA,NA,NA,NA,NA,NA,NA,NA,NA,NA,NA,NA,NA
2022,2552,1,6230,44,1,12,63,1,NA,NA,1,1,22,22,2,2,NA,2,2,3,NA,NA,6,NA,NA,NA,NA,NA,NA,NA,NA,NA,NA,NA,NA,NA,NA,NA,NA,NA,NA,NA,NA,NA,NA,NA,NA,NA
2022,2553,5,710,51,1,17,63,4,55,2,2,1,26,26,2,2,2,1,NA,NA,NA,NA,6,2,1,1,1,1,1,2,2,1,1,1,1,1,3,2,3,1,1,2,4,1,1,1,1,2
2022,2554,7,710,51,1,16,36,4,61,NA,2,1,NA,0,NA,NA,2,1,2,1,2,1,6,NA,NA,NA,NA,NA,NA,NA,NA,NA,NA,NA,NA,NA,NA,NA,NA,NA,NA,NA,NA,NA,NA,NA,NA,NA
2022,2555,5,3535,52,2,14,79,1,NA,NA,2,1,NA,0,NA,NA,NA,2,NA,2,NA,1,3,NA,NA,NA,NA,NA,NA,NA,NA,NA,NA,NA,NA,NA,NA,NA,NA,NA,NA,NA,NA,NA,NA,NA,NA,NA
2022,2556,1,1107,48,1,14,55,1,NA,1,1,1,25,24,1,1,2,2,1,1,1,2,6,NA,NA,NA,NA,NA,NA,NA,NA,NA,NA,NA,NA,NA,NA,NA,NA,NA,NA,NA,NA,NA,NA,NA,NA,NA
2022,2557,1,4710,48,3,16,46,3,25,NA,1,1,26,26,2,2,2,1,NA,NA,NA,NA,6,NA,NA,NA,NA,NA,NA,NA,NA,NA,NA,NA,NA,NA,NA,NA,NA,NA,NA,NA,NA,NA,NA,NA,NA,NA
2022,2558,5,4020,33,1,12,81,1,NA,NA,2,1,NA,0,2,2,2,3,3,3,NA,1,6,NA,NA,NA,NA,NA,NA,NA,NA,NA,NA,NA,NA,NA,NA,NA,NA,NA,NA,NA,NA,NA,NA,NA,NA,NA
2022,2559,5,9130,35,2,10,68,0,NA,NA,1,1,11,0,NA,NA,2,3,2,3,1,1,6,NA,NA,NA,NA,NA,NA,NA,NA,NA,NA,NA,NA,NA,NA,NA,NA,NA,NA,NA,NA,NA,NA,NA,NA,NA
2022,2560,3,5510,29,1,12,50,1,NA,NA,1,2,NA,19,NA,2,1,2,NA,NA,NA,NA,6,NA,NA,NA,NA,NA,NA,NA,NA,NA,NA,NA,NA,NA,NA,NA,NA,NA,NA,NA,NA,NA,NA,NA,NA,NA
2022,2561,1,6200,49,5,13,40,1,NA,1,1,1,20,20,NA,NA,1,1,3,1,1,2,3,NA,NA,NA,NA,NA,NA,NA,NA,NA,NA,NA,NA,NA,NA,NA,NA,NA,NA,NA,NA,NA,NA,NA,NA,NA
2022,2562,7,8030,40,1,13,52,1,NA,3,1,1,18,0,1,1,2,3,1,1,2,2,3,NA,NA,NA,NA,NA,NA,NA,NA,NA,NA,NA,NA,NA,NA,NA,NA,NA,NA,NA,NA,NA,NA,NA,NA,NA
2022,2563,7,5520,32,1,10,27,1,NA,1,2,1,17,14,NA,NA,2,4,NA,1,2,1,3,NA,NA,NA,NA,NA,NA,NA,NA,NA,NA,NA,NA,NA,NA,NA,NA,NA,NA,NA,NA,NA,NA,NA,NA,NA
2022,2564,1,2310,61,1,18,38,4,16,NA,2,1,22,19,2,1,1,2,NA,1,1,1,3,NA,NA,NA,NA,NA,NA,NA,NA,NA,NA,NA,NA,NA,NA,NA,NA,NA,NA,NA,NA,NA,NA,NA,NA,NA
2022,2565,1,640,53,5,15,27,1,NA,1,2,1,17,17,3,3,3,2,2,1,1,2,3,1,1,2,1,1,2,2,1,2,2,2,1,1,1,1,4,1,4,4,2,2,2,2,2,3
2022,2566,1,5400,38,3,12,47,1,NA,4,2,1,NA,17,NA,2,3,1,NA,NA,NA,NA,6,NA,NA,NA,NA,NA,NA,NA,NA,NA,NA,NA,NA,NA,NA,NA,NA,NA,NA,NA,NA,NA,NA,NA,NA,NA
2022,2567,1,430,39,1,19,39,3,7,NA,1,1,19,NA,1,1,2,2,NA,NA,NA,NA,5,NA,NA,NA,NA,NA,NA,NA,NA,NA,NA,NA,NA,NA,NA,NA,NA,NA,NA,NA,NA,NA,NA,NA,NA,NA
2022,2568,5,4760,31,3,12,67,1,NA,NA,2,1,11,0,2,2,2,2,3,2,2,1,5,NA,NA,NA,NA,NA,NA,NA,NA,NA,NA,NA,NA,NA,NA,NA,NA,NA,NA,NA,NA,NA,NA,NA,NA,NA
2022,2569,7,2300,53,1,12,48,1,NA,NA,2,3,24,0,1,1,1,2,NA,NA,NA,NA,0,NA,NA,NA,NA,NA,NA,NA,NA,NA,NA,NA,NA,NA,NA,NA,NA,NA,NA,NA,NA,NA,NA,NA,NA,NA
2022,2570,1,2310,61,1,17,60,3,16,1,2,1,22,19,1,2,1,2,2,2,1,2,5,NA,NA,NA,NA,NA,NA,NA,NA,NA,NA,NA,NA,NA,NA,NA,NA,NA,NA,NA,NA,NA,NA,NA,NA,NA
2022,2571,5,1010,63,1,15,62,1,NA,0,1,1,21,18,1,1,2,3,NA,NA,NA,NA,5,2,2,2,NA,2,1,1,2,2,2,2,2,2,4,4,4,4,2,2,2,2,2,4,2,4
2022,2572,1,1020,60,5,16,58,3,9,0,2,1,22,3,1,1,2,3,3,1,1,3,5,1,2,1,1,2,1,2,1,1,2,1,2,2,1,2,2,2,2,3,2,3,4,4,4,4
2022,2573,4,630,47,3,14,59,2,50,NA,2,1,NA,0,1,1,3,3,NA,NA,NA,NA,5,NA,NA,NA,NA,NA,NA,NA,NA,NA,NA,NA,NA,NA,NA,NA,NA,NA,NA,NA,NA,NA,NA,NA,NA,NA
2022,2574,6,4600,35,1,13,21,1,NA,0,2,1,20,13,NA,NA,2,2,NA,NA,NA,NA,3,NA,NA,NA,NA,NA,NA,NA,NA,NA,NA,NA,NA,NA,NA,NA,NA,NA,NA,NA,NA,NA,NA,NA,NA,NA
2022,2575,2,3255,64,3,12,72,1,NA,1,2,1,16,9,2,2,2,1,NA,NA,NA,NA,5,NA,NA,NA,NA,NA,NA,NA,NA,NA,NA,NA,NA,NA,NA,NA,NA,NA,NA,NA,NA,NA,NA,NA,NA,NA
2022,2576,2,6240,31,5,14,20,2,70,0,2,1,19,0,NA,1,2,2,NA,NA,NA,NA,5,NA,NA,NA,NA,NA,NA,NA,NA,NA,NA,NA,NA,NA,NA,NA,NA,NA,NA,NA,NA,NA,NA,NA,NA,NA
2022,2577,1,1020,60,5,16,NA,3,9,NA,1,1,NA,NA,NA,NA,2,2,1,1,1,1,5,1,2,1,2,2,1,1,2,1,2,2,2,2,1,2,1,4,2,4,4,2,4,4,4,4
2022,2578,1,5350,33,5,12,20,1,NA,NA,2,1,18,16,NA,NA,2,2,NA,NA,NA,NA,5,NA,NA,NA,NA,NA,NA,NA,NA,NA,NA,NA,NA,NA,NA,NA,NA,NA,NA,NA,NA,NA,NA,NA,NA,NA
2022,2579,1,1105,61,3,14,61,1,NA,NA,1,1,16,16,1,1,2,2,2,1,1,1,5,1,2,2,1,1,2,2,1,1,2,2,2,2,2,2,2,2,4,4,1,2,2,2,4,2
2022,2580,1,4700,38,1,16,52,3,43,NA,1,1,24,24,1,1,2,2,NA,NA,NA,NA,5,NA,NA,NA,NA,NA,NA,NA,NA,NA,NA,NA,NA,NA,NA,NA,NA,NA,NA,NA,NA,NA,NA,NA,NA,NA
2022,2581,1,6200,49,5,14,39,2,14,NA,1,1,13,8,NA,NA,1,1,NA,NA,NA,NA,3,NA,NA,NA,NA,NA,NA,NA,NA,NA,NA,NA,NA,NA,NA,NA,NA,NA,NA,NA,NA,NA,NA,NA,NA,NA
2022,2582,5,5850,32,2,12,80,1,NA,NA,2,1,22,0,NA,NA,NA,2,NA,NA,NA,NA,5,NA,NA,NA,NA,NA,NA,NA,NA,NA,NA,NA,NA,NA,NA,NA,NA,NA,NA,NA,NA,NA,NA,NA,NA,NA
2022,2583,1,1350,71,3,20,54,4,18,3,1,1,24,24,2,2,3,2,1,2,2,1,5,1,2,1,2,2,1,1,2,1,2,2,2,2,1,2,1,2,2,2,2,2,2,2,2,4
2022,2584,5,420,52,5,16,71,3,28,0,2,1,15,0,1,1,3,2,2,1,1,2,5,1,1,2,1,2,1,2,1,NA,2,2,2,1,1,2,4,4,2,4,1,2,2,2,4,3
2022,2585,4,310,39,3,13,55,1,NA,0,1,3,22,16,NA,NA,2,3,1,1,1,NA,5,2,2,1,2,2,1,2,2,1,2,2,2,2,2,2,2,2,2,2,2,2,2,2,2,2
2022,2586,1,2010,54,5,12,29,1,NA,NA,2,1,18,18,NA,NA,2,2,NA,1,1,1,5,NA,NA,NA,NA,NA,NA,NA,NA,NA,NA,NA,NA,NA,NA,NA,NA,NA,NA,NA,NA,NA,NA,NA,NA,NA
2022,2587,1,7610,28,5,13,21,1,NA,0,1,1,17,0,NA,3,1,1,NA,NA,NA,NA,5,2,1,2,1,2,2,2,1,1,2,2,2,2,2,2,2,2,2,2,2,2,2,2,2,2
2022,2588,5,3255,64,1,20,75,4,55,NA,2,1,20,0,NA,NA,2,3,NA,NA,NA,NA,5,1,1,1,1,2,1,1,2,2,2,2,2,2,4,4,2,4,2,4,4,4,4,4,4,4
2022,2589,5,4700,38,1,12,68,1,NA,2,2,1,18,0,1,1,2,1,NA,NA,NA,NA,5,NA,NA,NA,NA,NA,NA,NA,NA,NA,NA,NA,NA,NA,NA,NA,NA,NA,NA,NA,NA,NA,NA,NA,NA,NA
2022,2590,5,4920,49,2,16,75,3,28,NA,1,1,4,0,2,2,2,1,NA,NA,NA,NA,5,NA,NA,NA,NA,NA,NA,NA,NA,NA,NA,NA,NA,NA,NA,NA,NA,NA,NA,NA,NA,NA,NA,NA,NA,NA
2022,2591,5,2310,61,2,17,74,4,19,NA,2,1,22,0,1,1,2,2,NA,NA,NA,NA,5,NA,NA,NA,NA,NA,NA,NA,NA,NA,NA,NA,NA,NA,NA,NA,NA,NA,NA,NA,NA,NA,NA,NA,NA,NA
2022,2592,5,7750,35,1,14,74,1,NA,NA,2,1,23,0,1,1,2,3,NA,NA,NA,NA,7,NA,NA,NA,NA,NA,NA,NA,NA,NA,NA,NA,NA,NA,NA,NA,NA,NA,NA,NA,NA,NA,NA,NA,NA,NA
2022,2593,5,8630,49,3,12,72,1,NA,NA,1,1,17,0,2,2,2,2,3,1,1,1,5,NA,NA,NA,NA,NA,NA,NA,NA,NA,NA,NA,NA,NA,NA,NA,NA,NA,NA,NA,NA,NA,NA,NA,NA,NA
2022,2594,7,4720,28,1,15,43,2,7,1,2,1,20,0,3,3,2,2,NA,NA,NA,NA,5,1,1,1,1,1,1,1,1,1,2,1,2,2,1,1,1,3,3,3,3,3,4,2,4,4
2022,2595,1,220,53,1,12,47,1,NA,2,1,1,21,21,2,2,1,1,3,3,3,1,5,1,2,1,2,2,2,2,2,1,2,2,2,1,2,1,1,4,2,4,2,2,2,2,4,2
2022,2596,1,2320,64,5,18,37,4,66,0,2,1,19,19,NA,2,1,1,NA,NA,NA,NA,5,NA,NA,NA,NA,NA,NA,NA,NA,NA,NA,NA,NA,NA,NA,NA,NA,NA,NA,NA,NA,NA,NA,NA,NA,NA
2022,2597,1,5160,39,1,12,52,1,NA,NA,2,1,20,16,2,1,1,1,NA,NA,NA,NA,5,NA,NA,NA,NA,NA,NA,NA,NA,NA,NA,NA,NA,NA,NA,NA,NA,NA,NA,NA,NA,NA,NA,NA,NA,NA
2022,2598,5,8965,35,1,16,65,3,3,NA,1,1,16,0,2,2,1,2,NA,NA,NA,NA,5,NA,NA,NA,NA,NA,NA,NA,NA,NA,NA,NA,NA,NA,NA,NA,NA,NA,NA,NA,NA,NA,NA,NA,NA,NA
2022,2599,2,6260,28,3,15,63,2,18,0,1,3,NA,NA,2,2,1,2,NA,NA,NA,NA,5,2,2,2,NA,2,2,2,2,2,2,2,2,2,4,4,4,4,4,4,4,4,4,4,4,4
2022,2600,4,2160,44,3,11,36,1,NA,NA,2,1,19,19,2,2,3,1,2,3,1,2,5,NA,NA,NA,NA,NA,NA,NA,NA,NA,NA,NA,NA,NA,NA,NA,NA,NA,NA,NA,NA,NA,NA,NA,NA,NA
2022,2601,1,800,60,5,16,25,3,9,0,2,1,17,17,NA,NA,2,1,2,1,1,1,5,1,2,1,2,2,1,2,2,1,2,2,2,2,1,4,2,4,2,4,4,4,4,4,4,4
2022,2602,5,8965,35,1,14,73,1,NA,NA,1,1,NA,0,1,1,2,3,NA,NA,NA,NA,5,NA,NA,NA,NA,NA,NA,NA,NA,NA,NA,NA,NA,NA,NA,NA,NA,NA,NA,NA,NA,NA,NA,NA,NA,NA
2022,2603,1,20,50,1,12,56,1,NA,NA,1,1,24,22,1,1,3,2,NA,NA,NA,NA,5,NA,NA,NA,NA,NA,NA,NA,NA,NA,NA,NA,NA,NA,NA,NA,NA,NA,NA,NA,NA,NA,NA,NA,NA,NA
2022,2604,1,9610,22,5,13,43,1,NA,NA,1,1,18,0,NA,NA,3,3,2,1,1,1,3,2,2,2,NA,2,2,2,2,2,2,2,2,2,2,4,3,4,4,4,4,2,4,2,2,4
2022,2605,2,4600,35,5,12,18,1,NA,0,2,1,NA,7,NA,NA,3,2,3,1,1,1,2,1,1,2,1,2,2,2,1,1,2,2,2,2,1,1,4,4,4,4,3,2,4,4,4,4
2022,2606,5,4110,31,5,16,67,3,9,NA,2,1,1,0,1,1,3,3,2,1,1,1,2,2,2,2,NA,2,1,2,2,2,2,2,1,2,4,4,4,3,4,4,4,4,4,3,4,4
2022,2607,1,1550,50,1,12,40,1,NA,NA,1,1,22,18,3,3,3,3,1,1,1,1,2,1,2,2,2,2,2,2,2,1,2,2,2,2,1,4,4,4,4,4,4,2,4,4,4,4
2022,2608,5,9620,25,5,12,64,1,NA,0,1,1,9,0,NA,NA,3,2,NA,NA,NA,NA,2,1,2,2,1,2,2,2,2,1,2,2,2,2,2,4,4,4,4,4,2,2,4,4,4,4
2022,2609,5,2440,36,1,16,59,3,19,1,2,1,17,0,2,2,3,2,NA,NA,NA,NA,2,NA,NA,NA,NA,NA,NA,NA,NA,NA,NA,NA,NA,NA,NA,NA,NA,NA,NA,NA,NA,NA,NA,NA,NA,NA
2022,2610,5,4920,49,3,12,74,1,NA,NA,2,1,19,0,NA,NA,2,2,NA,NA,NA,NA,2,NA,NA,NA,NA,NA,NA,NA,NA,NA,NA,NA,NA,NA,NA,NA,NA,NA,NA,NA,NA,NA,NA,NA,NA,NA
2022,2611,7,4610,48,2,12,66,1,NA,NA,2,2,14,14,1,1,3,3,NA,NA,NA,NA,2,NA,NA,NA,NA,NA,NA,NA,NA,NA,NA,NA,NA,NA,NA,NA,NA,NA,NA,NA,NA,NA,NA,NA,NA,NA
2022,2612,5,5700,47,2,12,83,1,NA,2,2,1,14,0,2,2,2,1,2,2,2,1,2,NA,NA,NA,NA,NA,NA,NA,NA,NA,NA,NA,NA,NA,NA,NA,NA,NA,NA,NA,NA,NA,NA,NA,NA,NA
2022,2613,1,140,50,1,16,54,3,18,NA,1,1,21,21,2,2,3,1,1,3,2,1,2,NA,NA,NA,NA,NA,NA,NA,NA,NA,NA,NA,NA,NA,NA,NA,NA,NA,NA,NA,NA,NA,NA,NA,NA,NA
2022,2614,5,4610,48,2,13,80,1,NA,NA,2,1,NA,0,1,1,1,2,3,2,2,1,3,NA,NA,NA,NA,NA,NA,NA,NA,NA,NA,NA,NA,NA,NA,NA,NA,NA,NA,NA,NA,NA,NA,NA,NA,NA
2022,2615,5,4850,45,1,15,72,1,NA,2,1,1,19,0,2,2,2,2,NA,NA,NA,NA,3,1,2,2,1,2,1,2,2,2,2,2,2,2,1,4,3,3,2,4,4,4,4,4,4,4
2022,2616,5,3850,60,1,12,68,1,NA,NA,1,1,15,0,2,NA,2,3,2,1,1,1,3,NA,NA,NA,NA,NA,NA,NA,NA,NA,NA,NA,NA,NA,NA,NA,NA,NA,NA,NA,NA,NA,NA,NA,NA,NA
2022,2617,5,4110,31,4,12,68,1,NA,3,2,1,1,0,NA,NA,3,3,NA,NA,NA,NA,3,NA,NA,NA,NA,NA,NA,NA,NA,NA,NA,NA,NA,NA,NA,NA,NA,NA,NA,NA,NA,NA,NA,NA,NA,NA
2022,2618,5,3850,60,3,13,64,1,NA,0,1,1,22,0,2,2,3,3,3,3,1,1,3,1,2,2,2,2,2,2,2,2,2,2,2,2,1,1,4,4,4,4,4,4,4,4,4,4
2022,2619,1,7210,42,5,12,26,1,NA,NA,1,1,18,15,NA,3,2,1,1,1,3,1,3,NA,NA,NA,NA,NA,NA,NA,NA,NA,NA,NA,NA,NA,NA,NA,NA,NA,NA,NA,NA,NA,NA,NA,NA,NA
2022,2620,8,8140,38,1,13,39,1,NA,NA,1,1,20,10,NA,NA,2,3,3,2,2,1,3,NA,NA,NA,NA,NA,NA,NA,NA,NA,NA,NA,NA,NA,NA,NA,NA,NA,NA,NA,NA,NA,NA,NA,NA,NA
2022,2621,1,630,47,3,18,52,3,12,NA,2,1,19,0,2,2,2,2,3,3,2,2,3,NA,NA,NA,NA,NA,NA,NA,NA,NA,NA,NA,NA,NA,NA,NA,NA,NA,NA,NA,NA,NA,NA,NA,NA,NA
2022,2622,5,5700,47,1,17,60,3,40,3,1,2,23,0,1,1,1,2,NA,NA,NA,NA,5,1,2,1,1,2,1,2,1,1,2,2,2,2,2,4,2,4,2,4,2,2,4,4,2,2
2022,2623,7,NA,NA,5,12,23,1,NA,0,2,1,NA,0,NA,NA,2,2,2,1,1,1,3,NA,NA,NA,NA,NA,NA,NA,NA,NA,NA,NA,NA,NA,NA,NA,NA,NA,NA,NA,NA,NA,NA,NA,NA,NA
2022,2624,1,2720,65,1,17,31,4,25,NA,1,1,25,20,NA,NA,2,2,2,1,1,1,3,2,2,2,NA,2,1,2,2,2,2,2,2,2,4,4,4,4,4,4,4,4,4,4,4,4
2022,2625,5,5700,47,1,12,72,1,NA,3,2,1,20,0,1,1,2,1,3,2,1,3,3,2,2,2,NA,2,2,2,2,2,2,2,2,2,4,4,4,4,4,4,4,4,4,4,4,4
2022,2626,1,6260,28,1,13,43,1,NA,1,1,1,NA,NA,NA,NA,2,2,NA,NA,NA,NA,3,1,2,2,1,2,2,2,2,2,2,2,2,2,4,4,4,4,4,4,4,4,4,4,4,4
2022,2627,2,4510,36,1,14,31,1,NA,NA,2,1,19,9,1,1,1,2,NA,NA,NA,NA,3,NA,NA,NA,NA,NA,NA,NA,NA,NA,NA,NA,NA,NA,NA,NA,NA,NA,NA,NA,NA,NA,NA,NA,NA,NA
2022,2628,1,1430,63,5,16,40,3,14,0,1,3,17,17,NA,2,2,2,NA,NA,NA,NA,0,1,2,2,1,1,1,2,2,1,2,2,2,1,2,4,4,2,2,4,4,2,4,2,4,2
2022,2629,5,6515,36,1,6,76,0,NA,NA,1,1,12,0,1,1,2,2,NA,NA,NA,NA,3,NA,NA,NA,NA,NA,NA,NA,NA,NA,NA,NA,NA,NA,NA,NA,NA,NA,NA,NA,NA,NA,NA,NA,NA,NA
2022,2630,1,9130,35,5,12,21,1,NA,NA,1,2,16,0,NA,NA,2,3,NA,2,1,1,3,NA,NA,NA,NA,NA,NA,NA,NA,NA,NA,NA,NA,NA,NA,NA,NA,NA,NA,NA,NA,NA,NA,NA,NA,NA
2022,2631,8,8800,24,3,4,51,0,NA,NA,2,1,9,0,2,1,1,4,NA,NA,NA,NA,0,NA,NA,NA,NA,NA,NA,NA,NA,NA,NA,NA,NA,NA,NA,NA,NA,NA,NA,NA,NA,NA,NA,NA,NA,NA
2022,2632,1,20,50,5,13,38,1,NA,NA,1,1,18,18,NA,NA,3,2,3,2,1,2,3,NA,NA,NA,NA,NA,NA,NA,NA,NA,NA,NA,NA,NA,NA,NA,NA,NA,NA,NA,NA,NA,NA,NA,NA,NA
2022,2633,5,4030,21,2,12,78,1,NA,NA,2,1,14,0,2,2,3,3,NA,NA,NA,NA,3,NA,NA,NA,NA,NA,NA,NA,NA,NA,NA,NA,NA,NA,NA,NA,NA,NA,NA,NA,NA,NA,NA,NA,NA,NA
2022,2634,8,NA,NA,5,12,30,1,NA,NA,2,2,9,0,1,NA,1,1,NA,NA,NA,NA,3,2,1,2,1,1,1,1,1,1,1,1,1,2,3,3,3,1,2,3,3,1,1,4,1,4
2022,2635,2,4220,24,5,11,25,1,NA,2,2,1,10,10,NA,2,3,3,NA,NA,NA,NA,3,NA,NA,NA,NA,NA,NA,NA,NA,NA,NA,NA,NA,NA,NA,NA,NA,NA,NA,NA,NA,NA,NA,NA,NA,NA
2022,2636,2,4040,32,5,9,34,0,NA,NA,2,2,5,2,NA,NA,3,3,2,1,1,1,3,NA,NA,NA,NA,NA,NA,NA,NA,NA,NA,NA,NA,NA,NA,NA,NA,NA,NA,NA,NA,NA,NA,NA,NA,NA
2022,2637,3,6230,44,5,9,24,0,NA,NA,1,1,12,12,NA,NA,1,3,NA,NA,NA,NA,0,NA,NA,NA,NA,NA,NA,NA,NA,NA,NA,NA,NA,NA,NA,NA,NA,NA,NA,NA,NA,NA,NA,NA,NA,NA
2022,2638,2,5240,31,5,14,30,1,NA,0,2,2,15,15,NA,NA,2,2,1,1,3,3,3,NA,NA,NA,NA,NA,NA,NA,NA,NA,NA,NA,NA,NA,NA,NA,NA,NA,NA,NA,NA,NA,NA,NA,NA,NA
2022,2639,7,3600,48,2,13,59,1,NA,NA,2,1,10,10,NA,NA,3,3,2,1,1,2,3,1,2,1,2,2,1,2,1,1,2,2,1,2,2,2,2,4,2,3,2,2,3,2,1,4
2022,2640,1,3255,64,1,16,42,3,40,2,2,1,24,NA,NA,2,2,1,NA,NA,NA,NA,3,2,1,2,1,1,1,2,2,2,2,2,2,1,3,4,3,2,1,4,4,4,4,4,4,2
2022,2641,1,820,52,1,14,NA,2,53,NA,2,1,25,25,1,1,2,2,1,1,1,1,3,NA,NA,NA,NA,NA,NA,NA,NA,NA,NA,NA,NA,NA,NA,NA,NA,NA,NA,NA,NA,NA,NA,NA,NA,NA
2022,2642,1,430,39,1,15,43,2,14,NA,1,1,26,26,1,1,1,1,NA,NA,NA,NA,3,NA,NA,NA,NA,NA,NA,NA,NA,NA,NA,NA,NA,NA,NA,NA,NA,NA,NA,NA,NA,NA,NA,NA,NA,NA
2022,2643,1,4710,48,3,16,58,3,20,0,2,1,20,19,3,1,2,2,3,2,2,1,3,NA,NA,NA,NA,NA,NA,NA,NA,NA,NA,NA,NA,NA,NA,NA,NA,NA,NA,NA,NA,NA,NA,NA,NA,NA
2022,2644,1,2440,36,1,18,36,4,31,NA,2,1,21,15,1,1,3,2,NA,NA,NA,NA,3,NA,NA,NA,NA,NA,NA,NA,NA,NA,NA,NA,NA,NA,NA,NA,NA,NA,NA,NA,NA,NA,NA,NA,NA,NA
2022,2645,1,4700,38,5,12,34,1,NA,NA,1,1,NA,14,NA,NA,3,3,NA,NA,NA,NA,8,NA,NA,NA,NA,NA,NA,NA,NA,NA,NA,NA,NA,NA,NA,NA,NA,NA,NA,NA,NA,NA,NA,NA,NA,NA
2022,2646,1,8810,32,5,14,30,3,34,NA,1,1,16,NA,NA,NA,2,3,NA,NA,NA,NA,3,1,2,1,2,2,1,2,2,2,2,1,2,1,1,4,2,4,2,2,2,2,2,2,2,2
2022,2647,5,3255,64,1,16,66,3,36,NA,2,2,19,0,2,2,1,2,NA,NA,NA,NA,0,NA,NA,NA,NA,NA,NA,NA,NA,NA,NA,NA,NA,NA,NA,NA,NA,NA,NA,NA,NA,NA,NA,NA,NA,NA
2022,2648,1,4230,25,1,12,62,1,NA,NA,2,3,25,NA,NA,1,2,3,2,1,1,1,3,NA,NA,NA,NA,NA,NA,NA,NA,NA,NA,NA,NA,NA,NA,NA,NA,NA,NA,NA,NA,NA,NA,NA,NA,NA
2022,2649,1,1020,60,1,16,47,1,NA,NA,1,3,19,19,1,1,3,3,NA,NA,NA,NA,3,NA,NA,NA,NA,NA,NA,NA,NA,NA,NA,NA,NA,NA,NA,NA,NA,NA,NA,NA,NA,NA,NA,NA,NA,NA
2022,2650,1,2320,64,1,18,35,3,16,NA,1,1,24,19,1,1,3,3,NA,NA,NA,NA,3,NA,NA,NA,NA,NA,NA,NA,NA,NA,NA,NA,NA,NA,NA,NA,NA,NA,NA,NA,NA,NA,NA,NA,NA,NA
2022,2651,1,2310,61,1,20,52,4,16,2,2,1,24,20,2,2,2,2,NA,NA,NA,NA,3,1,1,1,1,1,1,2,2,1,1,1,1,2,2,2,1,2,1,2,3,2,1,2,3,1
2022,2652,1,1020,60,1,16,43,3,1,1,1,1,23,23,1,1,2,2,NA,NA,NA,NA,3,2,1,2,2,2,1,2,1,1,2,2,1,2,4,3,4,4,1,4,1,1,4,4,2,4
2022,2653,1,2100,69,1,19,42,4,29,2,2,1,25,20,1,1,1,2,2,1,1,2,3,NA,NA,NA,NA,NA,NA,NA,NA,NA,NA,NA,NA,NA,NA,NA,NA,NA,NA,NA,NA,NA,NA,NA,NA,NA
2022,2654,1,430,39,1,14,35,2,9,NA,1,1,20,19,2,2,2,1,2,3,3,1,2,NA,NA,NA,NA,NA,NA,NA,NA,NA,NA,NA,NA,NA,NA,NA,NA,NA,NA,NA,NA,NA,NA,NA,NA,NA
2022,2655,5,9130,35,1,12,67,1,NA,1,1,1,16,9,3,1,2,2,2,1,1,1,3,NA,NA,NA,NA,NA,NA,NA,NA,NA,NA,NA,NA,NA,NA,NA,NA,NA,NA,NA,NA,NA,NA,NA,NA,NA
2022,2656,7,6750,29,1,13,33,1,NA,NA,1,1,19,19,NA,NA,2,2,NA,NA,NA,NA,3,NA,NA,NA,NA,NA,NA,NA,NA,NA,NA,NA,NA,NA,NA,NA,NA,NA,NA,NA,NA,NA,NA,NA,NA,NA
2022,2657,1,4760,31,1,13,66,1,NA,NA,2,1,20,16,1,1,2,1,2,1,2,1,3,NA,NA,NA,NA,NA,NA,NA,NA,NA,NA,NA,NA,NA,NA,NA,NA,NA,NA,NA,NA,NA,NA,NA,NA,NA
2022,2658,1,1430,63,1,17,48,3,18,2,1,1,26,22,2,3,1,2,2,1,2,2,3,NA,NA,NA,NA,NA,NA,NA,NA,NA,NA,NA,NA,NA,NA,NA,NA,NA,NA,NA,NA,NA,NA,NA,NA,NA
2022,2659,1,5840,38,1,16,45,3,12,NA,1,1,NA,NA,1,1,2,2,NA,NA,NA,NA,3,NA,NA,NA,NA,NA,NA,NA,NA,NA,NA,NA,NA,NA,NA,NA,NA,NA,NA,NA,NA,NA,NA,NA,NA,NA
2022,2660,5,726,40,1,16,84,3,43,2,2,1,22,0,1,1,1,2,NA,NA,NA,NA,2,NA,NA,NA,NA,NA,NA,NA,NA,NA,NA,NA,NA,NA,NA,NA,NA,NA,NA,NA,NA,NA,NA,NA,NA,NA
2022,2661,3,2320,64,1,19,48,4,46,NA,2,1,26,26,1,1,1,1,NA,NA,NA,NA,3,NA,NA,NA,NA,NA,NA,NA,NA,NA,NA,NA,NA,NA,NA,NA,NA,NA,NA,NA,NA,NA,NA,NA,NA,NA
2022,2662,6,7855,34,5,19,28,3,11,0,1,1,19,0,1,2,2,1,NA,1,NA,NA,3,NA,NA,NA,NA,NA,NA,NA,NA,NA,NA,NA,NA,NA,NA,NA,NA,NA,NA,NA,NA,NA,NA,NA,NA,NA
2022,2663,1,840,58,5,16,26,3,20,NA,1,1,24,21,NA,1,2,2,NA,NA,NA,NA,3,NA,NA,NA,NA,NA,NA,NA,NA,NA,NA,NA,NA,NA,NA,NA,NA,NA,NA,NA,NA,NA,NA,NA,NA,NA
2022,2664,7,4610,48,2,14,61,1,NA,NA,2,1,NA,0,2,NA,2,2,1,1,2,2,3,NA,NA,NA,NA,NA,NA,NA,NA,NA,NA,NA,NA,NA,NA,NA,NA,NA,NA,NA,NA,NA,NA,NA,NA,NA
2022,2665,5,NA,NA,3,10,76,0,NA,NA,1,1,10,0,NA,NA,2,2,3,3,1,1,9,NA,NA,NA,NA,NA,NA,NA,NA,NA,NA,NA,NA,NA,NA,NA,NA,NA,NA,NA,NA,NA,NA,NA,NA,NA
2022,2666,6,2200,74,5,15,21,1,NA,0,1,1,14,9,NA,1,1,1,NA,NA,NA,NA,3,NA,NA,NA,NA,NA,NA,NA,NA,NA,NA,NA,NA,NA,NA,NA,NA,NA,NA,NA,NA,NA,NA,NA,NA,NA
2022,2667,2,5700,47,3,19,66,3,61,4,2,1,22,9,2,1,2,1,2,1,1,1,3,1,1,1,1,2,1,2,2,1,2,2,2,1,1,1,1,2,2,2,2,2,2,2,2,2
2022,2668,5,2340,38,1,19,83,4,82,3,2,1,NA,0,1,1,3,2,NA,NA,NA,NA,3,NA,NA,NA,NA,NA,NA,NA,NA,NA,NA,NA,NA,NA,NA,NA,NA,NA,NA,NA,NA,NA,NA,NA,NA,NA
2022,2669,6,NA,NA,5,14,20,1,NA,0,2,3,26,0,NA,1,2,4,2,1,1,1,3,NA,NA,NA,NA,NA,NA,NA,NA,NA,NA,NA,NA,NA,NA,NA,NA,NA,NA,NA,NA,NA,NA,NA,NA,NA
2022,2670,5,2200,74,1,16,77,4,11,2,1,1,26,0,1,1,3,1,NA,NA,NA,NA,2,2,2,2,NA,1,1,1,2,1,2,1,1,1,4,4,4,2,2,4,4,1,4,1,4,1
2022,2671,1,2100,69,1,19,54,4,29,2,1,1,26,21,1,1,2,2,NA,NA,NA,NA,3,1,2,1,2,2,1,2,1,1,2,2,2,1,1,2,3,2,2,2,1,2,2,2,2,1
2022,2672,1,2000,51,1,19,36,4,82,NA,2,1,26,20,1,1,2,2,NA,NA,NA,NA,3,NA,NA,NA,NA,NA,NA,NA,NA,NA,NA,NA,NA,NA,NA,NA,NA,NA,NA,NA,NA,NA,NA,NA,NA,NA
2022,2673,5,7750,35,1,12,68,1,NA,2,1,1,NA,0,2,2,3,2,2,3,2,3,3,2,2,1,2,2,1,2,2,2,2,2,2,2,4,4,2,2,2,4,4,4,4,3,4,4
2022,2674,1,5220,51,3,12,62,1,NA,4,2,1,17,17,1,1,2,2,NA,NA,NA,NA,3,1,2,1,1,2,2,2,1,1,2,2,1,2,3,3,2,4,4,4,4,4,4,4,4,4
2022,2675,2,4720,28,5,12,70,1,NA,NA,2,1,14,10,NA,2,2,1,3,1,1,2,3,NA,NA,NA,NA,NA,NA,NA,NA,NA,NA,NA,NA,NA,NA,NA,NA,NA,NA,NA,NA,NA,NA,NA,NA,NA
2022,2676,6,5240,31,3,12,42,1,NA,NA,2,1,10,2,NA,NA,3,2,NA,NA,NA,NA,3,2,2,2,NA,1,2,2,2,1,1,1,NA,1,3,2,4,1,3,2,1,1,1,1,NA,1
2022,2677,3,3300,61,3,14,46,1,NA,NA,2,1,23,18,NA,NA,NA,4,NA,NA,NA,NA,3,NA,NA,NA,NA,NA,NA,NA,NA,NA,NA,NA,NA,NA,NA,NA,NA,NA,NA,NA,NA,NA,NA,NA,NA,NA
2022,2678,1,4850,45,3,16,43,3,32,NA,1,1,20,20,2,2,2,2,1,3,3,1,3,2,2,1,2,2,2,2,2,2,2,2,2,2,2,2,1,2,2,4,4,4,4,4,4,4
2022,2679,7,410,41,1,12,27,1,NA,NA,2,1,26,0,NA,2,1,1,2,1,1,1,3,NA,NA,NA,NA,NA,NA,NA,NA,NA,NA,NA,NA,NA,NA,NA,NA,NA,NA,NA,NA,NA,NA,NA,NA,NA
2022,2680,8,6200,49,3,12,40,1,NA,NA,1,NA,NA,0,NA,NA,3,2,3,1,3,3,3,NA,NA,NA,NA,NA,NA,NA,NA,NA,NA,NA,NA,NA,NA,NA,NA,NA,NA,NA,NA,NA,NA,NA,NA,NA
2022,2681,5,2010,54,1,14,72,1,NA,1,2,1,18,0,1,1,1,3,NA,NA,NA,NA,3,2,2,1,2,1,1,2,2,2,2,2,1,2,1,1,2,1,2,4,4,4,4,2,1,4
2022,2682,1,1600,59,5,12,31,1,NA,NA,1,1,9,9,NA,NA,3,1,1,1,2,1,3,NA,NA,NA,NA,NA,NA,NA,NA,NA,NA,NA,NA,NA,NA,NA,NA,NA,NA,NA,NA,NA,NA,NA,NA,NA
2022,2683,1,5510,29,5,14,22,1,NA,0,1,1,18,5,NA,NA,3,3,NA,NA,NA,NA,3,NA,NA,NA,NA,NA,NA,NA,NA,NA,NA,NA,NA,NA,NA,NA,NA,NA,NA,NA,NA,NA,NA,NA,NA,NA
2022,2684,1,4700,38,3,14,68,2,74,NA,1,1,20,19,NA,NA,2,2,NA,NA,NA,NA,3,NA,NA,NA,NA,NA,NA,NA,NA,NA,NA,NA,NA,NA,NA,NA,NA,NA,NA,NA,NA,NA,NA,NA,NA,NA
2022,2685,7,NA,NA,5,14,33,2,61,2,2,1,NA,0,NA,NA,3,3,3,1,1,1,3,2,2,2,NA,2,1,2,2,2,2,2,2,2,4,4,4,4,4,4,4,4,4,4,4,4
2022,2686,1,5240,31,1,12,45,1,NA,NA,1,1,20,20,2,NA,2,2,NA,NA,NA,NA,3,NA,NA,NA,NA,NA,NA,NA,NA,NA,NA,NA,NA,NA,NA,NA,NA,NA,NA,NA,NA,NA,NA,NA,NA,NA
2022,2687,5,7340,44,3,13,65,1,NA,NA,1,1,11,0,2,2,3,3,NA,NA,NA,NA,3,NA,NA,NA,NA,NA,NA,NA,NA,NA,NA,NA,NA,NA,NA,NA,NA,NA,NA,NA,NA,NA,NA,NA,NA,NA
2022,2688,1,4850,45,5,14,36,2,9,2,1,1,20,13,2,2,1,2,NA,NA,NA,NA,3,NA,NA,NA,NA,NA,NA,NA,NA,NA,NA,NA,NA,NA,NA,NA,NA,NA,NA,NA,NA,NA,NA,NA,NA,NA
2022,2689,1,9600,35,3,12,55,1,NA,NA,1,1,18,18,2,2,3,3,NA,NA,NA,NA,3,NA,NA,NA,NA,NA,NA,NA,NA,NA,NA,NA,NA,NA,NA,NA,NA,NA,NA,NA,NA,NA,NA,NA,NA,NA
2022,2690,7,430,39,5,15,42,1,NA,NA,2,1,17,11,NA,NA,2,2,3,2,2,1,5,NA,NA,NA,NA,NA,NA,NA,NA,NA,NA,NA,NA,NA,NA,NA,NA,NA,NA,NA,NA,NA,NA,NA,NA,NA
2022,2691,1,9130,35,3,12,46,1,NA,NA,1,1,24,24,1,1,2,2,2,1,1,1,3,NA,NA,NA,NA,NA,NA,NA,NA,NA,NA,NA,NA,NA,NA,NA,NA,NA,NA,NA,NA,NA,NA,NA,NA,NA
2022,2692,1,5700,47,1,12,60,1,NA,NA,1,1,16,14,2,2,2,2,2,2,NA,NA,3,NA,NA,NA,NA,NA,NA,NA,NA,NA,NA,NA,NA,NA,NA,NA,NA,NA,NA,NA,NA,NA,NA,NA,NA,NA
2022,2693,5,7000,43,3,16,69,3,9,1,1,1,17,0,4,4,2,2,1,1,1,1,3,NA,NA,NA,NA,NA,NA,NA,NA,NA,NA,NA,NA,NA,NA,NA,NA,NA,NA,NA,NA,NA,NA,NA,NA,NA
2022,2694,2,NA,NA,3,12,78,1,NA,NA,1,1,12,4,2,2,3,2,2,2,2,1,3,NA,NA,NA,NA,NA,NA,NA,NA,NA,NA,NA,NA,NA,NA,NA,NA,NA,NA,NA,NA,NA,NA,NA,NA,NA
2022,2695,3,7750,35,3,14,48,1,NA,3,2,1,NA,5,NA,NA,3,2,NA,NA,NA,NA,7,NA,NA,NA,NA,NA,NA,NA,NA,NA,NA,NA,NA,NA,NA,NA,NA,NA,NA,NA,NA,NA,NA,NA,NA,NA
2022,2696,1,9130,35,1,12,57,1,NA,2,1,1,NA,NA,2,2,1,2,3,3,3,NA,6,NA,NA,NA,NA,NA,NA,NA,NA,NA,NA,NA,NA,NA,NA,NA,NA,NA,NA,NA,NA,NA,NA,NA,NA,NA
2022,2697,1,3850,60,1,14,39,1,NA,2,1,1,22,22,NA,NA,2,3,3,3,3,1,3,2,2,2,NA,2,2,2,2,2,2,2,2,2,2,2,2,2,2,2,2,2,2,2,2,2
2022,2698,2,5000,46,1,13,68,1,NA,1,2,1,20,16,2,2,1,1,2,2,1,2,3,1,1,2,2,1,1,2,1,1,2,2,2,2,1,1,4,1,2,4,2,2,4,4,2,4
2022,2699,1,7700,50,5,12,30,1,NA,NA,1,1,16,15,2,2,2,3,1,1,2,1,3,NA,NA,NA,NA,NA,NA,NA,NA,NA,NA,NA,NA,NA,NA,NA,NA,NA,NA,NA,NA,NA,NA,NA,NA,NA
2022,2700,7,NA,NA,5,10,23,0,NA,0,1,1,13,0,NA,NA,2,1,2,1,1,2,3,2,2,1,1,2,2,2,1,1,2,1,2,2,4,4,2,3,4,4,1,1,3,4,4,4
2022,2701,1,4700,38,1,14,35,1,NA,NA,1,1,24,21,2,2,2,2,NA,NA,NA,NA,3,NA,NA,NA,NA,NA,NA,NA,NA,NA,NA,NA,NA,NA,NA,NA,NA,NA,NA,NA,NA,NA,NA,NA,NA,NA
2022,2702,5,5940,17,3,14,87,1,NA,2,2,1,18,0,2,2,1,4,2,1,1,1,6,NA,NA,NA,NA,NA,NA,NA,NA,NA,NA,NA,NA,NA,NA,NA,NA,NA,NA,NA,NA,NA,NA,NA,NA,NA
2022,2703,5,950,39,1,13,68,1,NA,2,2,1,21,0,1,1,2,2,NA,NA,NA,NA,1,1,1,1,1,1,1,2,1,1,2,2,2,1,1,1,1,2,2,4,2,2,4,4,2,2
2022,2704,1,3600,48,1,14,34,2,36,2,2,1,20,18,2,2,1,2,NA,NA,NA,NA,3,NA,NA,NA,NA,NA,NA,NA,NA,NA,NA,NA,NA,NA,NA,NA,NA,NA,NA,NA,NA,NA,NA,NA,NA,NA
2022,2705,1,735,57,3,18,40,4,9,3,2,1,23,21,3,1,2,2,2,1,1,2,3,1,1,1,1,1,1,2,1,1,2,2,1,2,1,1,2,3,1,2,1,1,2,2,2,2
2022,2706,6,3600,48,5,15,23,2,55,0,2,1,9,9,NA,NA,3,3,NA,NA,NA,NA,3,NA,NA,NA,NA,NA,NA,NA,NA,NA,NA,NA,NA,NA,NA,NA,NA,NA,NA,NA,NA,NA,NA,NA,NA,NA
2022,2707,8,6260,28,4,10,42,1,NA,NA,1,1,9,0,NA,NA,3,4,1,1,NA,NA,3,NA,NA,NA,NA,NA,NA,NA,NA,NA,NA,NA,NA,NA,NA,NA,NA,NA,NA,NA,NA,NA,NA,NA,NA,NA
2022,2708,1,4760,31,1,15,25,1,NA,0,2,1,16,13,1,NA,2,2,NA,NA,NA,NA,3,1,1,1,2,1,1,2,2,1,1,2,1,2,2,3,3,2,1,4,4,1,1,1,1,4
2022,2709,2,5400,38,2,12,61,1,NA,NA,2,1,14,8,NA,NA,2,3,NA,NA,NA,NA,3,NA,NA,NA,NA,NA,NA,NA,NA,NA,NA,NA,NA,NA,NA,NA,NA,NA,NA,NA,NA,NA,NA,NA,NA,NA
2022,2710,5,3255,64,1,16,73,4,36,NA,2,1,26,0,2,2,1,3,NA,NA,NA,NA,3,NA,NA,NA,NA,NA,NA,NA,NA,NA,NA,NA,NA,NA,NA,NA,NA,NA,NA,NA,NA,NA,NA,NA,NA,NA
2022,2711,1,2720,65,1,17,42,3,1,2,1,1,19,18,3,3,1,2,3,1,2,1,9,1,2,1,1,2,1,2,1,1,2,2,2,2,1,4,1,4,2,4,2,2,4,4,4,2
2022,2712,1,800,60,5,16,51,3,1,1,2,1,14,0,1,1,3,2,2,1,1,2,3,1,1,1,2,2,2,2,2,2,1,1,2,2,1,1,1,4,4,4,4,2,2,2,4,4
2022,2713,7,5700,47,1,17,61,1,NA,NA,2,1,26,0,1,1,2,2,1,1,1,3,4,NA,NA,NA,NA,NA,NA,NA,NA,NA,NA,NA,NA,NA,NA,NA,NA,NA,NA,NA,NA,NA,NA,NA,NA,NA
2022,2714,1,5350,33,3,12,75,1,NA,NA,2,1,18,13,NA,2,2,2,NA,NA,NA,NA,3,NA,NA,NA,NA,NA,NA,NA,NA,NA,NA,NA,NA,NA,NA,NA,NA,NA,NA,NA,NA,NA,NA,NA,NA,NA
2022,2715,5,8450,34,2,12,75,1,NA,2,2,1,18,0,1,1,2,3,3,1,1,1,3,NA,NA,NA,NA,NA,NA,NA,NA,NA,NA,NA,NA,NA,NA,NA,NA,NA,NA,NA,NA,NA,NA,NA,NA,NA
2022,2716,5,4760,31,3,12,66,1,NA,2,2,1,13,0,1,1,2,3,3,1,1,1,3,2,2,2,NA,1,2,2,2,2,2,2,2,2,4,4,4,2,4,4,4,4,4,4,4,4
2022,2717,2,4040,32,5,10,60,1,NA,0,2,1,12,12,2,NA,2,3,NA,NA,NA,NA,7,1,2,2,1,2,1,2,2,1,2,2,2,2,2,4,4,4,2,4,4,2,4,4,4,4
2022,2718,1,6260,28,5,12,26,1,NA,NA,1,1,13,8,NA,NA,1,1,NA,NA,NA,NA,0,NA,NA,NA,NA,NA,NA,NA,NA,NA,NA,NA,NA,NA,NA,NA,NA,NA,NA,NA,NA,NA,NA,NA,NA,NA
2022,2719,1,8965,35,5,12,19,1,NA,NA,1,1,23,0,NA,NA,2,2,NA,NA,NA,NA,3,NA,NA,NA,NA,NA,NA,NA,NA,NA,NA,NA,NA,NA,NA,NA,NA,NA,NA,NA,NA,NA,NA,NA,NA,NA
2022,2720,3,6420,35,5,13,39,1,NA,1,2,2,1,0,NA,1,2,3,NA,NA,NA,NA,3,2,2,1,2,2,2,2,1,1,2,2,2,2,4,4,2,4,4,4,2,4,4,4,4,4
2022,2721,8,9620,25,5,12,42,1,NA,0,1,1,NA,0,NA,2,3,4,NA,NA,NA,NA,3,NA,NA,NA,NA,NA,NA,NA,NA,NA,NA,NA,NA,NA,NA,NA,NA,NA,NA,NA,NA,NA,NA,NA,NA,NA
2022,2722,7,3600,48,2,12,80,1,NA,NA,2,1,11,0,NA,NA,2,3,NA,NA,NA,NA,3,NA,NA,NA,NA,NA,NA,NA,NA,NA,NA,NA,NA,NA,NA,NA,NA,NA,NA,NA,NA,NA,NA,NA,NA,NA
2022,2723,5,4710,48,1,10,79,0,NA,NA,1,1,26,26,2,2,2,3,2,2,2,2,3,NA,NA,NA,NA,NA,NA,NA,NA,NA,NA,NA,NA,NA,NA,NA,NA,NA,NA,NA,NA,NA,NA,NA,NA,NA
2022,2724,7,5340,42,1,16,39,3,9,2,2,1,14,0,NA,NA,1,2,NA,NA,NA,NA,0,NA,NA,NA,NA,NA,NA,NA,NA,NA,NA,NA,NA,NA,NA,NA,NA,NA,NA,NA,NA,NA,NA,NA,NA,NA
2022,2725,5,NA,NA,1,14,70,1,NA,NA,2,1,NA,0,NA,NA,2,2,1,1,1,1,3,NA,NA,NA,NA,NA,NA,NA,NA,NA,NA,NA,NA,NA,NA,NA,NA,NA,NA,NA,NA,NA,NA,NA,NA,NA
2022,2726,5,7220,45,5,12,75,1,NA,0,1,1,20,0,1,1,2,2,NA,NA,NA,NA,3,NA,NA,NA,NA,NA,NA,NA,NA,NA,NA,NA,NA,NA,NA,NA,NA,NA,NA,NA,NA,NA,NA,NA,NA,NA
2022,2727,1,4710,48,1,16,40,3,9,NA,2,1,25,22,NA,1,1,2,NA,NA,NA,NA,9,NA,NA,NA,NA,NA,NA,NA,NA,NA,NA,NA,NA,NA,NA,NA,NA,NA,NA,NA,NA,NA,NA,NA,NA,NA
2022,2728,5,4700,38,1,11,60,0,NA,NA,2,1,25,0,NA,NA,2,3,2,1,2,1,3,NA,NA,NA,NA,NA,NA,NA,NA,NA,NA,NA,NA,NA,NA,NA,NA,NA,NA,NA,NA,NA,NA,NA,NA,NA
2022,2729,8,205,46,3,13,72,2,3,NA,1,1,20,20,2,2,3,2,NA,NA,NA,NA,3,NA,NA,NA,NA,NA,NA,NA,NA,NA,NA,NA,NA,NA,NA,NA,NA,NA,NA,NA,NA,NA,NA,NA,NA,NA
2022,2730,1,4030,21,5,12,20,1,NA,0,1,1,NA,9,NA,1,2,4,NA,NA,NA,NA,5,NA,NA,NA,NA,NA,NA,NA,NA,NA,NA,NA,NA,NA,NA,NA,NA,NA,NA,NA,NA,NA,NA,NA,NA,NA
2022,2731,5,2310,61,2,19,84,4,16,NA,2,1,NA,0,2,2,3,2,2,2,2,1,3,NA,NA,NA,NA,NA,NA,NA,NA,NA,NA,NA,NA,NA,NA,NA,NA,NA,NA,NA,NA,NA,NA,NA,NA,NA
2022,2732,8,5020,31,1,15,64,1,NA,1,2,1,16,0,2,2,2,2,NA,NA,NA,NA,3,2,2,2,NA,1,1,2,1,1,2,2,1,2,2,2,2,2,2,2,2,2,2,2,2,2
2022,2733,1,20,50,1,12,48,1,NA,NA,2,1,26,19,1,1,2,2,2,1,2,1,3,NA,NA,NA,NA,NA,NA,NA,NA,NA,NA,NA,NA,NA,NA,NA,NA,NA,NA,NA,NA,NA,NA,NA,NA,NA
2022,2734,5,6440,43,5,13,84,1,NA,NA,1,1,14,0,2,2,2,2,NA,NA,NA,NA,3,NA,NA,NA,NA,NA,NA,NA,NA,NA,NA,NA,NA,NA,NA,NA,NA,NA,NA,NA,NA,NA,NA,NA,NA,NA
2022,2735,5,7340,44,1,11,77,0,NA,NA,1,1,19,0,2,2,1,3,1,2,2,1,3,NA,NA,NA,NA,NA,NA,NA,NA,NA,NA,NA,NA,NA,NA,NA,NA,NA,NA,NA,NA,NA,NA,NA,NA,NA
2022,2736,5,120,53,1,16,67,3,1,NA,2,1,20,0,2,2,1,2,2,3,1,2,3,1,2,1,1,2,1,2,2,1,2,2,2,2,1,4,2,4,2,4,4,4,4,4,4,4
2022,2737,1,5700,47,1,12,53,1,NA,2,2,1,23,21,2,2,2,2,NA,NA,NA,NA,3,1,2,1,1,2,1,2,2,1,2,2,NA,2,2,4,2,4,2,4,2,2,4,4,4,4
2022,2738,1,1600,59,1,16,40,3,3,NA,1,1,NA,0,2,1,1,3,2,3,3,1,7,NA,NA,NA,NA,NA,NA,NA,NA,NA,NA,NA,NA,NA,NA,NA,NA,NA,NA,NA,NA,NA,NA,NA,NA,NA
2022,2739,1,3640,48,1,12,37,1,NA,1,2,1,23,18,2,2,2,2,2,2,1,1,3,1,1,1,2,2,2,1,1,2,2,2,2,2,1,1,1,4,3,3,2,2,2,3,3,3
2022,2740,8,4720,28,1,12,59,0,NA,NA,2,1,21,1,NA,NA,3,2,3,NA,2,1,0,NA,NA,NA,NA,NA,NA,NA,NA,NA,NA,NA,NA,NA,NA,NA,NA,NA,NA,NA,NA,NA,NA,NA,NA,NA
2022,2741,1,8220,44,1,12,63,1,NA,3,1,1,20,20,2,2,2,2,2,2,2,1,3,1,1,2,1,2,2,2,2,1,2,2,1,2,2,2,4,4,2,2,4,2,4,4,2,4
2022,2742,2,5000,46,1,16,49,3,9,1,2,1,20,20,2,2,2,2,NA,NA,NA,NA,3,2,1,2,1,2,1,2,2,1,2,2,2,2,4,2,3,4,2,3,1,1,4,4,2,2
2022,2743,4,8030,40,1,11,57,0,NA,2,1,1,20,15,2,2,2,3,2,2,3,1,3,NA,NA,NA,NA,NA,NA,NA,NA,NA,NA,NA,NA,NA,NA,NA,NA,NA,NA,NA,NA,NA,NA,NA,NA,NA
2022,2744,1,3630,36,3,16,30,3,55,NA,2,1,22,18,2,2,2,2,NA,NA,NA,NA,3,NA,NA,NA,NA,NA,NA,NA,NA,NA,NA,NA,NA,NA,NA,NA,NA,NA,NA,NA,NA,NA,NA,NA,NA,NA
2022,2745,1,430,39,3,16,61,3,7,1,2,1,20,20,1,1,2,2,NA,1,1,1,3,1,1,1,1,1,1,2,1,2,1,2,2,2,1,1,2,2,2,4,4,4,2,4,4,4
2022,2746,3,3600,48,5,15,21,2,51,NA,2,1,16,16,NA,1,3,3,2,1,1,3,9,NA,NA,NA,NA,NA,NA,NA,NA,NA,NA,NA,NA,NA,NA,NA,NA,NA,NA,NA,NA,NA,NA,NA,NA,NA
2022,2747,4,9620,25,5,11,23,0,NA,0,1,1,16,0,1,1,2,1,2,1,1,1,3,1,1,2,1,2,1,2,1,2,2,2,2,1,1,1,3,2,1,2,2,2,4,2,2,1
2022,2748,5,8220,44,5,12,71,1,NA,NA,1,1,17,0,2,1,2,2,3,1,1,1,3,NA,NA,NA,NA,NA,NA,NA,NA,NA,NA,NA,NA,NA,NA,NA,NA,NA,NA,NA,NA,NA,NA,NA,NA,NA
2022,2749,5,4850,45,1,18,74,4,55,NA,1,1,18,0,2,2,1,2,NA,NA,NA,NA,4,NA,NA,NA,NA,NA,NA,NA,NA,NA,NA,NA,NA,NA,NA,NA,NA,NA,NA,NA,NA,NA,NA,NA,NA,NA
2022,2750,1,5120,45,1,12,42,1,NA,NA,2,1,24,18,2,2,2,2,NA,NA,NA,NA,3,NA,NA,NA,NA,NA,NA,NA,NA,NA,NA,NA,NA,NA,NA,NA,NA,NA,NA,NA,NA,NA,NA,NA,NA,NA
2022,2751,8,NA,NA,5,16,58,2,1,NA,2,2,8,0,1,1,3,3,NA,NA,NA,NA,3,NA,NA,NA,NA,NA,NA,NA,NA,NA,NA,NA,NA,NA,NA,NA,NA,NA,NA,NA,NA,NA,NA,NA,NA,NA
2022,2752,5,9600,35,5,12,51,1,NA,3,1,1,10,0,2,2,2,2,NA,NA,NA,NA,6,2,2,2,NA,1,1,2,2,2,2,2,2,2,4,4,4,1,1,4,4,4,4,4,4,4
2022,2753,5,4850,45,1,12,66,1,NA,0,1,1,17,0,2,2,3,4,NA,NA,NA,NA,3,2,NA,2,NA,1,2,2,1,1,2,2,1,2,4,4,4,3,4,4,4,3,4,3,4,4
2022,2754,1,8800,24,5,12,59,1,NA,NA,2,1,22,22,NA,NA,1,2,NA,NA,NA,NA,3,NA,NA,NA,NA,NA,NA,NA,NA,NA,NA,NA,NA,NA,NA,NA,NA,NA,NA,NA,NA,NA,NA,NA,NA,NA
2022,2755,1,7840,30,5,12,20,1,NA,NA,2,1,NA,NA,NA,NA,3,3,NA,NA,NA,NA,6,NA,NA,NA,NA,NA,NA,NA,NA,NA,NA,NA,NA,NA,NA,NA,NA,NA,NA,NA,NA,NA,NA,NA,NA,NA
2022,2756,5,7340,44,3,12,88,1,NA,0,1,1,14,0,NA,NA,2,3,2,1,2,1,3,2,2,1,1,2,2,2,2,2,2,2,2,2,3,4,3,4,4,4,4,4,4,4,4,4
2022,2757,2,3400,62,1,12,58,1,NA,4,1,1,22,12,1,1,3,2,NA,NA,NA,NA,3,NA,NA,NA,NA,NA,NA,NA,NA,NA,NA,NA,NA,NA,NA,NA,NA,NA,NA,NA,NA,NA,NA,NA,NA,NA
2022,2758,1,5620,25,1,13,60,1,NA,2,2,1,22,20,NA,NA,1,2,2,1,2,1,0,NA,NA,NA,NA,NA,NA,NA,NA,NA,NA,NA,NA,NA,NA,NA,NA,NA,NA,NA,NA,NA,NA,NA,NA,NA
2022,2759,7,4020,33,1,12,51,1,NA,4,2,1,NA,0,NA,NA,2,2,2,2,2,1,3,2,2,1,1,1,1,2,2,1,2,1,1,1,3,3,3,2,2,3,2,2,2,2,3,2
2022,2760,3,2310,61,1,18,27,4,16,NA,2,1,23,19,1,4,2,2,2,1,1,1,3,NA,NA,NA,NA,NA,NA,NA,NA,NA,NA,NA,NA,NA,NA,NA,NA,NA,NA,NA,NA,NA,NA,NA,NA,NA
2022,2761,1,8965,35,5,13,23,1,NA,NA,1,3,NA,NA,NA,NA,2,2,NA,NA,NA,NA,3,NA,NA,NA,NA,NA,NA,NA,NA,NA,NA,NA,NA,NA,NA,NA,NA,NA,NA,NA,NA,NA,NA,NA,NA,NA
2022,2762,1,9030,65,1,14,45,1,NA,NA,1,1,23,23,2,2,2,3,3,2,2,1,3,NA,NA,NA,NA,NA,NA,NA,NA,NA,NA,NA,NA,NA,NA,NA,NA,NA,NA,NA,NA,NA,NA,NA,NA,NA
2022,2763,2,4610,48,3,16,59,3,9,2,1,1,19,11,2,1,2,3,2,2,1,1,3,NA,NA,NA,NA,NA,NA,NA,NA,NA,NA,NA,NA,NA,NA,NA,NA,NA,NA,NA,NA,NA,NA,NA,NA,NA
2022,2764,8,9600,35,3,12,61,1,NA,1,1,1,14,0,1,1,2,2,NA,NA,NA,NA,3,2,2,2,NA,2,2,2,2,1,2,2,2,2,4,4,4,4,4,4,4,4,4,4,4,3
2022,2765,5,120,53,1,12,83,1,NA,2,1,1,23,0,2,2,1,1,NA,NA,NA,NA,4,1,2,2,1,2,2,2,2,2,2,2,2,2,2,2,2,2,2,2,2,2,2,2,2,2
2022,2766,5,5700,47,2,12,86,1,NA,4,2,1,16,0,1,1,1,2,NA,NA,NA,NA,4,NA,NA,NA,NA,NA,NA,NA,NA,NA,NA,NA,NA,NA,NA,NA,NA,NA,NA,NA,NA,NA,NA,NA,NA,NA
2022,2767,1,5840,38,3,16,42,3,9,2,2,1,16,16,1,1,2,2,NA,NA,NA,NA,4,1,1,1,2,2,1,2,2,2,2,2,2,1,3,3,3,4,2,4,4,4,4,4,4,2
2022,2768,5,2000,51,3,8,80,0,NA,NA,2,1,10,0,1,1,2,2,3,1,1,1,4,NA,NA,NA,NA,NA,NA,NA,NA,NA,NA,NA,NA,NA,NA,NA,NA,NA,NA,NA,NA,NA,NA,NA,NA,NA
2022,2769,1,6355,49,2,16,31,2,54,NA,1,1,22,22,2,2,2,1,2,1,2,1,4,2,2,1,2,2,1,2,1,1,2,2,2,2,4,4,3,4,2,4,4,3,4,2,4,4
2022,2770,1,4610,48,1,16,48,3,55,NA,1,2,19,19,2,1,1,2,NA,1,2,3,0,NA,NA,NA,NA,NA,NA,NA,NA,NA,NA,NA,NA,NA,NA,NA,NA,NA,NA,NA,NA,NA,NA,NA,NA,NA
2022,2771,3,2310,61,1,18,50,4,16,1,2,1,22,19,1,1,2,2,NA,NA,NA,NA,3,1,1,1,1,1,1,1,2,1,2,1,1,2,1,1,1,2,2,2,2,2,4,2,2,4
2022,2772,1,3640,48,5,12,41,1,NA,NA,2,1,17,17,NA,NA,3,3,NA,NA,NA,NA,4,NA,NA,NA,NA,NA,NA,NA,NA,NA,NA,NA,NA,NA,NA,NA,NA,NA,NA,NA,NA,NA,NA,NA,NA,NA
2022,2773,8,5240,31,3,12,60,1,NA,1,2,1,13,13,2,2,2,3,2,3,3,1,4,NA,NA,NA,NA,NA,NA,NA,NA,NA,NA,NA,NA,NA,NA,NA,NA,NA,NA,NA,NA,NA,NA,NA,NA,NA
2022,2774,7,3500,69,3,15,67,2,36,NA,2,1,18,0,1,NA,2,3,NA,NA,NA,NA,4,NA,NA,NA,NA,NA,NA,NA,NA,NA,NA,NA,NA,NA,NA,NA,NA,NA,NA,NA,NA,NA,NA,NA,NA,NA
2022,2775,1,8140,38,3,12,30,1,NA,2,1,1,19,19,2,2,3,3,NA,NA,NA,NA,4,NA,NA,NA,NA,NA,NA,NA,NA,NA,NA,NA,NA,NA,NA,NA,NA,NA,NA,NA,NA,NA,NA,NA,NA,NA
2022,2776,1,4760,31,1,18,43,3,9,NA,2,1,20,15,NA,NA,1,2,3,1,1,2,4,2,2,2,NA,2,1,2,1,1,2,1,2,2,4,4,2,4,1,4,2,4,4,4,4,4
2022,2777,5,3245,62,1,16,67,4,42,NA,2,1,22,19,1,1,2,1,3,1,2,1,4,1,1,1,1,2,1,2,1,2,2,1,1,1,3,2,3,1,2,3,3,3,4,4,4,3
2022,2778,1,8730,38,1,12,29,1,NA,NA,1,1,20,20,2,2,1,1,2,1,2,1,4,NA,NA,NA,NA,NA,NA,NA,NA,NA,NA,NA,NA,NA,NA,NA,NA,NA,NA,NA,NA,NA,NA,NA,NA,NA
2022,2779,5,6240,31,1,10,75,0,NA,NA,1,1,21,0,1,1,2,3,1,1,2,1,3,NA,NA,NA,NA,NA,NA,NA,NA,NA,NA,NA,NA,NA,NA,NA,NA,NA,NA,NA,NA,NA,NA,NA,NA,NA
2022,2780,3,4700,38,5,16,42,3,70,0,2,1,19,19,1,1,2,1,2,1,1,3,4,1,2,2,2,2,1,2,2,1,2,2,2,1,1,4,4,4,1,4,4,1,4,4,4,2
2022,2781,1,860,43,1,12,42,1,NA,NA,2,1,24,19,2,NA,3,2,NA,NA,NA,NA,4,NA,NA,NA,NA,NA,NA,NA,NA,NA,NA,NA,NA,NA,NA,NA,NA,NA,NA,NA,NA,NA,NA,NA,NA,NA
2022,2782,1,5240,31,3,14,45,1,NA,3,2,1,15,15,NA,NA,3,4,1,1,1,2,4,1,2,1,2,1,1,2,2,1,2,2,1,2,2,4,2,2,2,4,4,2,4,4,2,4
2022,2783,1,4600,35,1,16,49,3,58,NA,2,1,23,23,2,NA,2,2,NA,NA,NA,NA,4,NA,NA,NA,NA,NA,NA,NA,NA,NA,NA,NA,NA,NA,NA,NA,NA,NA,NA,NA,NA,NA,NA,NA,NA,NA
2022,2784,1,430,39,1,16,52,3,1,3,2,1,26,21,2,2,2,2,NA,NA,NA,NA,4,1,2,1,1,2,2,2,2,2,2,2,2,2,2,2,2,2,2,2,2,2,2,2,2,2
2022,2785,5,5240,31,1,14,66,2,1,NA,2,1,21,18,NA,NA,2,2,3,2,1,2,4,NA,NA,NA,NA,NA,NA,NA,NA,NA,NA,NA,NA,NA,NA,NA,NA,NA,NA,NA,NA,NA,NA,NA,NA,NA
2022,2786,2,NA,NA,1,17,NA,4,1,NA,2,1,19,16,1,1,2,3,NA,NA,NA,NA,4,NA,NA,NA,NA,NA,NA,NA,NA,NA,NA,NA,NA,NA,NA,NA,NA,NA,NA,NA,NA,NA,NA,NA,NA,NA
2022,2787,1,3255,64,1,17,48,3,36,2,2,1,NA,NA,2,2,1,2,3,3,3,2,4,NA,NA,NA,NA,NA,NA,NA,NA,NA,NA,NA,NA,NA,NA,NA,NA,NA,NA,NA,NA,NA,NA,NA,NA,NA
2022,2788,8,4030,21,1,12,45,1,NA,NA,2,1,15,3,NA,2,1,1,NA,NA,NA,NA,9,NA,NA,NA,NA,NA,NA,NA,NA,NA,NA,NA,NA,NA,NA,NA,NA,NA,NA,NA,NA,NA,NA,NA,NA,NA
2022,2789,1,6260,28,1,12,32,1,NA,NA,1,1,19,16,NA,2,1,2,2,2,1,1,4,NA,NA,NA,NA,NA,NA,NA,NA,NA,NA,NA,NA,NA,NA,NA,NA,NA,NA,NA,NA,NA,NA,NA,NA,NA
2022,2790,4,7200,45,4,NA,51,0,NA,NA,1,2,17,17,NA,NA,3,3,NA,2,2,2,0,2,2,2,NA,2,1,2,1,1,2,1,2,2,4,4,4,3,3,4,2,1,3,2,4,3
2022,2791,1,2145,52,5,12,64,1,NA,NA,2,1,17,17,NA,2,3,2,NA,NA,NA,NA,4,NA,NA,NA,NA,NA,NA,NA,NA,NA,NA,NA,NA,NA,NA,NA,NA,NA,NA,NA,NA,NA,NA,NA,NA,NA
2022,2792,5,5860,32,3,12,73,1,NA,NA,2,1,7,0,1,1,2,2,2,1,1,2,4,NA,NA,NA,NA,NA,NA,NA,NA,NA,NA,NA,NA,NA,NA,NA,NA,NA,NA,NA,NA,NA,NA,NA,NA,NA
2022,2793,1,4220,24,3,10,34,1,NA,NA,1,1,15,15,NA,NA,3,3,NA,NA,NA,NA,4,NA,NA,NA,NA,NA,NA,NA,NA,NA,NA,NA,NA,NA,NA,NA,NA,NA,NA,NA,NA,NA,NA,NA,NA,NA
2022,2794,1,1530,70,1,17,31,2,18,NA,1,1,24,22,2,2,1,1,1,2,1,2,4,NA,NA,NA,NA,NA,NA,NA,NA,NA,NA,NA,NA,NA,NA,NA,NA,NA,NA,NA,NA,NA,NA,NA,NA,NA
2022,2795,2,3600,48,5,12,19,1,NA,NA,1,2,NA,12,NA,NA,2,2,NA,NA,NA,NA,4,NA,NA,NA,NA,NA,NA,NA,NA,NA,NA,NA,NA,NA,NA,NA,NA,NA,NA,NA,NA,NA,NA,NA,NA,NA
2022,2796,7,2000,51,1,16,39,3,42,5,2,1,19,2,2,2,1,1,NA,NA,NA,NA,0,NA,NA,NA,NA,NA,NA,NA,NA,NA,NA,NA,NA,NA,NA,NA,NA,NA,NA,NA,NA,NA,NA,NA,NA,NA
2022,2797,1,8800,24,1,12,30,1,NA,NA,1,1,21,20,NA,NA,2,2,NA,NA,NA,NA,4,NA,NA,NA,NA,NA,NA,NA,NA,NA,NA,NA,NA,NA,NA,NA,NA,NA,NA,NA,NA,NA,NA,NA,NA,NA
2022,2798,4,7720,27,5,12,60,1,NA,NA,2,1,9,0,2,2,2,2,NA,NA,NA,NA,4,NA,NA,NA,NA,NA,NA,NA,NA,NA,NA,NA,NA,NA,NA,NA,NA,NA,NA,NA,NA,NA,NA,NA,NA,NA
2022,2799,1,2850,67,3,15,NA,1,NA,1,2,1,18,18,NA,NA,3,1,NA,NA,NA,NA,4,NA,NA,NA,NA,NA,NA,NA,NA,NA,NA,NA,NA,NA,NA,NA,NA,NA,NA,NA,NA,NA,NA,NA,NA,NA
2022,2800,8,710,51,1,18,59,4,18,0,2,1,16,0,1,1,2,3,2,1,1,1,4,1,1,2,2,1,NA,2,1,1,2,2,2,2,2,2,2,2,2,2,1,1,1,4,2,4
2022,2801,1,4760,31,1,12,NA,1,NA,NA,2,1,NA,NA,NA,NA,2,2,NA,NA,NA,NA,4,NA,NA,NA,NA,NA,NA,NA,NA,NA,NA,NA,NA,NA,NA,NA,NA,NA,NA,NA,NA,NA,NA,NA,NA,NA
2022,2802,1,4040,32,5,11,44,1,NA,4,2,1,NA,16,NA,NA,2,4,1,1,1,1,4,NA,NA,NA,NA,NA,NA,NA,NA,NA,NA,NA,NA,NA,NA,NA,NA,NA,NA,NA,NA,NA,NA,NA,NA,NA
2022,2803,1,136,53,5,14,28,2,61,NA,2,1,19,19,1,1,1,2,2,1,1,1,4,NA,NA,NA,NA,NA,NA,NA,NA,NA,NA,NA,NA,NA,NA,NA,NA,NA,NA,NA,NA,NA,NA,NA,NA,NA
2022,2804,1,2630,46,5,14,41,2,53,0,1,1,21,21,NA,3,2,2,3,3,3,1,1,1,1,1,1,1,2,1,2,2,2,2,2,1,4,1,1,1,3,1,3,3,4,4,4,2
2022,2805,1,4830,38,1,12,53,1,NA,NA,2,1,25,25,1,1,2,2,NA,NA,NA,NA,4,NA,NA,NA,NA,NA,NA,NA,NA,NA,NA,NA,NA,NA,NA,NA,NA,NA,NA,NA,NA,NA,NA,NA,NA,NA
2022,2806,1,3630,36,3,16,69,3,39,0,1,1,20,20,1,1,1,1,1,1,1,1,3,1,1,2,1,1,1,2,1,1,2,1,1,1,2,2,4,1,2,4,2,2,2,2,2,2
2022,2807,1,410,41,1,9,48,1,NA,1,1,1,26,26,2,2,3,2,2,3,2,1,4,2,2,1,2,2,2,1,1,1,2,2,2,2,2,2,2,2,2,2,2,2,2,2,2,2
2022,2808,5,3255,64,2,16,68,3,36,5,2,1,22,21,1,1,2,2,NA,NA,NA,NA,4,NA,NA,NA,NA,NA,NA,NA,NA,NA,NA,NA,NA,NA,NA,NA,NA,NA,NA,NA,NA,NA,NA,NA,NA,NA
2022,2809,4,5620,25,5,12,54,1,NA,NA,2,1,15,8,1,1,3,2,NA,1,1,1,4,NA,NA,NA,NA,NA,NA,NA,NA,NA,NA,NA,NA,NA,NA,NA,NA,NA,NA,NA,NA,NA,NA,NA,NA,NA
2022,2810,1,5240,31,5,13,28,1,NA,NA,1,1,19,19,1,1,2,3,2,1,1,1,4,NA,NA,NA,NA,NA,NA,NA,NA,NA,NA,NA,NA,NA,NA,NA,NA,NA,NA,NA,NA,NA,NA,NA,NA,NA
2022,2811,1,5360,36,1,18,40,4,61,2,2,1,26,22,1,1,1,1,2,1,1,1,4,NA,NA,NA,NA,NA,NA,NA,NA,NA,NA,NA,NA,NA,NA,NA,NA,NA,NA,NA,NA,NA,NA,NA,NA,NA
2022,2812,5,3255,64,2,15,78,3,36,NA,2,1,20,0,2,2,2,1,2,2,1,1,4,NA,NA,NA,NA,NA,NA,NA,NA,NA,NA,NA,NA,NA,NA,NA,NA,NA,NA,NA,NA,NA,NA,NA,NA,NA
2022,2813,5,2320,64,2,18,81,4,19,NA,2,1,17,0,1,1,3,4,NA,NA,NA,NA,4,NA,NA,NA,NA,NA,NA,NA,NA,NA,NA,NA,NA,NA,NA,NA,NA,NA,NA,NA,NA,NA,NA,NA,NA,NA
2022,2814,1,1610,73,1,16,33,2,55,NA,1,1,21,17,1,1,2,2,3,1,1,2,4,NA,NA,NA,NA,NA,NA,NA,NA,NA,NA,NA,NA,NA,NA,NA,NA,NA,NA,NA,NA,NA,NA,NA,NA,NA
2022,2815,1,3630,36,3,12,35,1,NA,NA,2,3,11,10,NA,NA,2,1,3,1,1,1,4,NA,NA,NA,NA,NA,NA,NA,NA,NA,NA,NA,NA,NA,NA,NA,NA,NA,NA,NA,NA,NA,NA,NA,NA,NA
2022,2816,2,3600,48,3,12,60,1,NA,NA,2,1,13,13,2,2,2,3,3,3,1,2,4,NA,NA,NA,NA,NA,NA,NA,NA,NA,NA,NA,NA,NA,NA,NA,NA,NA,NA,NA,NA,NA,NA,NA,NA,NA
2022,2817,4,2145,52,1,14,52,1,NA,2,2,1,21,0,1,1,3,4,2,1,1,1,4,NA,NA,NA,NA,NA,NA,NA,NA,NA,NA,NA,NA,NA,NA,NA,NA,NA,NA,NA,NA,NA,NA,NA,NA,NA
2022,2818,1,1050,48,5,14,23,1,NA,NA,1,1,15,15,NA,3,3,2,2,2,1,1,4,NA,NA,NA,NA,NA,NA,NA,NA,NA,NA,NA,NA,NA,NA,NA,NA,NA,NA,NA,NA,NA,NA,NA,NA,NA
2022,2819,1,565,47,1,13,48,1,NA,2,1,1,22,20,3,3,1,3,NA,NA,NA,NA,4,NA,NA,NA,NA,NA,NA,NA,NA,NA,NA,NA,NA,NA,NA,NA,NA,NA,NA,NA,NA,NA,NA,NA,NA,NA
2022,2820,1,410,41,3,12,51,1,NA,NA,1,1,20,18,2,2,2,2,NA,NA,NA,NA,4,NA,NA,NA,NA,NA,NA,NA,NA,NA,NA,NA,NA,NA,NA,NA,NA,NA,NA,NA,NA,NA,NA,NA,NA,NA
2022,2821,1,3310,56,3,15,55,2,15,2,2,1,26,26,2,2,1,1,NA,NA,NA,NA,4,1,1,1,2,1,1,2,2,1,2,2,2,1,1,4,1,1,3,4,4,4,4,4,4,3
2022,2822,1,20,50,5,14,46,1,NA,2,2,1,22,19,1,1,2,3,1,1,1,1,8,NA,NA,NA,NA,NA,NA,NA,NA,NA,NA,NA,NA,NA,NA,NA,NA,NA,NA,NA,NA,NA,NA,NA,NA,NA
2022,2823,7,2310,61,2,16,79,3,16,NA,2,1,19,0,1,1,3,2,1,1,1,1,4,NA,NA,NA,NA,NA,NA,NA,NA,NA,NA,NA,NA,NA,NA,NA,NA,NA,NA,NA,NA,NA,NA,NA,NA,NA
2022,2824,1,3850,60,1,12,38,1,NA,NA,1,1,26,20,2,2,3,3,NA,NA,NA,NA,4,NA,NA,NA,NA,NA,NA,NA,NA,NA,NA,NA,NA,NA,NA,NA,NA,NA,NA,NA,NA,NA,NA,NA,NA,NA
2022,2825,1,4230,25,1,12,32,1,NA,NA,2,1,15,15,NA,NA,2,1,NA,NA,NA,NA,4,NA,NA,NA,NA,NA,NA,NA,NA,NA,NA,NA,NA,NA,NA,NA,NA,NA,NA,NA,NA,NA,NA,NA,NA,NA
2022,2826,1,NA,NA,1,12,NA,1,NA,NA,2,1,25,NA,1,1,1,2,2,1,1,NA,4,NA,NA,NA,NA,NA,NA,NA,NA,NA,NA,NA,NA,NA,NA,NA,NA,NA,NA,NA,NA,NA,NA,NA,NA,NA
2022,2827,3,2010,54,1,18,36,4,52,3,2,1,19,19,3,1,3,2,3,1,1,2,4,1,2,1,1,2,2,2,1,1,2,2,2,2,3,4,3,3,4,3,1,4,4,4,1,4
2022,2828,2,800,60,1,20,65,4,16,0,1,3,24,0,1,1,1,1,NA,NA,NA,NA,4,1,1,2,1,2,1,1,1,1,2,2,2,2,1,1,2,4,3,2,2,3,4,4,4,4
2022,2829,1,3255,64,5,15,26,2,36,NA,2,1,20,20,2,2,2,1,NA,NA,NA,NA,4,NA,NA,NA,NA,NA,NA,NA,NA,NA,NA,NA,NA,NA,NA,NA,NA,NA,NA,NA,NA,NA,NA,NA,NA,NA
2022,2830,1,3250,68,5,20,34,4,48,NA,2,1,21,21,1,1,2,3,2,1,1,1,4,1,1,2,1,1,1,2,1,1,1,1,2,2,2,1,3,3,1,4,1,1,1,1,4,4
2022,2831,1,7000,43,3,12,60,1,NA,NA,1,1,NA,22,2,2,2,2,NA,NA,NA,NA,4,2,2,2,NA,2,2,1,2,2,1,1,2,2,4,4,4,4,3,3,3,3,3,3,4,3
2022,2832,5,4710,48,2,13,NA,1,NA,NA,2,1,NA,0,1,1,1,2,1,1,2,1,4,NA,NA,NA,NA,NA,NA,NA,NA,NA,NA,NA,NA,NA,NA,NA,NA,NA,NA,NA,NA,NA,NA,NA,NA,NA
2022,2833,5,5400,38,1,12,66,1,NA,NA,2,1,NA,0,3,1,2,2,3,1,1,1,5,NA,NA,NA,NA,NA,NA,NA,NA,NA,NA,NA,NA,NA,NA,NA,NA,NA,NA,NA,NA,NA,NA,NA,NA,NA
2022,2834,6,NA,NA,5,14,21,1,NA,0,2,3,NA,0,NA,NA,2,2,NA,NA,NA,NA,4,1,2,2,2,2,2,2,1,1,2,2,2,2,1,4,4,4,4,4,2,2,4,4,4,3
2022,2835,1,9640,22,5,11,18,0,NA,NA,2,1,2,0,NA,NA,3,3,NA,NA,NA,NA,4,NA,NA,NA,NA,NA,NA,NA,NA,NA,NA,NA,NA,NA,NA,NA,NA,NA,NA,NA,NA,NA,NA,NA,NA,NA
2022,2836,8,3600,48,3,12,65,1,NA,NA,1,2,9,0,NA,1,1,3,NA,NA,NA,NA,4,NA,NA,NA,NA,NA,NA,NA,NA,NA,NA,NA,NA,NA,NA,NA,NA,NA,NA,NA,NA,NA,NA,NA,NA,NA
2022,2837,8,NA,NA,3,10,51,0,NA,NA,2,1,NA,0,NA,1,2,NA,1,1,1,1,4,NA,NA,NA,NA,NA,NA,NA,NA,NA,NA,NA,NA,NA,NA,NA,NA,NA,NA,NA,NA,NA,NA,NA,NA,NA
2022,2838,5,3255,64,2,16,73,2,36,3,2,1,13,0,NA,NA,2,4,NA,NA,NA,NA,4,2,2,2,NA,2,2,2,2,2,2,2,2,2,4,4,4,4,4,4,4,4,4,4,4,4
2022,2839,5,5110,40,3,12,67,1,NA,NA,2,3,10,0,NA,NA,3,4,NA,NA,NA,NA,0,NA,NA,NA,NA,NA,NA,NA,NA,NA,NA,NA,NA,NA,NA,NA,NA,NA,NA,NA,NA,NA,NA,NA,NA,NA
2022,2840,4,6355,49,4,12,44,1,NA,NA,1,3,1,0,NA,NA,3,2,NA,NA,NA,NA,4,NA,NA,NA,NA,NA,NA,NA,NA,NA,NA,NA,NA,NA,NA,NA,NA,NA,NA,NA,NA,NA,NA,NA,NA,NA
2022,2841,1,9630,31,5,10,19,0,NA,NA,1,1,16,10,NA,NA,2,2,NA,NA,NA,NA,4,NA,NA,NA,NA,NA,NA,NA,NA,NA,NA,NA,NA,NA,NA,NA,NA,NA,NA,NA,NA,NA,NA,NA,NA,NA
2022,2842,3,6260,28,5,14,33,1,NA,1,1,2,7,7,1,1,3,2,NA,NA,NA,NA,4,NA,NA,NA,NA,NA,NA,NA,NA,NA,NA,NA,NA,NA,NA,NA,NA,NA,NA,NA,NA,NA,NA,NA,NA,NA
2022,2843,5,5860,32,2,14,77,1,NA,2,2,1,18,0,1,1,2,3,3,1,2,1,4,1,2,2,2,1,1,2,2,1,2,2,2,2,3,3,2,2,2,2,4,2,4,2,4,4
2022,2844,5,2310,61,1,16,66,3,27,1,1,1,NA,0,2,2,2,3,NA,NA,NA,NA,4,2,2,1,2,2,1,2,2,2,2,2,2,2,1,4,2,4,2,4,4,4,4,4,4,4
2022,2845,1,3850,60,1,16,55,4,70,2,1,1,22,22,2,2,2,2,3,3,1,1,4,1,2,1,2,2,1,1,1,1,2,2,2,2,3,2,3,4,2,2,1,2,4,4,4,4
2022,2846,5,10,72,1,15,72,1,NA,3,1,1,23,19,3,3,1,1,1,2,2,2,4,2,1,1,2,1,1,1,2,2,2,2,2,2,1,2,1,2,2,2,4,4,4,4,4,4
2022,2847,7,5860,32,2,12,89,1,NA,4,2,1,14,0,2,2,1,2,NA,1,2,1,4,2,2,2,NA,2,1,2,2,2,2,2,2,2,4,4,4,4,2,4,4,4,4,4,4,4
2022,2848,1,4220,24,1,12,32,1,NA,NA,1,1,21,21,1,1,2,3,1,1,1,3,4,NA,NA,NA,NA,NA,NA,NA,NA,NA,NA,NA,NA,NA,NA,NA,NA,NA,NA,NA,NA,NA,NA,NA,NA,NA
2022,2849,5,1410,73,1,16,86,3,41,3,1,1,20,0,1,1,2,1,2,2,2,2,7,NA,NA,NA,NA,NA,NA,NA,NA,NA,NA,NA,NA,NA,NA,NA,NA,NA,NA,NA,NA,NA,NA,NA,NA,NA
2022,2850,7,4030,21,1,12,58,1,NA,NA,2,1,18,10,2,2,2,2,NA,NA,NA,NA,4,NA,NA,NA,NA,NA,NA,NA,NA,NA,NA,NA,NA,NA,NA,NA,NA,NA,NA,NA,NA,NA,NA,NA,NA,NA
2022,2851,1,7700,50,5,12,60,1,NA,NA,1,1,17,17,NA,NA,2,3,2,2,2,2,4,NA,NA,NA,NA,NA,NA,NA,NA,NA,NA,NA,NA,NA,NA,NA,NA,NA,NA,NA,NA,NA,NA,NA,NA,NA
2022,2852,8,310,39,5,12,30,1,NA,5,2,1,8,0,3,NA,3,3,3,1,1,2,4,2,2,1,2,1,1,2,2,2,2,2,1,2,2,2,1,2,2,4,4,2,2,2,1,2
2022,2853,8,2310,61,1,19,61,3,16,NA,2,1,23,23,1,1,2,2,NA,NA,NA,NA,4,1,1,1,1,1,1,2,2,1,2,2,2,2,3,3,3,3,2,4,4,3,4,3,2,4
2022,2854,1,1530,70,1,16,61,3,18,2,1,1,26,26,1,1,2,2,3,1,1,2,4,NA,NA,NA,NA,NA,NA,NA,NA,NA,NA,NA,NA,NA,NA,NA,NA,NA,NA,NA,NA,NA,NA,NA,NA,NA
2022,2855,3,2310,61,1,16,30,3,21,NA,2,1,21,21,NA,NA,2,2,NA,NA,NA,NA,7,NA,NA,NA,NA,NA,NA,NA,NA,NA,NA,NA,NA,NA,NA,NA,NA,NA,NA,NA,NA,NA,NA,NA,NA,NA
2022,2856,7,5240,31,1,12,32,1,NA,NA,2,1,21,9,NA,NA,1,2,2,2,1,1,7,NA,NA,NA,NA,NA,NA,NA,NA,NA,NA,NA,NA,NA,NA,NA,NA,NA,NA,NA,NA,NA,NA,NA,NA,NA
2022,2857,2,8950,29,5,9,18,0,NA,NA,1,3,NA,8,NA,NA,1,1,2,2,3,2,7,NA,NA,NA,NA,NA,NA,NA,NA,NA,NA,NA,NA,NA,NA,NA,NA,NA,NA,NA,NA,NA,NA,NA,NA,NA
2022,2858,1,4250,37,3,8,63,0,NA,NA,1,1,26,26,2,2,2,2,NA,NA,NA,NA,7,NA,NA,NA,NA,NA,NA,NA,NA,NA,NA,NA,NA,NA,NA,NA,NA,NA,NA,NA,NA,NA,NA,NA,NA,NA
2022,2859,7,4230,25,5,12,21,0,NA,NA,2,1,7,0,NA,NA,1,1,NA,NA,NA,NA,7,NA,NA,NA,NA,NA,NA,NA,NA,NA,NA,NA,NA,NA,NA,NA,NA,NA,NA,NA,NA,NA,NA,NA,NA,NA
2022,2860,5,3850,60,1,13,70,1,NA,NA,1,1,18,17,2,2,2,2,3,2,2,2,7,NA,NA,NA,NA,NA,NA,NA,NA,NA,NA,NA,NA,NA,NA,NA,NA,NA,NA,NA,NA,NA,NA,NA,NA,NA
2022,2861,2,NA,NA,5,11,22,0,NA,NA,1,1,16,16,NA,NA,3,1,NA,NA,NA,NA,7,NA,NA,NA,NA,NA,NA,NA,NA,NA,NA,NA,NA,NA,NA,NA,NA,NA,NA,NA,NA,NA,NA,NA,NA,NA
2022,2862,1,4240,35,1,12,36,1,NA,NA,1,1,21,17,NA,NA,2,3,2,3,1,1,7,NA,NA,NA,NA,NA,NA,NA,NA,NA,NA,NA,NA,NA,NA,NA,NA,NA,NA,NA,NA,NA,NA,NA,NA,NA
2022,2863,8,4700,38,3,10,61,1,NA,NA,2,1,9,0,NA,NA,3,4,NA,NA,NA,NA,7,NA,NA,NA,NA,NA,NA,NA,NA,NA,NA,NA,NA,NA,NA,NA,NA,NA,NA,NA,NA,NA,NA,NA,NA,NA
2022,2864,8,5120,45,1,14,50,2,9,NA,2,1,22,0,2,2,2,4,2,1,3,1,5,NA,NA,NA,NA,NA,NA,NA,NA,NA,NA,NA,NA,NA,NA,NA,NA,NA,NA,NA,NA,NA,NA,NA,NA,NA
2022,2865,7,4700,38,1,11,41,0,NA,NA,2,3,20,0,NA,NA,2,4,2,1,1,1,7,NA,NA,NA,NA,NA,NA,NA,NA,NA,NA,NA,NA,NA,NA,NA,NA,NA,NA,NA,NA,NA,NA,NA,NA,NA
2022,2866,1,3900,38,1,12,49,1,NA,NA,1,1,20,19,2,2,2,3,2,3,1,1,7,NA,NA,NA,NA,NA,NA,NA,NA,NA,NA,NA,NA,NA,NA,NA,NA,NA,NA,NA,NA,NA,NA,NA,NA,NA
2022,2867,1,7560,44,5,15,26,1,NA,NA,1,1,17,17,NA,NA,2,2,1,1,1,3,7,NA,NA,NA,NA,NA,NA,NA,NA,NA,NA,NA,NA,NA,NA,NA,NA,NA,NA,NA,NA,NA,NA,NA,NA,NA
2022,2868,1,6355,49,1,11,47,0,NA,NA,1,3,21,20,NA,NA,2,2,2,1,1,2,9,NA,NA,NA,NA,NA,NA,NA,NA,NA,NA,NA,NA,NA,NA,NA,NA,NA,NA,NA,NA,NA,NA,NA,NA,NA
2022,2869,1,6940,32,1,9,49,0,NA,NA,1,1,22,22,2,2,1,2,NA,NA,NA,NA,8,NA,NA,NA,NA,NA,NA,NA,NA,NA,NA,NA,NA,NA,NA,NA,NA,NA,NA,NA,NA,NA,NA,NA,NA,NA
2022,2870,2,9610,22,1,13,44,1,NA,NA,1,1,16,16,NA,NA,3,2,NA,NA,NA,NA,0,NA,NA,NA,NA,NA,NA,NA,NA,NA,NA,NA,NA,NA,NA,NA,NA,NA,NA,NA,NA,NA,NA,NA,NA,NA
2022,2871,7,4020,33,1,12,31,1,NA,1,2,1,21,0,NA,NA,1,2,NA,NA,NA,NA,0,NA,NA,NA,NA,NA,NA,NA,NA,NA,NA,NA,NA,NA,NA,NA,NA,NA,NA,NA,NA,NA,NA,NA,NA,NA
2022,2872,1,520,45,1,12,54,0,NA,NA,2,1,21,0,NA,NA,3,3,3,1,1,1,7,NA,NA,NA,NA,NA,NA,NA,NA,NA,NA,NA,NA,NA,NA,NA,NA,NA,NA,NA,NA,NA,NA,NA,NA,NA
2022,2873,5,6355,49,1,12,65,1,NA,0,1,1,7,0,NA,NA,2,2,NA,NA,NA,NA,8,2,2,2,NA,2,1,2,2,1,2,1,2,2,4,3,3,3,2,4,2,2,3,3,3,2
2022,2874,8,4510,36,2,9,57,0,NA,NA,2,1,10,0,NA,NA,2,3,2,1,1,1,7,2,2,2,NA,1,2,2,2,2,2,2,2,2,4,4,4,4,4,4,4,4,4,4,4,4
2022,2875,7,3600,48,1,5,53,0,NA,NA,2,1,18,0,NA,NA,2,3,NA,NA,NA,NA,7,NA,NA,NA,NA,NA,NA,NA,NA,NA,NA,NA,NA,NA,NA,NA,NA,NA,NA,NA,NA,NA,NA,NA,NA,NA
2022,2876,1,5630,34,4,13,42,1,NA,2,2,1,15,13,1,2,1,2,NA,NA,NA,NA,7,NA,NA,NA,NA,NA,NA,NA,NA,NA,NA,NA,NA,NA,NA,NA,NA,NA,NA,NA,NA,NA,NA,NA,NA,NA
2022,2877,2,3600,48,1,8,32,0,NA,NA,2,3,6,6,NA,NA,1,1,NA,NA,NA,NA,7,NA,NA,NA,NA,NA,NA,NA,NA,NA,NA,NA,NA,NA,NA,NA,NA,NA,NA,NA,NA,NA,NA,NA,NA,NA
2022,2878,5,5620,25,3,15,65,2,72,NA,1,1,12,8,1,1,2,2,1,1,1,1,7,NA,NA,NA,NA,NA,NA,NA,NA,NA,NA,NA,NA,NA,NA,NA,NA,NA,NA,NA,NA,NA,NA,NA,NA,NA
2022,2879,2,5700,47,1,14,29,2,34,NA,2,1,16,0,NA,NA,2,2,3,3,3,1,7,NA,NA,NA,NA,NA,NA,NA,NA,NA,NA,NA,NA,NA,NA,NA,NA,NA,NA,NA,NA,NA,NA,NA,NA,NA
2022,2880,1,7340,44,1,12,57,1,NA,NA,1,1,NA,13,NA,2,2,2,NA,NA,NA,NA,7,NA,NA,NA,NA,NA,NA,NA,NA,NA,NA,NA,NA,NA,NA,NA,NA,NA,NA,NA,NA,NA,NA,NA,NA,NA
2022,2881,1,6230,44,3,16,34,1,NA,NA,1,1,17,14,NA,NA,1,1,NA,NA,NA,NA,7,NA,NA,NA,NA,NA,NA,NA,NA,NA,NA,NA,NA,NA,NA,NA,NA,NA,NA,NA,NA,NA,NA,NA,NA,NA
2022,2882,1,5550,45,1,13,30,1,NA,3,2,1,24,20,NA,1,2,3,1,1,1,1,7,1,2,1,2,2,1,2,2,2,2,2,2,1,1,4,2,4,2,4,4,4,4,4,4,2
2022,2883,2,4020,33,3,15,41,3,1,NA,2,1,14,14,NA,NA,2,3,3,1,1,2,0,NA,NA,NA,NA,NA,NA,NA,NA,NA,NA,NA,NA,NA,NA,NA,NA,NA,NA,NA,NA,NA,NA,NA,NA,NA
2022,2884,7,NA,NA,1,9,32,0,NA,NA,2,3,19,0,NA,NA,2,3,NA,NA,NA,NA,0,NA,NA,NA,NA,NA,NA,NA,NA,NA,NA,NA,NA,NA,NA,NA,NA,NA,NA,NA,NA,NA,NA,NA,NA,NA
2022,2885,1,4000,50,1,14,54,1,NA,NA,2,1,19,15,1,1,2,2,2,1,2,1,7,NA,NA,NA,NA,NA,NA,NA,NA,NA,NA,NA,NA,NA,NA,NA,NA,NA,NA,NA,NA,NA,NA,NA,NA,NA
2022,2886,1,5165,37,5,13,25,1,NA,2,2,3,19,15,NA,2,2,1,2,1,1,1,7,NA,NA,NA,NA,NA,NA,NA,NA,NA,NA,NA,NA,NA,NA,NA,NA,NA,NA,NA,NA,NA,NA,NA,NA,NA
2022,2887,7,4610,48,1,12,54,1,NA,NA,2,1,13,0,2,2,2,2,NA,NA,NA,NA,7,NA,NA,NA,NA,NA,NA,NA,NA,NA,NA,NA,NA,NA,NA,NA,NA,NA,NA,NA,NA,NA,NA,NA,NA,NA
2022,2888,2,5240,31,2,6,58,0,NA,2,2,2,18,14,1,1,3,3,NA,NA,NA,NA,7,2,1,1,1,1,1,2,1,1,1,1,1,1,3,3,3,2,2,3,2,2,2,2,3,2
2022,2889,1,4030,21,5,12,19,1,NA,NA,2,1,21,0,NA,NA,2,3,NA,NA,NA,NA,7,NA,NA,NA,NA,NA,NA,NA,NA,NA,NA,NA,NA,NA,NA,NA,NA,NA,NA,NA,NA,NA,NA,NA,NA,NA
2022,2890,1,6800,52,3,13,45,1,NA,NA,1,3,14,14,NA,NA,3,4,1,1,1,1,7,2,2,1,1,2,2,1,1,1,1,1,2,1,4,4,3,4,4,4,4,4,3,3,4,3
2022,2891,1,2340,38,5,14,22,2,74,NA,1,3,22,20,NA,NA,1,3,2,1,1,1,7,NA,NA,NA,NA,NA,NA,NA,NA,NA,NA,NA,NA,NA,NA,NA,NA,NA,NA,NA,NA,NA,NA,NA,NA,NA
2022,2892,1,7200,45,4,12,27,1,NA,NA,2,1,16,16,2,2,2,3,NA,NA,NA,NA,7,NA,NA,NA,NA,NA,NA,NA,NA,NA,NA,NA,NA,NA,NA,NA,NA,NA,NA,NA,NA,NA,NA,NA,NA,NA
2022,2893,5,3255,64,1,16,64,3,36,NA,2,3,18,0,1,1,2,2,1,1,1,1,7,NA,NA,NA,NA,NA,NA,NA,NA,NA,NA,NA,NA,NA,NA,NA,NA,NA,NA,NA,NA,NA,NA,NA,NA,NA
2022,2894,1,5310,50,1,13,49,1,NA,2,2,2,21,16,NA,NA,2,2,2,1,1,3,9,1,1,1,1,2,1,1,1,1,2,1,2,1,1,2,1,4,2,2,1,1,1,4,4,2
2022,2895,1,2330,61,1,20,60,4,16,2,1,3,25,23,1,1,2,2,2,1,1,1,7,NA,NA,NA,NA,NA,NA,NA,NA,NA,NA,NA,NA,NA,NA,NA,NA,NA,NA,NA,NA,NA,NA,NA,NA,NA
2022,2896,1,4720,28,3,12,31,1,NA,NA,2,1,13,13,NA,NA,2,2,NA,NA,NA,NA,7,NA,NA,NA,NA,NA,NA,NA,NA,NA,NA,NA,NA,NA,NA,NA,NA,NA,NA,NA,NA,NA,NA,NA,NA,NA
2022,2897,5,5540,45,3,14,69,2,9,NA,1,1,14,0,1,1,2,2,NA,NA,NA,NA,7,NA,NA,NA,NA,NA,NA,NA,NA,NA,NA,NA,NA,NA,NA,NA,NA,NA,NA,NA,NA,NA,NA,NA,NA,NA
2022,2898,4,310,39,5,14,39,1,NA,2,2,1,20,19,2,2,2,2,NA,NA,NA,NA,7,NA,NA,NA,NA,NA,NA,NA,NA,NA,NA,NA,NA,NA,NA,NA,NA,NA,NA,NA,NA,NA,NA,NA,NA,NA
2022,2899,5,420,52,1,14,78,2,9,3,1,3,20,0,1,1,1,1,2,1,1,1,7,NA,NA,NA,NA,NA,NA,NA,NA,NA,NA,NA,NA,NA,NA,NA,NA,NA,NA,NA,NA,NA,NA,NA,NA,NA
2022,2900,7,6230,44,4,9,47,0,NA,NA,1,1,5,5,NA,NA,3,3,1,1,1,1,7,NA,NA,NA,NA,NA,NA,NA,NA,NA,NA,NA,NA,NA,NA,NA,NA,NA,NA,NA,NA,NA,NA,NA,NA,NA
2022,2901,4,NA,NA,5,12,19,1,NA,0,2,NA,NA,NA,NA,NA,2,2,3,1,1,1,7,NA,NA,NA,NA,NA,NA,NA,NA,NA,NA,NA,NA,NA,NA,NA,NA,NA,NA,NA,NA,NA,NA,NA,NA,NA
2022,2902,2,3000,61,1,13,37,4,55,2,2,1,NA,0,2,2,1,2,2,1,2,1,7,NA,NA,NA,NA,NA,NA,NA,NA,NA,NA,NA,NA,NA,NA,NA,NA,NA,NA,NA,NA,NA,NA,NA,NA,NA
2022,2903,8,2540,48,5,12,26,1,NA,NA,2,1,NA,NA,NA,NA,2,2,NA,NA,NA,NA,7,NA,NA,NA,NA,NA,NA,NA,NA,NA,NA,NA,NA,NA,NA,NA,NA,NA,NA,NA,NA,NA,NA,NA,NA,NA
2022,2904,2,2000,51,3,12,51,1,NA,NA,2,2,18,17,1,1,3,3,3,1,2,1,7,NA,NA,NA,NA,NA,NA,NA,NA,NA,NA,NA,NA,NA,NA,NA,NA,NA,NA,NA,NA,NA,NA,NA,NA,NA
2022,2905,1,6440,43,1,8,44,0,NA,NA,1,3,16,0,NA,NA,1,2,NA,NA,NA,NA,0,NA,NA,NA,NA,NA,NA,NA,NA,NA,NA,NA,NA,NA,NA,NA,NA,NA,NA,NA,NA,NA,NA,NA,NA,NA
2022,2906,5,8220,44,1,1,NA,0,NA,NA,2,1,9,0,NA,NA,2,3,3,3,2,2,7,NA,NA,NA,NA,NA,NA,NA,NA,NA,NA,NA,NA,NA,NA,NA,NA,NA,NA,NA,NA,NA,NA,NA,NA,NA
2022,2907,2,2720,65,5,12,19,1,NA,NA,2,2,11,2,NA,NA,2,3,NA,NA,NA,NA,7,NA,NA,NA,NA,NA,NA,NA,NA,NA,NA,NA,NA,NA,NA,NA,NA,NA,NA,NA,NA,NA,NA,NA,NA,NA
2022,2908,2,3600,48,3,14,71,1,NA,NA,2,2,NA,NA,1,1,2,1,NA,NA,NA,NA,7,NA,NA,NA,NA,NA,NA,NA,NA,NA,NA,NA,NA,NA,NA,NA,NA,NA,NA,NA,NA,NA,NA,NA,NA,NA
2022,2909,1,1550,50,5,12,40,1,NA,NA,1,1,8,0,NA,NA,1,2,NA,NA,NA,NA,7,NA,NA,NA,NA,NA,NA,NA,NA,NA,NA,NA,NA,NA,NA,NA,NA,NA,NA,NA,NA,NA,NA,NA,NA,NA
2022,2910,7,NA,NA,5,12,19,1,NA,NA,2,3,17,0,NA,NA,2,2,2,1,3,2,NA,NA,NA,NA,NA,NA,NA,NA,NA,NA,NA,NA,NA,NA,NA,NA,NA,NA,NA,NA,NA,NA,NA,NA,NA,NA
2022,2911,1,3740,59,5,15,23,2,34,NA,1,1,18,0,NA,2,1,1,NA,NA,NA,NA,7,NA,NA,NA,NA,NA,NA,NA,NA,NA,NA,NA,NA,NA,NA,NA,NA,NA,NA,NA,NA,NA,NA,NA,NA,NA
2022,2912,1,1020,60,5,16,23,3,14,NA,1,1,22,22,NA,3,2,1,NA,NA,NA,NA,7,NA,NA,NA,NA,NA,NA,NA,NA,NA,NA,NA,NA,NA,NA,NA,NA,NA,NA,NA,NA,NA,NA,NA,NA,NA
2022,2913,2,8300,26,1,12,34,0,NA,NA,2,3,17,5,NA,NA,1,1,NA,NA,NA,NA,0,NA,NA,NA,NA,NA,NA,NA,NA,NA,NA,NA,NA,NA,NA,NA,NA,NA,NA,NA,NA,NA,NA,NA,NA,NA
2022,2914,1,1760,42,5,19,NA,4,70,NA,2,1,NA,NA,NA,NA,2,2,1,1,2,1,8,NA,NA,NA,NA,NA,NA,NA,NA,NA,NA,NA,NA,NA,NA,NA,NA,NA,NA,NA,NA,NA,NA,NA,NA,NA
2022,2915,4,5700,47,1,14,31,2,53,NA,2,2,NA,0,NA,1,3,2,NA,NA,NA,NA,7,2,2,1,1,1,1,1,1,1,1,1,1,1,2,3,1,3,3,3,2,3,1,2,1,3
2022,2916,1,4850,45,1,16,43,3,12,NA,1,1,25,24,NA,3,2,2,3,3,1,1,7,NA,NA,NA,NA,NA,NA,NA,NA,NA,NA,NA,NA,NA,NA,NA,NA,NA,NA,NA,NA,NA,NA,NA,NA,NA
2022,2917,5,5700,47,1,16,72,3,9,NA,2,3,19,0,2,2,2,3,2,2,2,1,0,NA,NA,NA,NA,NA,NA,NA,NA,NA,NA,NA,NA,NA,NA,NA,NA,NA,NA,NA,NA,NA,NA,NA,NA,NA
2022,2918,5,5020,31,3,12,64,1,NA,NA,2,1,13,0,2,2,3,2,NA,NA,NA,NA,7,NA,NA,NA,NA,NA,NA,NA,NA,NA,NA,NA,NA,NA,NA,NA,NA,NA,NA,NA,NA,NA,NA,NA,NA,NA
2022,2919,4,4110,31,5,12,18,1,NA,NA,2,2,9,0,NA,NA,3,4,NA,NA,NA,NA,7,NA,NA,NA,NA,NA,NA,NA,NA,NA,NA,NA,NA,NA,NA,NA,NA,NA,NA,NA,NA,NA,NA,NA,NA,NA
2022,2920,5,2320,64,2,18,88,4,8,NA,2,1,26,0,2,2,3,2,2,2,2,1,7,2,2,1,2,2,1,2,2,2,2,2,2,2,4,4,4,4,4,NA,4,4,NA,4,4,4
2022,2921,1,4920,49,1,16,70,3,16,NA,2,1,20,16,2,2,3,1,2,2,1,1,7,NA,NA,NA,NA,NA,NA,NA,NA,NA,NA,NA,NA,NA,NA,NA,NA,NA,NA,NA,NA,NA,NA,NA,NA,NA
2022,2922,7,120,53,1,16,46,3,9,NA,2,1,22,1,2,2,2,2,NA,NA,NA,NA,7,NA,NA,NA,NA,NA,NA,NA,NA,NA,NA,NA,NA,NA,NA,NA,NA,NA,NA,NA,NA,NA,NA,NA,NA,NA
2022,2923,5,5520,32,3,12,76,1,NA,1,2,1,18,0,1,1,3,3,2,1,1,1,3,2,2,1,2,2,1,1,2,2,2,2,1,2,4,4,3,4,2,2,4,4,4,4,2,4
2022,2924,5,1520,63,2,17,80,3,18,NA,1,1,26,9,2,2,3,2,NA,NA,NA,NA,7,NA,NA,NA,NA,NA,NA,NA,NA,NA,NA,NA,NA,NA,NA,NA,NA,NA,NA,NA,NA,NA,NA,NA,NA,NA
2022,2925,1,800,60,1,16,39,3,12,NA,2,1,25,22,NA,NA,2,3,1,1,1,1,7,NA,NA,NA,NA,NA,NA,NA,NA,NA,NA,NA,NA,NA,NA,NA,NA,NA,NA,NA,NA,NA,NA,NA,NA,NA
2022,2926,1,5700,47,3,12,56,1,NA,NA,2,1,19,17,NA,NA,3,2,2,2,1,1,7,NA,NA,NA,NA,NA,NA,NA,NA,NA,NA,NA,NA,NA,NA,NA,NA,NA,NA,NA,NA,NA,NA,NA,NA,NA
2022,2927,5,1530,70,2,19,84,4,9,4,1,1,19,0,2,2,2,4,NA,NA,NA,NA,3,NA,NA,NA,NA,NA,NA,NA,NA,NA,NA,NA,NA,NA,NA,NA,NA,NA,NA,NA,NA,NA,NA,NA,NA,NA
2022,2928,5,3030,55,2,17,54,3,58,4,2,1,14,0,1,1,1,1,3,1,1,1,1,NA,NA,NA,NA,NA,NA,NA,NA,NA,NA,NA,NA,NA,NA,NA,NA,NA,NA,NA,NA,NA,NA,NA,NA,NA
2022,2929,5,4850,45,5,14,60,1,NA,5,2,1,13,13,1,1,2,2,2,1,1,1,8,NA,NA,NA,NA,NA,NA,NA,NA,NA,NA,NA,NA,NA,NA,NA,NA,NA,NA,NA,NA,NA,NA,NA,NA,NA
2022,2930,1,4920,49,1,14,58,2,72,1,1,1,20,20,2,2,1,2,NA,NA,NA,NA,8,NA,NA,NA,NA,NA,NA,NA,NA,NA,NA,NA,NA,NA,NA,NA,NA,NA,NA,NA,NA,NA,NA,NA,NA,NA
2022,2931,4,3420,55,5,12,32,1,NA,1,2,2,15,15,NA,NA,3,3,3,1,1,1,8,2,2,2,NA,2,2,1,1,1,1,2,2,1,4,4,4,4,4,4,4,1,1,2,4,1
2022,2932,3,2320,64,1,16,26,3,42,0,1,1,22,18,NA,1,2,1,NA,NA,NA,NA,3,1,1,1,1,2,1,2,2,1,2,2,2,1,1,2,1,4,2,4,3,3,4,4,4,2
2022,2933,1,1740,65,3,17,35,3,24,1,1,1,25,21,1,1,2,1,NA,NA,NA,NA,8,1,1,2,1,2,2,2,2,2,2,2,2,2,2,2,2,4,4,4,4,4,4,4,4,4
2022,2934,4,220,53,1,18,78,4,25,NA,1,1,21,0,2,2,2,1,1,3,2,1,8,NA,NA,NA,NA,NA,NA,NA,NA,NA,NA,NA,NA,NA,NA,NA,NA,NA,NA,NA,NA,NA,NA,NA,NA,NA
2022,2935,5,5700,47,1,14,77,1,NA,NA,2,1,20,9,2,2,2,2,2,3,3,1,8,NA,NA,NA,NA,NA,NA,NA,NA,NA,NA,NA,NA,NA,NA,NA,NA,NA,NA,NA,NA,NA,NA,NA,NA,NA
2022,2936,8,5550,45,3,12,65,1,NA,NA,1,1,13,0,NA,1,2,2,3,2,2,1,8,NA,NA,NA,NA,NA,NA,NA,NA,NA,NA,NA,NA,NA,NA,NA,NA,NA,NA,NA,NA,NA,NA,NA,NA,NA
2022,2937,4,6440,43,3,14,69,1,NA,3,1,1,10,0,2,NA,2,3,NA,NA,NA,NA,8,NA,NA,NA,NA,NA,NA,NA,NA,NA,NA,NA,NA,NA,NA,NA,NA,NA,NA,NA,NA,NA,NA,NA,NA,NA
2022,2938,1,4020,33,5,11,26,0,NA,NA,1,1,14,0,NA,1,2,2,1,1,2,1,8,NA,NA,NA,NA,NA,NA,NA,NA,NA,NA,NA,NA,NA,NA,NA,NA,NA,NA,NA,NA,NA,NA,NA,NA,NA
2022,2939,5,4220,24,2,11,72,0,NA,NA,1,1,11,0,NA,NA,3,4,NA,NA,NA,NA,8,NA,NA,NA,NA,NA,NA,NA,NA,NA,NA,NA,NA,NA,NA,NA,NA,NA,NA,NA,NA,NA,NA,NA,NA,NA
2022,2940,1,3930,34,5,14,30,1,NA,NA,1,3,16,16,2,3,2,2,1,1,1,3,8,NA,NA,NA,NA,NA,NA,NA,NA,NA,NA,NA,NA,NA,NA,NA,NA,NA,NA,NA,NA,NA,NA,NA,NA,NA
2022,2941,4,9600,35,5,12,30,1,NA,0,1,1,12,12,NA,NA,3,2,NA,NA,NA,NA,4,NA,NA,NA,NA,NA,NA,NA,NA,NA,NA,NA,NA,NA,NA,NA,NA,NA,NA,NA,NA,NA,NA,NA,NA,NA
2022,2942,1,4220,24,5,11,55,1,NA,NA,1,2,7,7,NA,NA,2,4,3,3,2,1,8,NA,NA,NA,NA,NA,NA,NA,NA,NA,NA,NA,NA,NA,NA,NA,NA,NA,NA,NA,NA,NA,NA,NA,NA,NA
2022,2943,5,6200,49,2,19,76,4,19,0,1,1,14,0,NA,NA,2,2,2,2,2,2,9,2,1,1,2,1,1,2,1,1,1,1,1,1,1,1,1,2,2,1,1,1,2,2,1,1
2022,2944,5,300,62,1,12,69,1,NA,NA,1,1,20,0,2,2,2,3,NA,NA,NA,NA,8,NA,NA,NA,NA,NA,NA,NA,NA,NA,NA,NA,NA,NA,NA,NA,NA,NA,NA,NA,NA,NA,NA,NA,NA,NA
2022,2945,1,4110,31,5,12,40,1,NA,0,1,1,25,15,NA,NA,1,3,2,2,2,2,9,1,1,1,1,2,2,1,1,1,1,1,1,1,1,1,1,1,1,1,1,1,1,1,1,1
2022,2946,1,9640,22,5,12,26,1,NA,NA,2,3,18,0,NA,NA,2,3,1,1,1,1,8,NA,NA,NA,NA,NA,NA,NA,NA,NA,NA,NA,NA,NA,NA,NA,NA,NA,NA,NA,NA,NA,NA,NA,NA,NA
2022,2947,2,4030,21,5,13,19,1,NA,NA,1,3,21,0,NA,1,2,1,NA,NA,NA,NA,8,1,2,1,1,2,1,2,1,1,2,1,1,1,1,2,1,3,2,4,2,2,4,1,3,2
2022,2948,5,1965,43,1,13,65,1,NA,3,1,1,26,0,3,3,1,3,2,2,2,1,8,NA,NA,NA,NA,NA,NA,NA,NA,NA,NA,NA,NA,NA,NA,NA,NA,NA,NA,NA,NA,NA,NA,NA,NA,NA
2022,2949,5,2200,74,3,15,71,2,14,NA,2,1,8,0,NA,NA,2,3,NA,NA,NA,NA,9,NA,NA,NA,NA,NA,NA,NA,NA,NA,NA,NA,NA,NA,NA,NA,NA,NA,NA,NA,NA,NA,NA,NA,NA,NA
2022,2950,5,3600,48,5,11,67,0,NA,NA,2,2,8,0,1,NA,3,3,2,1,2,1,2,NA,NA,NA,NA,NA,NA,NA,NA,NA,NA,NA,NA,NA,NA,NA,NA,NA,NA,NA,NA,NA,NA,NA,NA,NA
2022,2951,1,1006,65,3,18,57,4,16,NA,2,1,21,21,2,2,2,3,NA,1,1,1,0,NA,NA,NA,NA,NA,NA,NA,NA,NA,NA,NA,NA,NA,NA,NA,NA,NA,NA,NA,NA,NA,NA,NA,NA,NA
2022,2952,1,120,53,5,12,28,1,NA,NA,2,3,18,0,1,1,2,2,2,1,1,1,8,NA,NA,NA,NA,NA,NA,NA,NA,NA,NA,NA,NA,NA,NA,NA,NA,NA,NA,NA,NA,NA,NA,NA,NA,NA
2022,2953,1,9130,35,5,12,42,1,NA,NA,1,1,16,15,NA,NA,1,2,2,2,2,1,3,NA,NA,NA,NA,NA,NA,NA,NA,NA,NA,NA,NA,NA,NA,NA,NA,NA,NA,NA,NA,NA,NA,NA,NA,NA
2022,2954,2,2550,50,5,20,67,4,16,NA,2,1,21,12,1,1,2,2,3,1,1,1,4,NA,NA,NA,NA,NA,NA,NA,NA,NA,NA,NA,NA,NA,NA,NA,NA,NA,NA,NA,NA,NA,NA,NA,NA,NA
2022,2955,5,2320,64,3,20,69,4,14,1,2,1,21,0,1,1,2,2,1,1,1,1,4,NA,NA,NA,NA,NA,NA,NA,NA,NA,NA,NA,NA,NA,NA,NA,NA,NA,NA,NA,NA,NA,NA,NA,NA,NA
2022,2956,5,2300,53,2,12,NA,1,NA,NA,2,1,NA,0,NA,NA,3,3,3,1,1,1,8,NA,NA,NA,NA,NA,NA,NA,NA,NA,NA,NA,NA,NA,NA,NA,NA,NA,NA,NA,NA,NA,NA,NA,NA,NA
2022,2957,1,8740,39,3,13,52,1,NA,1,2,1,21,14,NA,NA,2,1,NA,NA,NA,NA,9,2,2,2,NA,2,2,2,1,2,2,2,2,2,2,2,2,2,2,2,2,2,2,2,2,2
2022,2958,7,2720,65,1,14,26,1,NA,2,2,1,20,0,2,2,2,2,NA,2,1,1,8,NA,NA,NA,NA,NA,NA,NA,NA,NA,NA,NA,NA,NA,NA,NA,NA,NA,NA,NA,NA,NA,NA,NA,NA,NA
2022,2959,5,430,39,1,14,69,1,NA,NA,1,3,13,0,1,1,3,3,2,1,1,1,8,NA,NA,NA,NA,NA,NA,NA,NA,NA,NA,NA,NA,NA,NA,NA,NA,NA,NA,NA,NA,NA,NA,NA,NA,NA
2022,2960,8,430,39,1,14,48,1,NA,NA,2,1,19,0,2,NA,2,3,2,2,2,2,8,NA,NA,NA,NA,NA,NA,NA,NA,NA,NA,NA,NA,NA,NA,NA,NA,NA,NA,NA,NA,NA,NA,NA,NA,NA
2022,2961,1,2310,61,3,18,58,3,16,NA,2,NA,17,0,1,1,1,1,NA,NA,NA,NA,8,NA,NA,NA,NA,NA,NA,NA,NA,NA,NA,NA,NA,NA,NA,NA,NA,NA,NA,NA,NA,NA,NA,NA,NA,NA
2022,2962,5,5860,32,1,14,79,1,NA,NA,2,2,14,0,1,NA,2,3,NA,NA,NA,NA,2,NA,NA,NA,NA,NA,NA,NA,NA,NA,NA,NA,NA,NA,NA,NA,NA,NA,NA,NA,NA,NA,NA,NA,NA,NA
2022,2963,1,4700,38,5,11,32,0,NA,NA,2,3,11,8,NA,NA,1,3,NA,NA,NA,NA,8,NA,NA,NA,NA,NA,NA,NA,NA,NA,NA,NA,NA,NA,NA,NA,NA,NA,NA,NA,NA,NA,NA,NA,NA,NA
2022,2964,1,7010,49,5,14,29,1,NA,0,1,1,19,19,3,3,3,2,1,2,1,2,8,1,1,1,2,2,1,2,1,1,2,2,2,2,3,3,3,4,1,4,1,4,4,4,4,4
2022,2965,5,2330,61,3,16,NA,3,16,NA,2,1,10,0,NA,NA,2,2,2,3,2,1,4,NA,NA,NA,NA,NA,NA,NA,NA,NA,NA,NA,NA,NA,NA,NA,NA,NA,NA,NA,NA,NA,NA,NA,NA,NA
2022,2966,5,5240,31,2,14,70,1,NA,0,2,1,15,0,2,2,2,2,NA,NA,NA,NA,8,NA,NA,NA,NA,NA,NA,NA,NA,NA,NA,NA,NA,NA,NA,NA,NA,NA,NA,NA,NA,NA,NA,NA,NA,NA
2022,2967,2,6765,37,1,20,41,1,NA,NA,1,1,12,12,NA,NA,2,2,2,1,3,1,8,NA,NA,NA,NA,NA,NA,NA,NA,NA,NA,NA,NA,NA,NA,NA,NA,NA,NA,NA,NA,NA,NA,NA,NA,NA
2022,2968,7,420,52,1,16,40,3,60,NA,2,1,26,0,1,1,2,1,NA,NA,NA,NA,8,NA,NA,NA,NA,NA,NA,NA,NA,NA,NA,NA,NA,NA,NA,NA,NA,NA,NA,NA,NA,NA,NA,NA,NA,NA
2022,2969,5,7200,45,1,12,75,1,NA,1,1,1,23,0,3,1,1,3,3,1,1,1,8,NA,2,1,2,2,1,2,2,1,2,2,2,2,4,4,3,4,2,4,4,4,4,4,4,4
2022,2970,5,2310,61,1,16,58,3,18,2,2,1,26,0,2,2,2,2,NA,NA,NA,NA,1,NA,NA,NA,NA,NA,NA,NA,NA,NA,NA,NA,NA,NA,NA,NA,NA,NA,NA,NA,NA,NA,NA,NA,NA,NA
2022,2971,5,2310,61,1,16,66,3,21,5,2,1,NA,0,NA,4,1,3,NA,NA,NA,NA,9,2,1,1,2,2,1,2,2,1,2,2,2,2,1,1,1,4,4,4,1,1,4,4,4,4
2022,2972,5,430,39,1,15,68,1,NA,1,2,1,24,0,2,2,2,2,2,3,3,1,9,NA,NA,NA,NA,NA,NA,NA,NA,NA,NA,NA,NA,NA,NA,NA,NA,NA,NA,NA,NA,NA,NA,NA,NA,NA
2022,2973,1,20,50,1,16,29,3,32,0,2,3,24,2,1,2,1,2,NA,NA,NA,NA,7,NA,NA,NA,NA,NA,NA,NA,NA,NA,NA,NA,NA,NA,NA,NA,NA,NA,NA,NA,NA,NA,NA,NA,NA,NA
2022,2974,1,1020,60,1,20,41,4,33,1,1,1,26,23,3,2,3,3,NA,NA,NA,NA,2,NA,NA,NA,NA,NA,NA,NA,NA,NA,NA,NA,NA,NA,NA,NA,NA,NA,NA,NA,NA,NA,NA,NA,NA,NA
2022,2975,5,9830,62,1,18,70,4,43,1,1,1,26,0,3,1,2,3,NA,NA,NA,NA,3,NA,NA,NA,NA,NA,NA,NA,NA,NA,NA,NA,NA,NA,NA,NA,NA,NA,NA,NA,NA,NA,NA,NA,NA,NA
2022,2976,2,4720,28,1,12,65,1,NA,NA,2,1,20,9,3,1,1,2,2,2,2,1,4,NA,NA,NA,NA,NA,NA,NA,NA,NA,NA,NA,NA,NA,NA,NA,NA,NA,NA,NA,NA,NA,NA,NA,NA,NA
2022,2977,1,4760,31,1,16,47,3,12,NA,2,1,26,26,1,1,1,1,NA,NA,NA,NA,8,NA,NA,NA,NA,NA,NA,NA,NA,NA,NA,NA,NA,NA,NA,NA,NA,NA,NA,NA,NA,NA,NA,NA,NA,NA
2022,2978,1,6260,28,1,12,50,0,NA,NA,1,3,20,20,1,1,2,2,1,1,3,1,0,1,1,1,2,2,2,2,2,2,2,2,2,2,1,2,1,4,4,4,4,4,4,4,4,4
2022,2979,5,3740,59,1,15,68,2,50,2,1,1,26,22,NA,2,2,1,2,2,1,1,9,NA,NA,NA,NA,NA,NA,NA,NA,NA,NA,NA,NA,NA,NA,NA,NA,NA,NA,NA,NA,NA,NA,NA,NA,NA
2022,2980,1,2320,64,1,20,46,4,71,NA,1,1,26,26,NA,2,1,1,NA,NA,NA,NA,0,NA,NA,NA,NA,NA,NA,NA,NA,NA,NA,NA,NA,NA,NA,NA,NA,NA,NA,NA,NA,NA,NA,NA,NA,NA
2022,2981,1,300,62,NA,19,42,4,29,NA,1,1,26,26,3,3,2,2,1,1,1,3,9,2,2,1,2,2,1,2,2,1,2,2,2,2,4,4,1,4,1,4,4,2,4,4,4,4
2022,2982,5,9120,35,1,18,83,4,47,NA,1,1,17,0,2,2,2,2,2,3,2,1,4,NA,NA,NA,NA,NA,NA,NA,NA,NA,NA,NA,NA,NA,NA,NA,NA,NA,NA,NA,NA,NA,NA,NA,NA,NA
2022,2983,6,1965,43,5,15,21,1,NA,NA,1,1,26,4,NA,1,2,2,NA,NA,NA,NA,8,1,1,1,1,1,1,1,1,1,1,1,1,1,1,1,1,2,2,1,2,2,2,2,3,2
2022,2984,5,740,33,1,16,73,3,14,NA,1,1,20,0,3,1,2,2,NA,NA,NA,NA,4,NA,NA,NA,NA,NA,NA,NA,NA,NA,NA,NA,NA,NA,NA,NA,NA,NA,NA,NA,NA,NA,NA,NA,NA,NA
2022,2985,7,2200,74,1,19,45,4,11,NA,2,3,26,0,NA,NA,2,1,NA,NA,NA,NA,0,NA,NA,NA,NA,NA,NA,NA,NA,NA,NA,NA,NA,NA,NA,NA,NA,NA,NA,NA,NA,NA,NA,NA,NA,NA
2022,2986,1,3850,60,1,16,32,3,25,1,1,1,23,21,NA,NA,2,2,1,2,3,1,8,2,2,1,2,2,1,2,2,2,2,2,2,2,2,4,1,4,2,4,4,4,4,4,4,4
2022,2987,1,3740,59,3,14,33,1,NA,NA,1,3,20,20,NA,NA,2,3,1,1,1,1,8,NA,NA,NA,NA,NA,NA,NA,NA,NA,NA,NA,NA,NA,NA,NA,NA,NA,NA,NA,NA,NA,NA,NA,NA,NA
2022,2988,2,3310,56,1,16,56,2,15,3,2,1,26,19,1,1,1,1,2,1,1,2,4,2,2,1,2,2,1,2,2,2,2,2,2,2,4,4,1,4,2,4,4,4,4,4,4,4
2022,2989,1,110,60,1,14,51,2,14,NA,1,1,26,26,2,2,2,2,NA,NA,NA,NA,8,NA,NA,NA,NA,NA,NA,NA,NA,NA,NA,NA,NA,NA,NA,NA,NA,NA,NA,NA,NA,NA,NA,NA,NA,NA
2022,2990,6,1860,66,5,18,26,4,82,0,2,1,19,18,2,2,1,1,NA,NA,NA,NA,9,2,2,1,1,2,1,2,2,2,2,2,2,2,1,4,1,4,2,4,1,2,4,4,4,4
2022,2991,2,4620,35,1,16,63,3,14,NA,2,1,20,7,3,3,2,2,NA,NA,NA,NA,2,NA,NA,NA,NA,NA,NA,NA,NA,NA,NA,NA,NA,NA,NA,NA,NA,NA,NA,NA,NA,NA,NA,NA,NA,NA
2022,2992,1,1020,60,5,17,32,3,8,0,1,1,9,0,1,1,2,1,3,1,1,3,3,1,1,1,2,2,2,2,2,2,2,2,2,2,1,1,1,4,4,4,4,4,4,4,4,4
2022,2993,5,4920,49,1,12,55,1,NA,1,2,1,24,0,NA,NA,1,1,NA,1,1,1,0,1,1,1,1,2,2,2,2,1,2,2,2,2,2,2,2,4,4,4,2,2,4,4,4,4
2022,2994,2,4030,21,5,12,25,1,NA,NA,2,1,17,11,NA,NA,2,2,3,1,1,1,8,NA,NA,NA,NA,NA,NA,NA,NA,NA,NA,NA,NA,NA,NA,NA,NA,NA,NA,NA,NA,NA,NA,NA,NA,NA
2022,2995,5,1006,65,3,18,66,3,80,3,2,1,13,0,2,2,1,2,3,1,3,1,7,2,1,2,1,1,1,1,1,1,2,2,1,1,3,2,4,2,2,2,2,4,4,4,2,2
2022,2996,5,6330,35,1,12,64,1,NA,NA,1,2,13,0,1,1,1,2,2,1,1,1,9,2,2,1,2,2,1,2,2,1,2,2,2,2,1,1,1,4,2,4,4,4,4,4,4,4
2022,2997,1,8740,39,1,12,27,1,NA,NA,1,1,2,1,NA,NA,2,2,2,1,1,1,8,NA,NA,NA,NA,NA,NA,NA,NA,NA,NA,NA,NA,NA,NA,NA,NA,NA,NA,NA,NA,NA,NA,NA,NA,NA
2022,2998,1,3300,61,3,9,35,1,NA,NA,1,1,17,17,NA,NA,2,2,NA,NA,NA,NA,7,NA,NA,NA,NA,NA,NA,NA,NA,NA,NA,NA,NA,NA,NA,NA,NA,NA,NA,NA,NA,NA,NA,NA,NA,NA
2022,2999,5,2310,61,3,16,68,3,16,NA,2,1,NA,0,2,2,2,4,2,2,2,1,7,NA,NA,NA,NA,NA,NA,NA,NA,NA,NA,NA,NA,NA,NA,NA,NA,NA,NA,NA,NA,NA,NA,NA,NA,NA
2022,3000,2,2600,46,5,14,44,1,NA,0,1,1,13,13,3,1,2,2,1,1,1,1,8,1,1,1,1,1,1,2,2,2,2,2,1,2,3,3,3,3,3,3,3,3,3,3,2,4
2022,3001,5,6260,28,3,15,72,2,42,NA,1,1,10,0,1,1,3,3,2,1,1,2,8,NA,NA,NA,NA,NA,NA,NA,NA,NA,NA,NA,NA,NA,NA,NA,NA,NA,NA,NA,NA,NA,NA,NA,NA,NA
2022,3002,3,5240,31,1,14,41,1,NA,0,2,3,20,15,3,3,3,3,1,1,1,2,8,2,2,1,2,1,1,2,1,1,1,1,1,1,4,4,1,1,1,4,2,2,1,1,2,2
2022,3003,8,1006,65,1,16,36,1,NA,1,2,1,20,0,3,1,2,3,NA,NA,NA,NA,7,NA,NA,NA,NA,NA,NA,NA,NA,NA,NA,NA,NA,NA,NA,NA,NA,NA,NA,NA,NA,NA,NA,NA,NA,NA
2022,3004,1,4500,36,1,12,36,1,NA,NA,1,1,16,16,2,2,2,2,NA,NA,NA,NA,8,NA,NA,NA,NA,NA,NA,NA,NA,NA,NA,NA,NA,NA,NA,NA,NA,NA,NA,NA,NA,NA,NA,NA,NA,NA
2022,3005,7,8300,26,5,4,48,0,NA,NA,1,3,17,0,NA,NA,2,1,3,1,2,3,0,NA,NA,NA,NA,NA,NA,NA,NA,NA,NA,NA,NA,NA,NA,NA,NA,NA,NA,NA,NA,NA,NA,NA,NA,NA
2022,3006,7,4110,31,1,12,31,1,NA,NA,2,1,18,0,NA,NA,1,2,2,1,1,2,8,NA,NA,NA,NA,NA,NA,NA,NA,NA,NA,NA,NA,NA,NA,NA,NA,NA,NA,NA,NA,NA,NA,NA,NA,NA
2022,3007,2,310,39,5,8,36,0,NA,NA,2,3,20,20,NA,NA,1,3,2,1,2,1,0,NA,NA,NA,NA,NA,NA,NA,NA,NA,NA,NA,NA,NA,NA,NA,NA,NA,NA,NA,NA,NA,NA,NA,NA,NA
2022,3008,4,7200,45,3,12,52,1,NA,1,1,1,19,19,NA,NA,3,2,NA,NA,NA,NA,8,NA,NA,NA,NA,NA,NA,NA,NA,NA,NA,NA,NA,NA,NA,NA,NA,NA,NA,NA,NA,NA,NA,NA,NA,NA
2022,3009,2,5620,25,5,12,30,1,NA,NA,1,1,NA,0,2,1,2,1,NA,NA,NA,NA,8,NA,NA,NA,NA,NA,NA,NA,NA,NA,NA,NA,NA,NA,NA,NA,NA,NA,NA,NA,NA,NA,NA,NA,NA,NA
2022,3010,7,7750,35,3,12,62,1,NA,NA,1,3,8,0,NA,NA,3,4,NA,NA,NA,NA,8,NA,NA,NA,NA,NA,NA,NA,NA,NA,NA,NA,NA,NA,NA,NA,NA,NA,NA,NA,NA,NA,NA,NA,NA,NA
2022,3011,1,9620,25,5,12,35,0,NA,NA,1,2,24,17,NA,NA,2,2,NA,NA,NA,NA,8,NA,NA,NA,NA,NA,NA,NA,NA,NA,NA,NA,NA,NA,NA,NA,NA,NA,NA,NA,NA,NA,NA,NA,NA,NA
2022,3012,8,2010,54,5,20,45,4,9,0,1,1,20,20,1,1,1,2,3,1,1,1,8,1,1,1,1,2,1,1,1,1,2,1,1,1,3,3,3,1,1,1,1,1,1,1,1,1
2022,3013,1,4200,37,1,12,57,1,NA,3,2,1,20,20,NA,NA,2,3,NA,NA,NA,NA,3,1,2,1,1,2,2,2,1,1,2,2,2,2,1,2,1,2,2,4,1,1,2,1,2,2
2022,3014,1,9830,62,1,15,20,1,NA,NA,1,1,15,14,NA,NA,2,1,2,1,1,1,9,2,2,2,NA,2,2,2,2,1,1,1,2,1,2,2,NA,2,2,2,2,2,2,2,2,2
2022,3015,1,2016,44,1,12,20,1,NA,NA,1,2,16,0,NA,1,2,1,3,1,1,2,8,NA,NA,NA,NA,NA,NA,NA,NA,NA,NA,NA,NA,NA,NA,NA,NA,NA,NA,NA,NA,NA,NA,NA,NA,NA
2022,3016,2,6050,27,3,12,41,1,NA,NA,1,3,13,7,NA,NA,1,2,3,1,2,1,0,NA,NA,NA,NA,NA,NA,NA,NA,NA,NA,NA,NA,NA,NA,NA,NA,NA,NA,NA,NA,NA,NA,NA,NA,NA
2022,3017,1,5400,38,5,17,26,3,62,NA,2,3,NA,0,NA,NA,2,1,2,1,2,NA,9,NA,NA,NA,NA,NA,NA,NA,NA,NA,NA,NA,NA,NA,NA,NA,NA,NA,NA,NA,NA,NA,NA,NA,NA,NA
2022,3018,1,6050,27,1,4,54,0,NA,NA,1,3,19,14,NA,NA,1,3,NA,NA,NA,NA,9,NA,NA,NA,NA,NA,NA,NA,NA,NA,NA,NA,NA,NA,NA,NA,NA,NA,NA,NA,NA,NA,NA,NA,NA,NA
2022,3019,4,6050,27,5,8,32,0,NA,NA,1,1,18,0,NA,NA,2,1,NA,NA,NA,NA,9,NA,NA,NA,NA,NA,NA,NA,NA,NA,NA,NA,NA,NA,NA,NA,NA,NA,NA,NA,NA,NA,NA,NA,NA,NA
2022,3020,1,6355,49,3,16,48,3,9,NA,1,3,20,20,1,1,2,2,NA,NA,NA,NA,9,NA,NA,NA,NA,NA,NA,NA,NA,NA,NA,NA,NA,NA,NA,NA,NA,NA,NA,NA,NA,NA,NA,NA,NA,NA
2022,3021,1,9600,35,1,6,49,0,NA,NA,1,1,19,17,NA,NA,2,2,2,1,1,2,0,NA,NA,NA,NA,NA,NA,NA,NA,NA,NA,NA,NA,NA,NA,NA,NA,NA,NA,NA,NA,NA,NA,NA,NA,NA
2022,3022,3,7630,31,1,12,46,1,NA,NA,1,3,20,15,NA,NA,1,3,NA,NA,NA,NA,9,NA,NA,NA,NA,NA,NA,NA,NA,NA,NA,NA,NA,NA,NA,NA,NA,NA,NA,NA,NA,NA,NA,NA,NA,NA
2022,3023,2,6050,27,3,3,68,0,NA,NA,1,1,6,6,NA,NA,2,3,3,1,2,1,9,NA,NA,NA,NA,NA,NA,NA,NA,NA,NA,NA,NA,NA,NA,NA,NA,NA,NA,NA,NA,NA,NA,NA,NA,NA
2022,3024,5,4810,47,2,14,85,1,NA,NA,2,1,15,0,1,1,2,3,NA,NA,NA,NA,9,NA,NA,NA,NA,NA,NA,NA,NA,NA,NA,NA,NA,NA,NA,NA,NA,NA,NA,NA,NA,NA,NA,NA,NA,NA
2022,3025,1,220,53,1,NA,60,0,NA,3,1,1,NA,NA,NA,2,2,2,2,2,2,2,8,NA,NA,NA,NA,NA,NA,NA,NA,NA,NA,NA,NA,NA,NA,NA,NA,NA,NA,NA,NA,NA,NA,NA,NA,NA
2022,3026,1,2310,61,1,18,49,4,19,1,2,3,26,22,1,1,1,1,NA,NA,NA,NA,8,NA,NA,NA,NA,NA,NA,NA,NA,NA,NA,NA,NA,NA,NA,NA,NA,NA,NA,NA,NA,NA,NA,NA,NA,NA
2022,3027,1,3255,64,1,16,41,3,36,NA,2,1,24,20,NA,NA,2,2,NA,NA,NA,NA,0,NA,NA,NA,NA,NA,NA,NA,NA,NA,NA,NA,NA,NA,NA,NA,NA,NA,NA,NA,NA,NA,NA,NA,NA,NA
2022,3028,7,5700,47,1,14,39,1,NA,NA,2,1,18,0,2,2,2,2,NA,NA,NA,NA,9,NA,NA,NA,NA,NA,NA,NA,NA,NA,NA,NA,NA,NA,NA,NA,NA,NA,NA,NA,NA,NA,NA,NA,NA,NA
2022,3029,7,NA,NA,1,9,45,0,NA,NA,2,1,15,0,NA,NA,1,2,3,2,1,1,0,NA,NA,NA,NA,NA,NA,NA,NA,NA,NA,NA,NA,NA,NA,NA,NA,NA,NA,NA,NA,NA,NA,NA,NA,NA
2022,3030,1,160,44,5,12,28,1,NA,NA,1,1,22,17,NA,1,1,1,NA,NA,NA,NA,5,NA,NA,NA,NA,NA,NA,NA,NA,NA,NA,NA,NA,NA,NA,NA,NA,NA,NA,NA,NA,NA,NA,NA,NA,NA
2022,3031,1,3640,48,5,12,24,1,NA,NA,2,1,11,9,1,1,NA,3,NA,NA,NA,NA,9,NA,NA,NA,NA,NA,NA,NA,NA,NA,NA,NA,NA,NA,NA,NA,NA,NA,NA,NA,NA,NA,NA,NA,NA,NA
2022,3032,7,2310,61,1,16,33,3,21,NA,2,1,20,9,1,1,3,2,NA,NA,NA,NA,9,NA,NA,NA,NA,NA,NA,NA,NA,NA,NA,NA,NA,NA,NA,NA,NA,NA,NA,NA,NA,NA,NA,NA,NA,NA
2022,3033,1,7750,35,3,13,47,1,NA,2,1,3,18,5,NA,NA,2,2,3,1,1,1,9,NA,NA,NA,NA,NA,NA,NA,NA,NA,NA,NA,NA,NA,NA,NA,NA,NA,NA,NA,NA,NA,NA,NA,NA,NA
2022,3034,5,NA,NA,2,8,89,0,NA,NA,2,1,21,0,1,1,2,4,NA,NA,NA,NA,7,2,2,2,NA,2,2,2,2,2,2,2,2,2,4,4,4,4,4,4,4,4,4,4,4,4
2022,3035,7,NA,NA,1,14,36,1,NA,NA,1,3,18,0,2,1,3,1,NA,NA,NA,NA,9,NA,NA,NA,NA,NA,NA,NA,NA,NA,NA,NA,NA,NA,NA,NA,NA,NA,NA,NA,NA,NA,NA,NA,NA,NA
2022,3036,7,4610,48,5,10,40,0,NA,0,1,1,NA,0,1,NA,2,3,1,1,2,2,9,2,2,1,2,2,2,2,NA,NA,2,2,2,2,2,4,3,4,4,4,NA,NA,4,4,4,2
2022,3037,1,5110,40,1,14,60,2,19,NA,2,3,21,21,2,2,2,2,NA,NA,NA,NA,9,NA,NA,NA,NA,NA,NA,NA,NA,NA,NA,NA,NA,NA,NA,NA,NA,NA,NA,NA,NA,NA,NA,NA,NA,NA
2022,3038,6,4810,47,5,14,27,1,NA,3,2,1,19,19,NA,2,3,2,2,1,1,1,7,NA,NA,NA,NA,NA,NA,NA,NA,NA,NA,NA,NA,NA,NA,NA,NA,NA,NA,NA,NA,NA,NA,NA,NA,NA
2022,3039,4,5860,32,3,14,57,1,NA,NA,2,1,15,0,NA,NA,3,4,NA,NA,NA,NA,0,NA,NA,NA,NA,NA,NA,NA,NA,NA,NA,NA,NA,NA,NA,NA,NA,NA,NA,NA,NA,NA,NA,NA,NA,NA
2022,3040,6,4610,48,5,12,30,1,NA,NA,2,2,NA,0,1,NA,3,3,3,1,1,1,9,NA,NA,NA,NA,NA,NA,NA,NA,NA,NA,NA,NA,NA,NA,NA,NA,NA,NA,NA,NA,NA,NA,NA,NA,NA
2022,3041,1,4610,48,5,11,18,0,NA,NA,2,2,19,0,NA,NA,2,1,3,1,1,1,9,NA,NA,NA,NA,NA,NA,NA,NA,NA,NA,NA,NA,NA,NA,NA,NA,NA,NA,NA,NA,NA,NA,NA,NA,NA
2022,3042,5,4720,28,3,12,71,1,NA,NA,2,3,NA,0,NA,NA,2,3,3,2,1,1,9,NA,NA,NA,NA,NA,NA,NA,NA,NA,NA,NA,NA,NA,NA,NA,NA,NA,NA,NA,NA,NA,NA,NA,NA,NA
2022,3043,2,3600,48,5,14,32,1,NA,3,2,1,13,0,NA,NA,2,2,1,2,1,2,9,2,2,2,NA,1,1,2,2,1,2,2,1,2,2,2,1,2,2,2,2,2,2,2,2,2
2022,3044,5,6440,43,3,9,80,1,NA,1,1,3,NA,0,2,2,2,3,NA,NA,NA,NA,9,NA,NA,NA,NA,NA,NA,NA,NA,NA,NA,NA,NA,NA,NA,NA,NA,NA,NA,NA,NA,NA,NA,NA,NA,NA
2022,3045,1,1020,60,1,16,29,3,NA,0,2,1,NA,21,1,1,1,1,NA,NA,NA,NA,9,2,1,1,1,2,1,2,1,2,2,2,2,2,2,2,3,4,2,4,1,4,4,4,4,4
2022,3046,7,NA,NA,5,7,56,0,NA,NA,2,1,9,0,NA,NA,1,1,2,1,2,1,0,NA,NA,NA,NA,NA,NA,NA,NA,NA,NA,NA,NA,NA,NA,NA,NA,NA,NA,NA,NA,NA,NA,NA,NA,NA
2022,3047,8,4220,24,3,11,48,0,NA,NA,2,3,10,0,NA,NA,3,4,3,1,1,1,3,NA,NA,NA,NA,NA,NA,NA,NA,NA,NA,NA,NA,NA,NA,NA,NA,NA,NA,NA,NA,NA,NA,NA,NA,NA
2022,3048,8,4030,21,4,3,59,0,NA,NA,2,3,21,0,NA,NA,2,2,NA,NA,NA,NA,0,NA,NA,NA,NA,NA,NA,NA,NA,NA,NA,NA,NA,NA,NA,NA,NA,NA,NA,NA,NA,NA,NA,NA,NA,NA
2022,3049,2,9620,25,5,11,34,0,NA,3,2,3,10,0,1,1,2,3,1,1,1,1,9,NA,NA,NA,NA,NA,NA,NA,NA,NA,NA,NA,NA,NA,NA,NA,NA,NA,NA,NA,NA,NA,NA,NA,NA,NA
2022,3050,4,9720,32,1,13,36,1,NA,1,1,2,16,0,NA,NA,3,2,NA,NA,NA,NA,9,2,2,2,NA,1,2,2,1,1,2,1,1,1,4,4,4,1,2,4,2,2,2,2,1,1
2022,3051,2,6050,27,1,8,45,0,NA,NA,2,3,9,0,NA,NA,3,2,2,1,2,1,0,NA,NA,NA,NA,NA,NA,NA,NA,NA,NA,NA,NA,NA,NA,NA,NA,NA,NA,NA,NA,NA,NA,NA,NA,NA
2022,3052,5,4510,36,2,13,73,1,NA,NA,1,2,9,0,1,1,3,2,NA,NA,NA,NA,9,NA,NA,NA,NA,NA,NA,NA,NA,NA,NA,NA,NA,NA,NA,NA,NA,NA,NA,NA,NA,NA,NA,NA,NA,NA
2022,3053,8,5860,32,4,11,68,0,NA,NA,2,1,10,0,1,1,3,3,3,1,1,1,9,2,2,1,2,2,1,1,1,1,1,1,2,1,3,4,3,3,3,3,3,3,3,2,2,3
2022,3054,1,6040,33,5,14,24,1,NA,0,1,1,15,15,1,1,3,2,2,1,1,1,9,2,2,2,NA,2,2,1,2,1,2,2,2,2,4,4,4,4,4,4,2,2,4,4,4,4
2022,3055,5,6440,43,5,18,68,1,NA,NA,1,1,10,0,2,2,2,4,1,1,2,1,8,NA,NA,NA,NA,NA,NA,NA,NA,NA,NA,NA,NA,NA,NA,NA,NA,NA,NA,NA,NA,NA,NA,NA,NA,NA
2022,3056,2,2540,48,5,14,26,2,60,0,2,3,15,15,NA,NA,2,3,NA,NA,NA,NA,9,NA,NA,NA,NA,NA,NA,NA,NA,NA,NA,NA,NA,NA,NA,NA,NA,NA,NA,NA,NA,NA,NA,NA,NA,NA
2022,3057,4,4720,28,3,13,31,1,NA,NA,1,1,4,4,2,NA,3,3,1,1,1,2,9,NA,NA,NA,NA,NA,NA,NA,NA,NA,NA,NA,NA,NA,NA,NA,NA,NA,NA,NA,NA,NA,NA,NA,NA,NA
2022,3058,1,7855,34,5,13,62,1,NA,NA,1,1,17,17,2,2,1,2,2,1,2,2,9,NA,NA,NA,NA,NA,NA,NA,NA,NA,NA,NA,NA,NA,NA,NA,NA,NA,NA,NA,NA,NA,NA,NA,NA,NA
2022,3059,5,9620,25,3,NA,60,0,NA,NA,1,3,1,1,NA,NA,2,3,2,1,1,1,9,NA,NA,NA,NA,NA,NA,NA,NA,NA,NA,NA,NA,NA,NA,NA,NA,NA,NA,NA,NA,NA,NA,NA,NA,NA
2022,3060,6,6050,27,5,15,20,1,NA,0,1,3,10,9,NA,1,2,2,2,1,1,3,9,1,2,1,1,NA,2,1,1,1,2,1,1,2,1,3,1,2,2,2,2,2,2,3,2,4
2022,3061,5,4120,34,1,11,NA,1,NA,NA,2,3,NA,0,1,1,1,3,NA,NA,NA,NA,9,NA,NA,NA,NA,NA,NA,NA,NA,NA,NA,NA,NA,NA,NA,NA,NA,NA,NA,NA,NA,NA,NA,NA,NA,NA
2022,3062,5,4540,31,5,14,NA,1,NA,NA,1,1,24,0,2,2,3,2,2,3,3,3,5,2,2,2,NA,1,1,2,1,1,1,2,2,2,2,2,2,2,2,2,2,2,2,2,2,2
2022,3063,5,9130,35,1,12,69,1,NA,NA,1,1,17,0,1,1,1,1,2,1,1,2,9,NA,NA,NA,NA,NA,NA,NA,NA,NA,NA,NA,NA,NA,NA,NA,NA,NA,NA,NA,NA,NA,NA,NA,NA,NA
2022,3064,7,2310,61,2,16,NA,3,60,NA,2,1,NA,0,1,1,2,2,NA,NA,NA,NA,9,NA,NA,NA,NA,NA,NA,NA,NA,NA,NA,NA,NA,NA,NA,NA,NA,NA,NA,NA,NA,NA,NA,NA,NA,NA
2022,3065,1,5400,38,1,12,46,1,NA,NA,2,3,18,18,2,2,3,1,2,1,1,1,9,NA,NA,NA,NA,NA,NA,NA,NA,NA,NA,NA,NA,NA,NA,NA,NA,NA,NA,NA,NA,NA,NA,NA,NA,NA
2022,3066,8,4610,48,4,10,58,0,NA,NA,2,1,8,0,1,1,3,4,2,1,2,1,9,NA,NA,NA,NA,NA,NA,NA,NA,NA,NA,NA,NA,NA,NA,NA,NA,NA,NA,NA,NA,NA,NA,NA,NA,NA
2022,3067,1,6260,28,5,12,NA,1,NA,NA,1,3,NA,NA,NA,NA,3,2,2,2,1,1,9,NA,NA,NA,NA,NA,NA,NA,NA,NA,NA,NA,NA,NA,NA,NA,NA,NA,NA,NA,NA,NA,NA,NA,NA,NA
2022,3068,7,9130,35,3,10,56,0,NA,6,1,1,15,0,NA,NA,3,4,NA,NA,NA,NA,9,NA,NA,NA,NA,NA,NA,NA,NA,NA,NA,NA,NA,NA,NA,NA,NA,NA,NA,NA,NA,NA,NA,NA,NA,NA
2022,3069,3,9030,65,1,17,62,3,8,4,1,1,20,0,2,2,2,2,1,1,1,2,9,1,2,2,2,1,2,2,1,1,2,2,2,2,2,4,4,2,4,4,1,1,4,4,4,4
2022,3070,5,1360,65,2,16,76,1,NA,2,1,1,23,0,2,2,2,2,NA,NA,NA,NA,9,1,2,1,2,2,2,2,1,2,2,2,2,2,1,4,4,4,4,4,2,4,4,4,4,4
2022,3071,3,4110,31,3,14,38,1,NA,2,2,1,16,16,NA,NA,2,2,2,1,1,1,9,1,2,1,1,2,2,2,2,2,2,1,2,2,4,2,2,2,2,4,4,2,4,4,4,4
2022,3072,5,8030,40,2,12,NA,1,NA,NA,1,1,NA,0,1,1,3,4,NA,NA,NA,NA,3,NA,NA,NA,NA,NA,NA,NA,NA,NA,NA,NA,NA,NA,NA,NA,NA,NA,NA,NA,NA,NA,NA,NA,NA,NA
2022,3073,4,4920,49,5,11,47,0,NA,NA,1,3,NA,0,NA,NA,2,3,2,1,1,1,9,NA,NA,NA,NA,NA,NA,NA,NA,NA,NA,NA,NA,NA,NA,NA,NA,NA,NA,NA,NA,NA,NA,NA,NA,NA
2022,3074,4,4610,48,3,8,50,0,NA,NA,1,1,10,0,NA,NA,2,3,3,3,1,1,9,NA,NA,NA,NA,NA,NA,NA,NA,NA,NA,NA,NA,NA,NA,NA,NA,NA,NA,NA,NA,NA,NA,NA,NA,NA
2022,3075,2,5120,45,3,14,50,1,NA,2,2,1,9,9,NA,NA,2,2,NA,NA,NA,NA,9,NA,NA,NA,NA,NA,NA,NA,NA,NA,NA,NA,NA,NA,NA,NA,NA,NA,NA,NA,NA,NA,NA,NA,NA,NA
2022,3076,5,2310,61,1,16,NA,3,39,NA,1,1,NA,0,4,1,1,2,NA,NA,NA,NA,9,NA,NA,NA,NA,NA,NA,NA,NA,NA,NA,NA,NA,NA,NA,NA,NA,NA,NA,NA,NA,NA,NA,NA,NA,NA
2022,3077,1,430,39,1,16,61,3,8,NA,1,1,26,26,1,1,1,1,NA,NA,NA,NA,9,NA,NA,NA,NA,NA,NA,NA,NA,NA,NA,NA,NA,NA,NA,NA,NA,NA,NA,NA,NA,NA,NA,NA,NA,NA
2022,3078,8,50,53,1,12,49,1,NA,NA,2,1,NA,0,NA,NA,2,3,2,1,1,NA,9,1,2,2,1,2,1,1,2,2,2,2,2,2,1,4,1,4,3,3,3,2,2,2,4,4
2022,3079,8,4830,38,1,12,57,1,NA,2,2,1,24,NA,2,3,2,2,NA,NA,NA,NA,9,1,2,1,2,2,2,2,1,1,2,1,2,2,1,4,1,4,1,4,2,2,4,2,4,4
2022,3080,7,2010,54,2,18,NA,4,42,NA,2,1,21,21,1,1,2,2,2,1,1,NA,5,NA,NA,NA,NA,NA,NA,NA,NA,NA,NA,NA,NA,NA,NA,NA,NA,NA,NA,NA,NA,NA,NA,NA,NA,NA
2022,3081,1,3720,66,1,16,51,3,9,NA,1,1,21,21,1,1,2,2,NA,NA,NA,NA,9,NA,NA,NA,NA,NA,NA,NA,NA,NA,NA,NA,NA,NA,NA,NA,NA,NA,NA,NA,NA,NA,NA,NA,NA,NA
2022,3082,1,3649,53,5,14,NA,1,NA,NA,1,1,NA,NA,NA,1,2,2,3,1,1,1,9,NA,NA,NA,NA,NA,NA,NA,NA,NA,NA,NA,NA,NA,NA,NA,NA,NA,NA,NA,NA,NA,NA,NA,NA,NA
2022,3083,1,5240,31,5,13,25,1,NA,NA,2,3,18,9,NA,1,1,2,1,1,1,1,9,NA,NA,NA,NA,NA,NA,NA,NA,NA,NA,NA,NA,NA,NA,NA,NA,NA,NA,NA,NA,NA,NA,NA,NA,NA
2022,3084,1,630,47,3,12,60,1,NA,2,2,1,20,20,3,3,2,2,2,1,1,1,9,NA,NA,NA,NA,NA,NA,NA,NA,NA,NA,NA,NA,NA,NA,NA,NA,NA,NA,NA,NA,NA,NA,NA,NA,NA
2022,3085,7,5260,36,5,15,NA,2,33,NA,1,3,NA,0,1,1,3,2,NA,NA,NA,NA,9,NA,NA,NA,NA,NA,NA,NA,NA,NA,NA,NA,NA,NA,NA,NA,NA,NA,NA,NA,NA,NA,NA,NA,NA,NA
2022,3086,2,4610,48,5,14,36,2,79,NA,1,1,6,6,1,1,2,3,NA,NA,NA,NA,9,NA,NA,NA,NA,NA,NA,NA,NA,NA,NA,NA,NA,NA,NA,NA,NA,NA,NA,NA,NA,NA,NA,NA,NA,NA
2022,3087,3,4610,48,3,13,52,1,NA,NA,2,1,26,9,2,2,2,3,3,1,1,2,9,NA,NA,NA,NA,NA,NA,NA,NA,NA,NA,NA,NA,NA,NA,NA,NA,NA,NA,NA,NA,NA,NA,NA,NA,NA
2022,3088,7,NA,NA,5,13,NA,1,NA,NA,1,1,NA,NA,NA,NA,2,1,NA,NA,NA,NA,5,NA,NA,NA,NA,NA,NA,NA,NA,NA,NA,NA,NA,NA,NA,NA,NA,NA,NA,NA,NA,NA,NA,NA,NA,NA
2022,3089,5,1010,63,1,16,68,3,14,2,2,1,24,0,2,2,2,3,1,3,3,1,9,NA,NA,NA,NA,NA,NA,NA,NA,NA,NA,NA,NA,NA,NA,NA,NA,NA,NA,NA,NA,NA,NA,NA,NA,NA
2022,3090,1,6230,44,5,15,27,1,NA,NA,1,1,16,0,NA,3,3,3,NA,NA,NA,NA,9,NA,NA,NA,NA,NA,NA,NA,NA,NA,NA,NA,NA,NA,NA,NA,NA,NA,NA,NA,NA,NA,NA,NA,NA,NA
2022,3091,2,9130,35,4,14,59,1,NA,10,2,1,19,12,2,2,1,1,2,3,3,1,9,1,2,2,1,1,1,2,2,1,2,2,2,2,1,4,4,1,2,4,1,1,4,4,4,4
2022,3092,1,4010,38,5,12,33,1,NA,NA,2,1,23,17,NA,NA,2,1,NA,NA,NA,NA,8,NA,NA,NA,NA,NA,NA,NA,NA,NA,NA,NA,NA,NA,NA,NA,NA,NA,NA,NA,NA,NA,NA,NA,NA,NA
2022,3093,1,6730,41,1,14,62,2,74,2,1,1,22,22,2,1,2,2,NA,NA,NA,NA,9,1,2,1,2,2,2,2,2,2,2,2,2,2,1,1,1,4,4,1,4,4,4,4,4,2
2022,3094,7,5240,31,3,12,56,1,NA,NA,2,1,17,17,NA,1,1,2,2,1,1,1,9,NA,NA,NA,NA,NA,NA,NA,NA,NA,NA,NA,NA,NA,NA,NA,NA,NA,NA,NA,NA,NA,NA,NA,NA,NA
2022,3095,6,5240,31,5,14,19,2,7,NA,2,1,10,10,NA,NA,1,1,2,1,1,1,9,NA,NA,NA,NA,NA,NA,NA,NA,NA,NA,NA,NA,NA,NA,NA,NA,NA,NA,NA,NA,NA,NA,NA,NA,NA
2022,3096,2,725,49,5,16,20,3,12,NA,2,2,16,0,NA,1,2,2,3,1,1,1,9,NA,NA,NA,NA,NA,NA,NA,NA,NA,NA,NA,NA,NA,NA,NA,NA,NA,NA,NA,NA,NA,NA,NA,NA,NA
2022,3097,2,4760,31,5,10,23,0,NA,NA,1,3,19,11,NA,3,3,2,NA,NA,NA,NA,9,NA,NA,NA,NA,NA,NA,NA,NA,NA,NA,NA,NA,NA,NA,NA,NA,NA,NA,NA,NA,NA,NA,NA,NA,NA
2022,3098,1,6515,36,1,14,24,1,NA,1,1,1,13,0,NA,NA,1,1,NA,NA,NA,NA,9,NA,NA,NA,NA,NA,NA,NA,NA,NA,NA,NA,NA,NA,NA,NA,NA,NA,NA,NA,NA,NA,NA,NA,NA,NA
2022,3099,3,4220,24,1,12,48,1,NA,0,2,1,21,19,1,1,2,2,3,1,1,3,9,NA,NA,NA,NA,NA,NA,NA,NA,NA,NA,NA,NA,NA,NA,NA,NA,NA,NA,NA,NA,NA,NA,NA,NA,NA
2022,3100,1,5000,46,1,17,75,2,51,NA,1,1,16,0,2,2,2,2,NA,NA,NA,NA,9,NA,NA,NA,NA,NA,NA,NA,NA,NA,NA,NA,NA,NA,NA,NA,NA,NA,NA,NA,NA,NA,NA,NA,NA,NA
2022,3101,1,1360,65,1,16,42,3,18,4,2,1,NA,NA,2,2,2,1,2,2,3,1,3,NA,NA,NA,NA,NA,NA,NA,NA,NA,NA,NA,NA,NA,NA,NA,NA,NA,NA,NA,NA,NA,NA,NA,NA,NA
2022,3102,1,1360,65,1,16,64,3,18,2,2,1,23,22,1,1,1,1,NA,NA,NA,NA,3,1,1,2,2,2,1,2,2,1,2,2,2,1,1,1,4,1,2,4,4,2,2,2,4,2
2022,3103,8,4700,38,3,9,57,0,NA,NA,2,1,10,0,NA,NA,2,3,NA,NA,NA,NA,9,1,1,2,1,1,1,1,1,1,2,2,1,NA,3,3,4,1,2,3,2,2,2,3,1,2
2022,3104,1,2310,61,1,18,52,4,9,2,2,1,25,19,NA,NA,3,2,2,1,2,1,9,1,2,1,2,1,1,2,2,2,2,2,1,2,2,2,2,2,2,2,2,2,2,2,3,2
2022,3105,5,6260,28,3,12,NA,1,NA,NA,2,NA,18,0,NA,NA,1,2,2,2,1,1,9,NA,NA,NA,NA,NA,NA,NA,NA,NA,NA,NA,NA,NA,NA,NA,NA,NA,NA,NA,NA,NA,NA,NA,NA,NA
2022,3106,5,4850,45,1,14,70,1,NA,2,1,1,21,0,1,1,2,2,NA,NA,NA,NA,9,1,2,1,1,2,1,2,2,1,2,2,2,2,1,2,1,4,2,4,2,2,4,4,2,4
2022,3107,4,4840,43,5,12,37,1,NA,NA,2,1,14,14,NA,NA,1,3,3,1,1,2,9,NA,NA,NA,NA,NA,NA,NA,NA,NA,NA,NA,NA,NA,NA,NA,NA,NA,NA,NA,NA,NA,NA,NA,NA,NA
2022,3108,1,6230,44,3,15,50,1,NA,NA,1,1,NA,NA,2,2,2,2,NA,NA,NA,NA,9,NA,NA,NA,NA,NA,NA,NA,NA,NA,NA,NA,NA,NA,NA,NA,NA,NA,NA,NA,NA,NA,NA,NA,NA,NA
2022,3109,5,9130,35,2,12,69,1,NA,NA,1,1,20,20,2,1,2,2,NA,NA,NA,NA,9,NA,NA,NA,NA,NA,NA,NA,NA,NA,NA,NA,NA,NA,NA,NA,NA,NA,NA,NA,NA,NA,NA,NA,NA,NA
2022,3110,3,6260,28,5,12,25,1,NA,NA,1,1,17,17,NA,NA,1,2,NA,NA,NA,NA,7,NA,NA,NA,NA,NA,NA,NA,NA,NA,NA,NA,NA,NA,NA,NA,NA,NA,NA,NA,NA,NA,NA,NA,NA,NA
2022,3111,1,2630,46,3,17,58,3,62,NA,1,1,20,20,1,1,3,3,2,1,1,1,9,NA,NA,NA,NA,NA,NA,NA,NA,NA,NA,NA,NA,NA,NA,NA,NA,NA,NA,NA,NA,NA,NA,NA,NA,NA
2022,3112,1,4700,38,1,14,35,2,9,NA,2,1,22,19,2,2,2,2,2,2,2,1,9,NA,NA,NA,NA,NA,NA,NA,NA,NA,NA,NA,NA,NA,NA,NA,NA,NA,NA,NA,NA,NA,NA,NA,NA,NA
2022,3113,5,4510,36,3,14,68,2,54,0,2,1,9,0,1,1,3,3,2,1,1,1,9,2,2,2,NA,2,1,2,1,2,2,2,2,2,4,4,4,4,2,4,4,4,4,4,4,4
2022,3114,1,4850,45,3,14,44,2,14,NA,1,2,NA,NA,NA,NA,2,2,NA,NA,NA,NA,5,NA,NA,NA,NA,NA,NA,NA,NA,NA,NA,NA,NA,NA,NA,NA,NA,NA,NA,NA,NA,NA,NA,NA,NA,NA
2022,3115,4,NA,NA,5,10,27,1,NA,0,2,1,NA,NA,1,1,3,2,2,1,1,1,9,2,2,1,1,1,1,2,1,1,2,1,2,2,3,4,3,1,1,4,1,1,4,4,4,4
2022,3116,1,2100,69,5,19,33,4,28,NA,2,1,20,20,1,1,2,2,NA,NA,NA,NA,9,NA,NA,NA,NA,NA,NA,NA,NA,NA,NA,NA,NA,NA,NA,NA,NA,NA,NA,NA,NA,NA,NA,NA,NA,NA
2022,3117,8,2300,53,3,6,44,0,NA,NA,2,1,9,0,1,1,3,4,NA,NA,NA,NA,9,NA,NA,NA,NA,NA,NA,NA,NA,NA,NA,NA,NA,NA,NA,NA,NA,NA,NA,NA,NA,NA,NA,NA,NA,NA
2022,3118,2,5240,31,5,12,31,1,NA,NA,2,3,11,11,NA,NA,2,4,NA,NA,NA,NA,9,NA,NA,NA,NA,NA,NA,NA,NA,NA,NA,NA,NA,NA,NA,NA,NA,NA,NA,NA,NA,NA,NA,NA,NA,NA
2022,3119,3,4610,48,1,14,37,2,NA,NA,1,NA,NA,0,NA,NA,1,2,2,1,1,1,9,NA,NA,NA,NA,NA,NA,NA,NA,NA,NA,NA,NA,NA,NA,NA,NA,NA,NA,NA,NA,NA,NA,NA,NA,NA
2022,3120,3,5510,29,3,17,53,1,NA,NA,2,1,NA,NA,2,2,2,2,NA,NA,NA,NA,9,NA,NA,NA,NA,NA,NA,NA,NA,NA,NA,NA,NA,NA,NA,NA,NA,NA,NA,NA,NA,NA,NA,NA,NA,NA
2022,3121,5,5340,42,1,12,62,1,NA,2,2,1,21,0,2,2,1,1,2,2,2,1,9,2,2,2,NA,2,2,2,1,1,2,2,2,2,4,4,4,4,4,4,2,4,4,4,4,4
2022,3122,8,4610,48,1,9,61,0,NA,NA,2,1,9,0,NA,NA,3,4,NA,NA,NA,NA,9,NA,NA,NA,NA,NA,NA,NA,NA,NA,NA,NA,NA,NA,NA,NA,NA,NA,NA,NA,NA,NA,NA,NA,NA,NA
2022,3123,3,4230,25,5,16,20,2,74,NA,2,2,19,0,NA,NA,2,4,NA,NA,NA,NA,9,NA,NA,NA,NA,NA,NA,NA,NA,NA,NA,NA,NA,NA,NA,NA,NA,NA,NA,NA,NA,NA,NA,NA,NA,NA
2022,3124,1,2310,61,1,18,46,4,7,NA,2,1,17,13,1,1,2,2,2,1,1,1,9,NA,NA,NA,NA,NA,NA,NA,NA,NA,NA,NA,NA,NA,NA,NA,NA,NA,NA,NA,NA,NA,NA,NA,NA,NA
2022,3125,2,3310,56,3,16,60,3,51,2,2,1,18,18,1,1,1,1,NA,NA,NA,NA,9,NA,NA,NA,NA,NA,NA,NA,NA,NA,NA,NA,NA,NA,NA,NA,NA,NA,NA,NA,NA,NA,NA,NA,NA,NA
2022,3126,3,4110,31,5,11,25,0,NA,NA,2,1,15,15,NA,2,1,1,3,1,2,1,9,NA,NA,NA,NA,NA,NA,NA,NA,NA,NA,NA,NA,NA,NA,NA,NA,NA,NA,NA,NA,NA,NA,NA,NA,NA
2022,3127,5,2310,61,3,20,56,4,42,1,2,1,10,0,1,1,2,3,2,1,1,2,8,NA,NA,NA,NA,NA,NA,NA,NA,NA,NA,NA,NA,NA,NA,NA,NA,NA,NA,NA,NA,NA,NA,NA,NA,NA
2022,3128,5,430,39,3,16,68,3,51,4,1,1,23,0,1,1,2,2,NA,NA,NA,NA,8,NA,NA,NA,NA,NA,NA,NA,NA,NA,NA,NA,NA,NA,NA,NA,NA,NA,NA,NA,NA,NA,NA,NA,NA,NA
2022,3129,2,2630,46,3,19,45,4,50,2,2,1,19,19,NA,1,2,2,NA,NA,NA,NA,8,1,1,1,1,2,1,1,1,1,2,2,1,1,1,1,1,4,1,2,3,2,3,3,2,2
2022,3130,1,NA,NA,5,16,47,3,28,NA,2,1,18,18,1,1,2,2,1,1,1,1,7,NA,NA,NA,NA,NA,NA,NA,NA,NA,NA,NA,NA,NA,NA,NA,NA,NA,NA,NA,NA,NA,NA,NA,NA,NA
2022,3131,1,5240,31,5,16,23,3,42,NA,1,1,9,9,NA,1,2,2,NA,NA,NA,NA,8,NA,NA,NA,NA,NA,NA,NA,NA,NA,NA,NA,NA,NA,NA,NA,NA,NA,NA,NA,NA,NA,NA,NA,NA,NA
2022,3132,6,2340,38,5,17,24,3,14,NA,2,3,22,9,1,1,2,1,NA,NA,NA,NA,9,1,1,1,1,1,1,2,2,1,2,2,2,2,1,1,1,2,2,4,4,2,4,4,2,2
2022,3133,8,2200,74,3,20,61,4,9,2,2,1,9,0,2,NA,2,3,NA,NA,NA,NA,9,NA,NA,NA,NA,NA,NA,NA,NA,NA,NA,NA,NA,NA,NA,NA,NA,NA,NA,NA,NA,NA,NA,NA,NA,NA
2022,3134,4,9610,22,5,12,29,1,NA,0,1,1,NA,NA,NA,NA,3,2,1,1,1,3,9,2,2,2,NA,2,2,2,2,2,2,2,2,2,4,4,4,4,4,4,4,4,4,4,4,4
2022,3135,2,2600,46,1,18,73,4,51,2,1,1,18,15,1,NA,1,1,NA,NA,NA,NA,9,NA,NA,NA,NA,NA,NA,NA,NA,NA,NA,NA,NA,NA,NA,NA,NA,NA,NA,NA,NA,NA,NA,NA,NA,NA
2022,3136,5,4220,24,3,15,68,1,NA,NA,1,1,19,0,NA,NA,3,3,NA,3,2,1,9,NA,NA,NA,NA,NA,NA,NA,NA,NA,NA,NA,NA,NA,NA,NA,NA,NA,NA,NA,NA,NA,NA,NA,NA,NA
2022,3137,8,5700,47,2,14,63,1,NA,NA,2,1,12,0,2,2,3,2,NA,NA,NA,NA,9,NA,NA,NA,NA,NA,NA,NA,NA,NA,NA,NA,NA,NA,NA,NA,NA,NA,NA,NA,NA,NA,NA,NA,NA,NA
2022,3138,2,120,53,2,12,72,1,NA,3,2,1,20,19,1,1,2,1,NA,NA,NA,NA,9,2,1,1,1,2,1,2,2,2,2,2,2,2,2,1,2,4,2,4,4,4,4,4,4,4
2022,3139,1,7315,45,1,15,43,2,27,NA,1,1,22,21,2,2,1,2,NA,NA,NA,NA,9,NA,NA,NA,NA,NA,NA,NA,NA,NA,NA,NA,NA,NA,NA,NA,NA,NA,NA,NA,NA,NA,NA,NA,NA,NA
2022,3140,1,1020,60,1,18,50,4,42,0,1,1,26,25,3,1,1,1,2,1,1,3,9,2,2,2,NA,1,1,2,2,1,2,1,2,1,1,2,4,2,2,4,4,2,2,2,4,2
2022,3141,8,8220,44,5,12,60,0,NA,NA,1,1,9,0,2,2,2,3,2,1,2,1,9,NA,NA,NA,NA,NA,NA,NA,NA,NA,NA,NA,NA,NA,NA,NA,NA,NA,NA,NA,NA,NA,NA,NA,NA,NA
2022,3142,5,7000,43,3,14,68,1,NA,NA,1,1,19,0,2,2,2,3,3,1,1,1,9,2,2,2,NA,2,2,2,2,1,2,2,2,2,4,4,4,4,4,4,4,4,4,4,4,4
2022,3143,5,9030,65,2,13,77,1,NA,0,1,1,17,0,1,1,3,2,NA,NA,NA,NA,8,1,1,2,1,1,1,1,1,1,2,2,1,2,1,1,4,1,1,2,4,1,4,4,1,4
2022,3144,5,3850,60,5,13,53,1,NA,0,1,1,15,15,2,2,2,3,NA,NA,NA,NA,9,2,2,2,NA,2,1,2,2,2,2,2,2,2,4,4,4,4,2,4,4,4,4,4,4,4
2022,3145,5,NA,NA,3,14,65,1,NA,NA,2,1,20,NA,1,1,2,3,NA,NA,NA,NA,9,NA,NA,NA,NA,NA,NA,NA,NA,NA,NA,NA,NA,NA,NA,NA,NA,NA,NA,NA,NA,NA,NA,NA,NA,NA
2022,3146,1,3820,58,1,16,45,3,49,1,1,1,25,23,2,3,1,2,NA,NA,NA,NA,9,NA,NA,NA,NA,NA,NA,NA,NA,NA,NA,NA,NA,NA,NA,NA,NA,NA,NA,NA,NA,NA,NA,NA,NA,NA
2022,3147,2,4230,25,3,14,54,1,NA,NA,2,1,10,10,3,3,2,2,NA,NA,NA,NA,9,NA,NA,NA,NA,NA,NA,NA,NA,NA,NA,NA,NA,NA,NA,NA,NA,NA,NA,NA,NA,NA,NA,NA,NA,NA
2022,3148,5,7700,50,1,14,84,1,NA,NA,1,1,NA,0,1,1,3,3,NA,NA,NA,NA,1,2,1,2,2,1,1,1,2,1,2,2,1,1,4,3,4,2,2,4,4,4,4,4,3,4
2022,3149,1,5550,45,3,16,NA,3,36,NA,1,1,20,0,2,2,3,2,NA,NA,NA,NA,9,NA,NA,NA,NA,NA,NA,NA,NA,NA,NA,NA,NA,NA,NA,NA,NA,NA,NA,NA,NA,NA,NA,NA,NA,NA
2022,3150,8,NA,NA,1,10,63,0,NA,NA,2,1,14,0,2,2,1,3,NA,NA,NA,NA,9,NA,NA,NA,NA,NA,NA,NA,NA,NA,NA,NA,NA,NA,NA,NA,NA,NA,NA,NA,NA,NA,NA,NA,NA,NA
2022,3151,3,2310,61,1,19,66,4,65,2,2,1,22,21,1,1,3,1,NA,NA,NA,NA,9,2,1,2,1,1,1,1,2,2,1,1,1,1,1,1,4,2,2,1,2,2,2,2,1,2
2022,3152,5,7200,45,1,12,74,1,NA,2,1,1,24,0,2,2,1,1,2,2,1,2,9,2,2,2,NA,2,2,2,2,2,2,2,2,2,4,4,4,4,4,4,4,4,4,4,4,4
2022,3153,1,800,60,5,17,63,3,1,NA,2,1,21,21,2,2,1,1,3,3,3,1,8,NA,NA,NA,NA,NA,NA,NA,NA,NA,NA,NA,NA,NA,NA,NA,NA,NA,NA,NA,NA,NA,NA,NA,NA,NA
2022,3154,4,5860,32,3,12,NA,0,NA,NA,1,3,NA,0,NA,NA,3,2,3,1,3,2,9,NA,NA,NA,NA,NA,NA,NA,NA,NA,NA,NA,NA,NA,NA,NA,NA,NA,NA,NA,NA,NA,NA,NA,NA,NA
2022,3155,5,6260,28,4,13,NA,0,NA,NA,1,1,NA,0,2,2,2,4,NA,1,1,NA,8,NA,NA,NA,NA,NA,NA,NA,NA,NA,NA,NA,NA,NA,NA,NA,NA,NA,NA,NA,NA,NA,NA,NA,NA,NA
2022,3156,8,1006,65,2,16,73,3,14,1,2,1,13,0,2,2,2,2,NA,NA,NA,NA,9,NA,NA,NA,NA,NA,NA,NA,NA,NA,NA,NA,NA,NA,NA,NA,NA,NA,NA,NA,NA,NA,NA,NA,NA,NA
2022,3157,4,8140,38,3,12,54,1,NA,4,2,1,10,0,NA,NA,2,2,NA,NA,NA,NA,9,2,2,1,1,2,1,1,2,2,2,2,2,2,4,4,1,4,2,3,4,4,3,3,4,4
2022,3158,1,3910,50,1,17,51,1,NA,NA,2,1,22,22,3,2,2,2,3,2,1,3,7,NA,NA,NA,NA,NA,NA,NA,NA,NA,NA,NA,NA,NA,NA,NA,NA,NA,NA,NA,NA,NA,NA,NA,NA,NA
2022,3159,7,2310,61,1,14,NA,2,NA,NA,2,1,NA,0,3,1,2,2,NA,NA,NA,NA,9,NA,NA,NA,NA,NA,NA,NA,NA,NA,NA,NA,NA,NA,NA,NA,NA,NA,NA,NA,NA,NA,NA,NA,NA,NA
2022,3160,7,NA,NA,1,16,32,3,18,NA,1,1,24,0,NA,NA,2,2,NA,NA,NA,NA,9,NA,NA,NA,NA,NA,NA,NA,NA,NA,NA,NA,NA,NA,NA,NA,NA,NA,NA,NA,NA,NA,NA,NA,NA,NA
2022,3161,1,9130,35,1,8,NA,0,NA,NA,1,1,17,17,NA,NA,2,3,NA,NA,NA,NA,9,NA,NA,NA,NA,NA,NA,NA,NA,NA,NA,NA,NA,NA,NA,NA,NA,NA,NA,NA,NA,NA,NA,NA,NA,NA
2022,3162,4,9620,25,5,13,56,1,NA,NA,1,1,9,0,NA,NA,3,3,2,1,2,1,8,NA,NA,NA,NA,NA,NA,NA,NA,NA,NA,NA,NA,NA,NA,NA,NA,NA,NA,NA,NA,NA,NA,NA,NA,NA
2022,3163,1,7800,45,5,9,42,1,NA,2,2,1,14,13,NA,NA,2,3,2,1,1,1,8,1,2,2,1,1,2,2,2,2,2,2,2,2,2,2,3,4,4,4,4,4,4,4,4,4
2022,3164,1,3600,48,3,12,31,1,NA,0,2,1,13,12,NA,NA,2,3,2,3,3,1,5,NA,NA,NA,NA,NA,NA,NA,NA,NA,NA,NA,NA,NA,NA,NA,NA,NA,NA,NA,NA,NA,NA,NA,NA,NA
2022,3165,1,9830,62,1,12,24,1,NA,NA,1,3,16,16,NA,2,1,2,NA,3,1,1,8,NA,NA,NA,NA,NA,NA,NA,NA,NA,NA,NA,NA,NA,NA,NA,NA,NA,NA,NA,NA,NA,NA,NA,NA,NA
2022,3166,2,410,41,5,14,33,1,NA,0,1,1,18,17,2,2,2,3,1,1,2,1,8,NA,NA,NA,NA,NA,NA,NA,NA,NA,NA,NA,NA,NA,NA,NA,NA,NA,NA,NA,NA,NA,NA,NA,NA,NA
2022,3167,8,5400,38,3,13,43,1,NA,1,2,1,NA,0,2,2,3,4,NA,NA,NA,NA,6,1,2,1,2,1,1,2,2,1,2,2,2,2,1,1,1,2,2,2,2,2,2,2,4,2
2022,3168,1,3420,55,3,16,32,3,12,2,1,1,16,15,3,3,2,3,NA,NA,NA,NA,8,NA,NA,NA,NA,NA,NA,NA,NA,NA,NA,NA,NA,NA,NA,NA,NA,NA,NA,NA,NA,NA,NA,NA,NA,NA
2022,3169,8,1430,63,3,16,58,3,18,NA,1,1,1,0,2,1,3,2,1,1,1,2,3,NA,NA,NA,NA,NA,NA,NA,NA,NA,NA,NA,NA,NA,NA,NA,NA,NA,NA,NA,NA,NA,NA,NA,NA,NA
2022,3170,3,5240,31,3,12,50,1,NA,NA,2,1,16,15,2,2,2,3,3,2,2,1,8,NA,NA,NA,NA,NA,NA,NA,NA,NA,NA,NA,NA,NA,NA,NA,NA,NA,NA,NA,NA,NA,NA,NA,NA,NA
2022,3171,4,4600,35,5,10,18,0,NA,NA,2,1,18,2,NA,NA,2,1,NA,NA,NA,NA,6,NA,NA,NA,NA,NA,NA,NA,NA,NA,NA,NA,NA,NA,NA,NA,NA,NA,NA,NA,NA,NA,NA,NA,NA,NA
2022,3172,8,8030,40,3,14,52,2,80,NA,1,3,12,0,2,2,2,3,3,3,1,1,8,NA,NA,NA,NA,NA,NA,NA,NA,NA,NA,NA,NA,NA,NA,NA,NA,NA,NA,NA,NA,NA,NA,NA,NA,NA
2022,3173,2,5510,29,5,10,38,1,NA,NA,1,1,15,15,NA,NA,2,4,NA,NA,NA,NA,9,NA,NA,NA,NA,NA,NA,NA,NA,NA,NA,NA,NA,NA,NA,NA,NA,NA,NA,NA,NA,NA,NA,NA,NA,NA
2022,3174,1,5000,46,4,14,33,2,9,2,2,1,16,16,NA,NA,3,3,NA,NA,NA,NA,7,1,2,1,1,1,2,1,1,1,2,2,2,2,1,2,1,2,2,2,3,3,2,2,2,2
2022,3175,1,3255,64,3,15,65,2,36,NA,2,1,22,20,1,2,2,2,1,1,2,1,3,NA,NA,NA,NA,NA,NA,NA,NA,NA,NA,NA,NA,NA,NA,NA,NA,NA,NA,NA,NA,NA,NA,NA,NA,NA
2022,3176,3,4510,36,5,14,43,1,NA,NA,2,1,19,15,NA,1,1,2,2,1,1,1,8,NA,NA,NA,NA,NA,NA,NA,NA,NA,NA,NA,NA,NA,NA,NA,NA,NA,NA,NA,NA,NA,NA,NA,NA,NA
2022,3177,5,3640,48,1,14,71,2,51,NA,1,1,16,0,1,1,3,4,NA,NA,NA,NA,3,NA,NA,NA,NA,NA,NA,NA,NA,NA,NA,NA,NA,NA,NA,NA,NA,NA,NA,NA,NA,NA,NA,NA,NA,NA
2022,3178,5,9130,35,3,13,56,1,NA,2,1,1,14,0,1,1,3,4,NA,NA,NA,NA,8,2,2,2,NA,2,1,2,2,1,2,2,2,2,4,4,4,4,2,4,4,4,4,4,4,4
2022,3179,8,4720,28,3,12,51,1,NA,5,2,1,10,0,NA,NA,2,3,2,1,2,1,8,NA,NA,NA,NA,NA,NA,NA,NA,NA,NA,NA,NA,NA,NA,NA,NA,NA,NA,NA,NA,NA,NA,NA,NA,NA
2022,3180,3,7200,45,5,15,34,1,NA,NA,1,1,10,0,2,NA,3,4,NA,NA,NA,NA,9,2,2,1,1,1,1,2,2,1,2,2,1,2,2,2,1,2,2,4,4,2,4,4,1,4
2022,3181,1,120,53,1,16,38,3,8,NA,2,1,22,18,2,2,3,4,NA,NA,NA,NA,8,NA,NA,NA,NA,NA,NA,NA,NA,NA,NA,NA,NA,NA,NA,NA,NA,NA,NA,NA,NA,NA,NA,NA,NA,NA
2022,3182,1,8740,39,3,13,42,1,NA,NA,1,3,25,20,NA,NA,2,2,2,1,1,NA,8,NA,NA,NA,NA,NA,NA,NA,NA,NA,NA,NA,NA,NA,NA,NA,NA,NA,NA,NA,NA,NA,NA,NA,NA,NA
2022,3183,5,4120,34,2,8,81,0,NA,NA,2,2,19,0,NA,NA,2,3,3,2,2,1,5,NA,NA,NA,NA,NA,NA,NA,NA,NA,NA,NA,NA,NA,NA,NA,NA,NA,NA,NA,NA,NA,NA,NA,NA,NA
2022,3184,1,4700,38,1,14,47,1,NA,2,2,1,22,17,2,2,1,2,2,1,1,1,8,NA,NA,NA,NA,NA,NA,NA,NA,NA,NA,NA,NA,NA,NA,NA,NA,NA,NA,NA,NA,NA,NA,NA,NA,NA
2022,3185,1,6440,43,5,12,26,1,NA,2,1,1,17,17,NA,NA,2,2,2,1,1,1,8,1,2,1,1,1,2,2,1,1,2,2,2,2,3,4,2,2,4,4,2,4,4,4,4,4
2022,3186,7,800,60,3,16,49,3,9,NA,2,1,14,0,NA,2,1,1,1,2,1,1,9,NA,NA,NA,NA,NA,NA,NA,NA,NA,NA,NA,NA,NA,NA,NA,NA,NA,NA,NA,NA,NA,NA,NA,NA,NA
2022,3187,5,2160,44,2,13,75,1,NA,NA,2,1,NA,0,2,2,1,2,NA,NA,NA,NA,8,NA,NA,NA,NA,NA,NA,NA,NA,NA,NA,NA,NA,NA,NA,NA,NA,NA,NA,NA,NA,NA,NA,NA,NA,NA
2022,3188,5,3255,64,2,16,84,2,36,NA,2,1,10,0,2,2,2,3,NA,NA,NA,NA,2,NA,NA,NA,NA,NA,NA,NA,NA,NA,NA,NA,NA,NA,NA,NA,NA,NA,NA,NA,NA,NA,NA,NA,NA,NA
2022,3189,1,2340,38,5,16,35,3,8,0,1,1,19,13,NA,2,2,1,NA,NA,NA,NA,1,NA,NA,NA,NA,NA,NA,NA,NA,NA,NA,NA,NA,NA,NA,NA,NA,NA,NA,NA,NA,NA,NA,NA,NA,NA
2022,3190,7,6260,28,1,14,34,2,51,1,1,1,15,0,NA,NA,1,2,NA,NA,NA,NA,3,NA,NA,NA,NA,NA,NA,NA,NA,NA,NA,NA,NA,NA,NA,NA,NA,NA,NA,NA,NA,NA,NA,NA,NA,NA
2022,3191,5,3060,80,1,20,76,4,34,NA,1,1,23,0,2,2,1,1,NA,NA,NA,NA,4,NA,NA,NA,NA,NA,NA,NA,NA,NA,NA,NA,NA,NA,NA,NA,NA,NA,NA,NA,NA,NA,NA,NA,NA,NA
2022,3192,5,8320,32,1,12,67,1,NA,NA,2,1,20,0,1,1,2,2,NA,NA,NA,NA,9,NA,NA,NA,NA,NA,NA,NA,NA,NA,NA,NA,NA,NA,NA,NA,NA,NA,NA,NA,NA,NA,NA,NA,NA,NA
2022,3193,5,2200,74,1,18,60,4,8,NA,2,1,26,0,NA,NA,2,2,NA,NA,NA,NA,9,NA,NA,NA,NA,NA,NA,NA,NA,NA,NA,NA,NA,NA,NA,NA,NA,NA,NA,NA,NA,NA,NA,NA,NA,NA
2022,3194,1,4840,43,1,12,38,1,NA,NA,1,1,26,26,2,2,2,2,3,2,2,1,4,NA,NA,NA,NA,NA,NA,NA,NA,NA,NA,NA,NA,NA,NA,NA,NA,NA,NA,NA,NA,NA,NA,NA,NA,NA
2022,3195,5,3255,64,2,18,79,4,36,2,2,1,20,0,2,2,1,2,1,1,2,1,4,NA,NA,NA,NA,NA,NA,NA,NA,NA,NA,NA,NA,NA,NA,NA,NA,NA,NA,NA,NA,NA,NA,NA,NA,NA
2022,3196,1,8300,26,1,12,57,0,NA,NA,2,1,NA,NA,NA,NA,2,2,NA,NA,NA,NA,7,NA,NA,NA,NA,NA,NA,NA,NA,NA,NA,NA,NA,NA,NA,NA,NA,NA,NA,NA,NA,NA,NA,NA,NA,NA
2022,3197,5,2310,61,1,18,NA,4,51,NA,1,1,NA,0,2,2,1,4,NA,NA,NA,NA,7,NA,NA,NA,NA,NA,NA,NA,NA,NA,NA,NA,NA,NA,NA,NA,NA,NA,NA,NA,NA,NA,NA,NA,NA,NA
2022,3198,1,4965,31,1,13,NA,1,NA,NA,2,1,NA,NA,2,2,2,1,NA,NA,NA,NA,7,NA,NA,NA,NA,NA,NA,NA,NA,NA,NA,NA,NA,NA,NA,NA,NA,NA,NA,NA,NA,NA,NA,NA,NA,NA
2022,3199,7,740,33,1,12,NA,1,NA,NA,2,1,NA,0,2,2,2,4,2,1,1,1,8,NA,NA,NA,NA,NA,NA,NA,NA,NA,NA,NA,NA,NA,NA,NA,NA,NA,NA,NA,NA,NA,NA,NA,NA,NA
2022,3200,2,3255,64,1,20,40,4,36,NA,2,1,22,21,2,2,2,2,NA,NA,NA,NA,7,NA,NA,NA,NA,NA,NA,NA,NA,NA,NA,NA,NA,NA,NA,NA,NA,NA,NA,NA,NA,NA,NA,NA,NA,NA
2022,3201,5,5700,47,2,12,89,1,NA,NA,2,1,NA,0,2,2,2,2,NA,NA,NA,NA,5,NA,NA,NA,NA,NA,NA,NA,NA,NA,NA,NA,NA,NA,NA,NA,NA,NA,NA,NA,NA,NA,NA,NA,NA,NA
2022,3202,1,9030,65,1,18,49,4,59,NA,1,1,NA,NA,NA,2,2,2,1,1,2,1,7,NA,NA,NA,NA,NA,NA,NA,NA,NA,NA,NA,NA,NA,NA,NA,NA,NA,NA,NA,NA,NA,NA,NA,NA,NA
2022,3203,2,4620,35,1,16,36,3,63,NA,2,1,26,NA,NA,2,2,1,3,2,1,2,7,NA,NA,NA,NA,NA,NA,NA,NA,NA,NA,NA,NA,NA,NA,NA,NA,NA,NA,NA,NA,NA,NA,NA,NA,NA
2022,3204,2,4600,35,1,14,35,1,NA,NA,2,3,18,10,NA,NA,2,2,NA,NA,NA,NA,7,NA,NA,NA,NA,NA,NA,NA,NA,NA,NA,NA,NA,NA,NA,NA,NA,NA,NA,NA,NA,NA,NA,NA,NA,NA
2022,3205,1,50,53,1,16,42,3,42,NA,2,1,22,22,2,2,2,1,NA,NA,NA,NA,3,NA,NA,NA,NA,NA,NA,NA,NA,NA,NA,NA,NA,NA,NA,NA,NA,NA,NA,NA,NA,NA,NA,NA,NA,NA
2022,3206,1,430,39,5,14,39,1,NA,NA,1,1,17,16,2,2,2,2,1,1,1,1,9,2,1,1,1,2,1,2,1,1,2,1,2,2,3,2,2,4,2,4,2,2,2,2,4,2
2022,3207,5,3740,59,1,16,64,3,9,NA,1,1,21,0,NA,NA,1,2,2,3,3,3,4,NA,NA,NA,NA,NA,NA,NA,NA,NA,NA,NA,NA,NA,NA,NA,NA,NA,NA,NA,NA,NA,NA,NA,NA,NA
2022,3208,1,1600,59,1,16,45,3,8,NA,1,1,18,0,1,1,3,2,NA,NA,NA,NA,7,2,2,2,NA,2,1,1,2,1,2,1,2,1,4,3,4,3,2,4,3,2,2,2,4,1
2022,3209,1,3955,32,4,12,NA,1,NA,NA,2,3,NA,NA,1,1,1,2,2,1,1,1,7,NA,NA,NA,NA,NA,NA,NA,NA,NA,NA,NA,NA,NA,NA,NA,NA,NA,NA,NA,NA,NA,NA,NA,NA,NA
2022,3210,1,9360,24,5,14,NA,1,NA,NA,2,3,19,19,NA,NA,2,1,NA,NA,1,NA,9,NA,NA,NA,NA,NA,NA,NA,NA,NA,NA,NA,NA,NA,NA,NA,NA,NA,NA,NA,NA,NA,NA,NA,NA,NA
2022,3211,1,1930,66,1,17,45,3,18,NA,1,1,26,26,1,1,2,2,NA,NA,NA,NA,7,NA,NA,NA,NA,NA,NA,NA,NA,NA,NA,NA,NA,NA,NA,NA,NA,NA,NA,NA,NA,NA,NA,NA,NA,NA
2022,3212,1,3740,59,1,16,NA,2,50,NA,1,1,NA,NA,1,1,2,2,2,1,1,1,7,NA,NA,NA,NA,NA,NA,NA,NA,NA,NA,NA,NA,NA,NA,NA,NA,NA,NA,NA,NA,NA,NA,NA,NA,NA
2022,3213,4,4720,28,5,12,NA,0,NA,NA,2,1,9,2,NA,NA,2,3,NA,NA,NA,NA,7,NA,NA,NA,NA,NA,NA,NA,NA,NA,NA,NA,NA,NA,NA,NA,NA,NA,NA,NA,NA,NA,NA,NA,NA,NA
2022,3214,4,6260,28,5,13,32,1,NA,NA,1,1,20,17,2,NA,NA,3,NA,NA,NA,NA,7,NA,NA,NA,NA,NA,NA,NA,NA,NA,NA,NA,NA,NA,NA,NA,NA,NA,NA,NA,NA,NA,NA,NA,NA,NA
2022,3215,1,4700,38,5,12,28,1,NA,NA,1,1,18,18,NA,NA,2,2,NA,NA,NA,NA,7,NA,NA,NA,NA,NA,NA,NA,NA,NA,NA,NA,NA,NA,NA,NA,NA,NA,NA,NA,NA,NA,NA,NA,NA,NA
2022,3216,1,9830,62,1,20,64,4,1,4,1,1,26,26,NA,2,1,1,NA,NA,NA,NA,6,2,2,2,NA,2,2,1,2,1,2,2,2,2,4,4,2,4,2,2,4,2,4,4,4,4
2022,3217,1,5850,32,1,13,NA,1,NA,NA,1,2,NA,NA,1,1,2,2,2,1,1,2,7,NA,NA,NA,NA,NA,NA,NA,NA,NA,NA,NA,NA,NA,NA,NA,NA,NA,NA,NA,NA,NA,NA,NA,NA,NA
2022,3218,1,3258,72,1,18,35,4,36,NA,2,1,26,23,2,2,2,1,NA,NA,NA,NA,7,2,2,1,2,2,2,2,2,2,2,2,2,2,2,4,2,4,4,4,4,4,4,4,4,4
2022,3219,5,4465,49,2,14,NA,2,50,NA,1,1,NA,0,NA,1,2,3,NA,NA,NA,NA,7,NA,NA,NA,NA,NA,NA,NA,NA,NA,NA,NA,NA,NA,NA,NA,NA,NA,NA,NA,NA,NA,NA,NA,NA,NA
2022,3220,1,4760,31,1,14,46,1,NA,NA,1,1,NA,0,2,2,1,1,3,2,1,3,7,NA,NA,NA,NA,NA,NA,NA,NA,NA,NA,NA,NA,NA,NA,NA,NA,NA,NA,NA,NA,NA,NA,NA,NA,NA
2022,3221,2,230,59,1,14,63,1,NA,2,2,1,23,9,2,2,1,2,NA,NA,NA,NA,7,1,2,1,1,2,1,2,1,1,2,2,2,1,1,2,2,2,2,4,2,2,4,4,4,2
2022,3222,5,4510,36,1,12,69,1,NA,2,2,1,23,0,2,2,2,2,2,3,2,1,2,NA,NA,NA,NA,NA,NA,NA,NA,NA,NA,NA,NA,NA,NA,NA,NA,NA,NA,NA,NA,NA,NA,NA,NA,NA
2022,3223,1,7630,31,4,14,46,1,NA,NA,1,1,18,18,2,2,2,2,NA,NA,NA,NA,7,NA,NA,NA,NA,NA,NA,NA,NA,NA,NA,NA,NA,NA,NA,NA,NA,NA,NA,NA,NA,NA,NA,NA,NA,NA
2022,3224,1,2200,74,2,19,65,4,9,NA,2,2,25,25,1,1,2,1,2,1,1,1,5,NA,NA,NA,NA,NA,NA,NA,NA,NA,NA,NA,NA,NA,NA,NA,NA,NA,NA,NA,NA,NA,NA,NA,NA,NA
2022,3225,1,5110,40,1,20,46,3,9,1,2,1,23,20,2,2,2,3,1,2,1,1,7,NA,NA,NA,NA,NA,NA,NA,NA,NA,NA,NA,NA,NA,NA,NA,NA,NA,NA,NA,NA,NA,NA,NA,NA,NA
2022,3226,1,5400,38,1,12,74,1,NA,NA,2,1,13,13,2,2,2,2,2,1,1,1,5,NA,NA,NA,NA,NA,NA,NA,NA,NA,NA,NA,NA,NA,NA,NA,NA,NA,NA,NA,NA,NA,NA,NA,NA,NA
2022,3227,7,NA,NA,3,17,44,3,77,NA,2,1,22,0,1,NA,3,3,NA,NA,NA,NA,7,NA,NA,NA,NA,NA,NA,NA,NA,NA,NA,NA,NA,NA,NA,NA,NA,NA,NA,NA,NA,NA,NA,NA,NA,NA
2022,3228,4,9620,25,5,14,48,1,NA,0,1,1,NA,NA,NA,1,2,1,2,1,1,1,7,2,2,2,NA,2,1,2,2,2,2,2,2,2,4,4,4,4,2,4,4,4,4,4,4,4
2022,3229,1,3255,64,3,18,38,3,55,NA,2,1,20,20,2,2,3,2,NA,NA,NA,NA,7,NA,NA,NA,NA,NA,NA,NA,NA,NA,NA,NA,NA,NA,NA,NA,NA,NA,NA,NA,NA,NA,NA,NA,NA,NA
2022,3230,1,2900,43,3,14,NA,1,NA,NA,2,1,NA,NA,2,2,1,1,3,1,1,1,7,NA,NA,NA,NA,NA,NA,NA,NA,NA,NA,NA,NA,NA,NA,NA,NA,NA,NA,NA,NA,NA,NA,NA,NA,NA
2022,3231,2,3255,64,1,20,38,4,36,2,2,1,26,21,1,1,2,2,NA,NA,NA,NA,7,NA,NA,NA,NA,NA,NA,NA,NA,NA,NA,NA,NA,NA,NA,NA,NA,NA,NA,NA,NA,NA,NA,NA,NA,NA
2022,3232,1,1107,48,5,20,60,4,36,NA,1,1,23,23,1,1,1,2,NA,NA,NA,NA,7,NA,NA,NA,NA,NA,NA,NA,NA,NA,NA,NA,NA,NA,NA,NA,NA,NA,NA,NA,NA,NA,NA,NA,NA,NA
2022,3233,4,5620,25,5,9,23,0,NA,NA,1,1,NA,0,NA,NA,2,3,NA,NA,NA,NA,7,NA,NA,NA,NA,NA,NA,NA,NA,NA,NA,NA,NA,NA,NA,NA,NA,NA,NA,NA,NA,NA,NA,NA,NA,NA
2022,3234,1,3600,48,2,11,36,1,NA,NA,2,1,18,13,2,NA,2,2,NA,NA,1,1,7,NA,NA,NA,NA,NA,NA,NA,NA,NA,NA,NA,NA,NA,NA,NA,NA,NA,NA,NA,NA,NA,NA,NA,NA,NA
2022,3235,8,7810,28,3,11,52,0,NA,NA,1,1,8,0,NA,NA,2,4,1,1,1,1,7,NA,NA,NA,NA,NA,NA,NA,NA,NA,NA,NA,NA,NA,NA,NA,NA,NA,NA,NA,NA,NA,NA,NA,NA,NA
2022,3236,5,9640,22,2,10,65,0,NA,NA,2,1,10,0,NA,NA,3,2,NA,1,1,1,9,NA,NA,NA,NA,NA,NA,NA,NA,NA,NA,NA,NA,NA,NA,NA,NA,NA,NA,NA,NA,NA,NA,NA,NA,NA
2022,3237,2,2300,53,5,12,18,1,NA,NA,2,1,19,9,NA,NA,2,2,2,1,1,2,7,NA,NA,NA,NA,NA,NA,NA,NA,NA,NA,NA,NA,NA,NA,NA,NA,NA,NA,NA,NA,NA,NA,NA,NA,NA
2022,3238,5,6740,42,1,12,59,1,NA,2,1,1,15,0,NA,NA,2,4,NA,NA,NA,NA,7,1,2,2,2,2,1,2,2,2,2,2,2,2,4,4,4,4,2,4,2,2,4,4,4,4
2022,3239,1,6230,44,5,9,39,0,NA,2,1,3,20,20,NA,NA,2,1,1,1,1,3,7,NA,NA,NA,NA,NA,NA,NA,NA,NA,NA,NA,NA,NA,NA,NA,NA,NA,NA,NA,NA,NA,NA,NA,NA,NA
2022,3240,7,NA,NA,1,6,28,0,NA,NA,2,NA,1,0,NA,NA,2,3,2,2,2,2,0,NA,NA,NA,NA,NA,NA,NA,NA,NA,NA,NA,NA,NA,NA,NA,NA,NA,NA,NA,NA,NA,NA,NA,NA,NA
2022,3241,1,4600,35,3,16,65,2,9,NA,2,1,18,18,2,2,1,2,2,1,1,1,7,NA,NA,NA,NA,NA,NA,NA,NA,NA,NA,NA,NA,NA,NA,NA,NA,NA,NA,NA,NA,NA,NA,NA,NA,NA
2022,3242,7,NA,NA,1,12,34,1,NA,4,2,2,7,0,1,NA,1,2,NA,NA,NA,NA,7,2,2,2,NA,2,1,2,2,1,2,2,2,2,4,4,4,4,4,4,4,4,4,4,4,4
2022,3243,1,4700,38,1,11,31,1,NA,NA,1,1,21,19,NA,NA,2,3,NA,NA,NA,NA,7,NA,NA,NA,NA,NA,NA,NA,NA,NA,NA,NA,NA,NA,NA,NA,NA,NA,NA,NA,NA,NA,NA,NA,NA,NA
2022,3244,1,3258,72,1,19,57,4,36,2,1,1,26,26,2,2,1,2,NA,NA,NA,NA,7,NA,NA,NA,NA,NA,NA,NA,NA,NA,NA,NA,NA,NA,NA,NA,NA,NA,NA,NA,NA,NA,NA,NA,NA,NA
2022,3245,1,3710,66,1,13,44,1,NA,2,1,1,20,19,2,2,1,2,2,2,1,1,7,2,2,1,2,2,1,2,2,2,2,2,2,2,4,4,2,4,2,4,4,4,4,4,4,4
2022,3246,4,5520,32,4,12,47,1,NA,NA,2,1,16,14,NA,NA,2,3,2,1,1,1,7,NA,NA,NA,NA,NA,NA,NA,NA,NA,NA,NA,NA,NA,NA,NA,NA,NA,NA,NA,NA,NA,NA,NA,NA,NA
2022,3247,5,4700,38,2,12,89,1,NA,NA,2,1,13,0,2,2,2,3,NA,NA,NA,NA,7,NA,NA,NA,NA,NA,NA,NA,NA,NA,NA,NA,NA,NA,NA,NA,NA,NA,NA,NA,NA,NA,NA,NA,NA,NA
2022,3248,3,230,59,1,20,61,4,66,NA,2,2,26,26,1,1,2,2,NA,NA,NA,NA,7,NA,NA,NA,NA,NA,NA,NA,NA,NA,NA,NA,NA,NA,NA,NA,NA,NA,NA,NA,NA,NA,NA,NA,NA,NA
2022,3249,2,3600,48,5,12,31,1,NA,NA,1,1,2,0,NA,NA,3,3,NA,NA,NA,NA,7,NA,NA,NA,NA,NA,NA,NA,NA,NA,NA,NA,NA,NA,NA,NA,NA,NA,NA,NA,NA,NA,NA,NA,NA,NA
2022,3250,5,5540,45,2,15,70,1,NA,NA,2,1,21,21,2,2,2,2,2,3,1,1,7,NA,NA,NA,NA,NA,NA,NA,NA,NA,NA,NA,NA,NA,NA,NA,NA,NA,NA,NA,NA,NA,NA,NA,NA,NA
2022,3251,1,8220,44,1,11,40,1,NA,NA,2,1,12,3,NA,NA,2,3,NA,NA,NA,NA,7,NA,NA,NA,NA,NA,NA,NA,NA,NA,NA,NA,NA,NA,NA,NA,NA,NA,NA,NA,NA,NA,NA,NA,NA,NA
2022,3252,5,6200,49,1,12,66,1,NA,NA,1,1,13,0,NA,NA,2,1,NA,NA,NA,NA,6,NA,NA,NA,NA,NA,NA,NA,NA,NA,NA,NA,NA,NA,NA,NA,NA,NA,NA,NA,NA,NA,NA,NA,NA,NA
2022,3253,5,5550,45,3,12,70,1,NA,NA,1,1,NA,0,NA,NA,3,2,3,2,2,1,7,NA,NA,NA,NA,NA,NA,NA,NA,NA,NA,NA,NA,NA,NA,NA,NA,NA,NA,NA,NA,NA,NA,NA,NA,NA
2022,3254,2,2310,61,1,17,42,3,8,NA,2,1,NA,NA,NA,NA,2,2,2,3,2,1,7,NA,NA,NA,NA,NA,NA,NA,NA,NA,NA,NA,NA,NA,NA,NA,NA,NA,NA,NA,NA,NA,NA,NA,NA,NA
2022,3255,1,4000,50,2,12,64,1,NA,NA,2,1,16,16,NA,NA,1,1,NA,NA,NA,NA,0,NA,NA,NA,NA,NA,NA,NA,NA,NA,NA,NA,NA,NA,NA,NA,NA,NA,NA,NA,NA,NA,NA,NA,NA,NA
2022,3256,6,4110,31,3,14,37,1,NA,NA,2,1,8,8,3,2,2,2,3,1,2,1,7,NA,NA,NA,NA,NA,NA,NA,NA,NA,NA,NA,NA,NA,NA,NA,NA,NA,NA,NA,NA,NA,NA,NA,NA,NA
2022,3257,1,4250,37,3,12,45,1,NA,0,1,1,20,20,2,2,2,2,NA,NA,NA,NA,7,NA,NA,NA,NA,NA,NA,NA,NA,NA,NA,NA,NA,NA,NA,NA,NA,NA,NA,NA,NA,NA,NA,NA,NA,NA
2022,3258,1,5510,29,1,12,51,1,NA,0,1,1,16,16,2,2,2,2,3,2,1,1,7,2,2,2,NA,2,2,2,2,1,2,NA,2,2,4,4,4,4,4,4,2,2,4,4,4,4
2022,3259,7,4230,25,5,12,38,1,NA,NA,2,1,8,0,NA,2,2,3,2,1,1,1,7,NA,NA,NA,NA,NA,NA,NA,NA,NA,NA,NA,NA,NA,NA,NA,NA,NA,NA,NA,NA,NA,NA,NA,NA,NA
2022,3260,1,2160,44,4,12,46,1,NA,2,2,1,14,12,NA,NA,2,2,NA,NA,NA,NA,9,2,2,2,NA,2,1,2,2,1,1,1,2,1,4,4,4,4,4,4,1,1,1,1,2,2
2022,3261,5,7750,35,3,11,71,0,NA,NA,1,1,15,0,2,2,3,3,NA,NA,NA,NA,3,NA,NA,NA,NA,NA,NA,NA,NA,NA,NA,NA,NA,NA,NA,NA,NA,NA,NA,NA,NA,NA,NA,NA,NA,NA
2022,3262,1,4620,35,1,16,38,3,40,3,1,1,20,13,2,2,1,2,2,2,2,1,7,2,2,1,2,2,2,2,2,1,2,2,2,2,2,4,2,4,4,4,4,2,4,2,4,4
2022,3263,1,1920,57,3,15,60,1,NA,NA,2,1,20,16,1,2,2,1,NA,NA,NA,NA,6,NA,NA,NA,NA,NA,NA,NA,NA,NA,NA,NA,NA,NA,NA,NA,NA,NA,NA,NA,NA,NA,NA,NA,NA,NA
2022,3264,1,430,39,1,14,62,1,NA,2,1,1,21,21,NA,NA,2,3,NA,NA,NA,NA,7,NA,NA,NA,NA,NA,NA,NA,NA,NA,NA,NA,NA,NA,NA,NA,NA,NA,NA,NA,NA,NA,NA,NA,NA,NA
2022,3265,8,7200,45,4,12,39,1,NA,4,1,3,16,0,NA,NA,3,4,NA,NA,NA,NA,3,NA,NA,NA,NA,NA,NA,NA,NA,NA,NA,NA,NA,NA,NA,NA,NA,NA,NA,NA,NA,NA,NA,NA,NA,NA
2022,3266,8,9610,22,1,12,57,1,NA,NA,1,1,2,0,NA,NA,2,3,3,1,1,1,7,NA,NA,NA,NA,NA,NA,NA,NA,NA,NA,NA,NA,NA,NA,NA,NA,NA,NA,NA,NA,NA,NA,NA,NA,NA
2022,3267,2,6230,44,1,0,25,0,NA,NA,2,1,11,11,NA,NA,1,4,NA,NA,NA,NA,7,NA,NA,NA,NA,NA,NA,NA,NA,NA,NA,NA,NA,NA,NA,NA,NA,NA,NA,NA,NA,NA,NA,NA,NA,NA
2022,3268,1,7700,50,1,12,49,1,NA,NA,1,1,20,17,NA,NA,2,3,2,1,1,3,9,NA,NA,NA,NA,NA,NA,NA,NA,NA,NA,NA,NA,NA,NA,NA,NA,NA,NA,NA,NA,NA,NA,NA,NA,NA
2022,3269,1,6230,44,1,14,58,2,49,0,1,1,15,15,2,2,1,2,NA,NA,NA,NA,7,1,2,2,1,1,1,1,1,1,2,2,1,2,2,2,4,2,2,3,3,2,4,4,2,4
2022,3270,8,NA,NA,5,15,22,1,NA,NA,1,1,19,0,NA,NA,1,1,NA,NA,NA,NA,7,NA,NA,NA,NA,NA,NA,NA,NA,NA,NA,NA,NA,NA,NA,NA,NA,NA,NA,NA,NA,NA,NA,NA,NA,NA
2022,3271,1,3600,48,4,8,28,0,NA,NA,2,1,18,0,NA,NA,3,2,NA,NA,NA,NA,7,NA,NA,NA,NA,NA,NA,NA,NA,NA,NA,NA,NA,NA,NA,NA,NA,NA,NA,NA,NA,NA,NA,NA,NA,NA
2022,3272,1,NA,NA,1,14,NA,2,NA,NA,1,1,NA,NA,NA,4,1,2,NA,NA,NA,NA,NA,NA,NA,NA,NA,NA,NA,NA,NA,NA,NA,NA,NA,NA,NA,NA,NA,NA,NA,NA,NA,NA,NA,NA,NA,NA
2022,3273,8,5130,28,2,15,56,2,64,3,2,1,16,0,1,1,2,3,NA,NA,NA,NA,3,2,2,2,NA,NA,1,2,2,2,2,2,1,2,4,4,4,4,3,4,4,4,4,4,3,4
2022,3274,5,4700,38,1,13,87,1,NA,NA,1,1,NA,0,1,1,1,3,NA,NA,NA,NA,9,NA,NA,NA,NA,NA,NA,NA,NA,NA,NA,NA,NA,NA,NA,NA,NA,NA,NA,NA,NA,NA,NA,NA,NA,NA
2022,3275,8,6230,44,3,11,55,0,NA,NA,1,1,2,0,2,2,3,3,NA,NA,NA,NA,7,NA,NA,NA,NA,NA,NA,NA,NA,NA,NA,NA,NA,NA,NA,NA,NA,NA,NA,NA,NA,NA,NA,NA,NA,NA
2022,3276,4,8140,38,5,11,46,1,NA,1,1,1,16,10,NA,NA,2,2,NA,NA,NA,NA,7,NA,NA,NA,NA,NA,NA,NA,NA,NA,NA,NA,NA,NA,NA,NA,NA,NA,NA,NA,NA,NA,NA,NA,NA,NA
2022,3277,1,5400,38,3,13,56,1,NA,0,2,1,14,14,1,3,3,2,NA,NA,NA,NA,7,2,2,2,NA,1,1,2,2,1,2,2,1,2,2,4,2,2,2,4,4,2,4,4,1,4
2022,3278,5,630,47,2,18,74,4,61,NA,1,1,21,0,2,2,2,3,NA,NA,NA,NA,5,2,2,2,NA,2,1,2,1,1,2,2,1,1,4,4,4,2,2,4,2,2,4,4,2,2
2022,3279,5,1010,63,1,15,66,1,NA,NA,1,1,26,21,2,2,1,1,1,2,2,1,2,NA,NA,NA,NA,NA,NA,NA,NA,NA,NA,NA,NA,NA,NA,NA,NA,NA,NA,NA,NA,NA,NA,NA,NA,NA
2022,3280,5,2040,66,5,20,70,4,47,0,1,1,19,6,3,NA,1,2,2,3,1,1,6,NA,NA,NA,NA,NA,NA,NA,NA,NA,NA,NA,NA,NA,NA,NA,NA,NA,NA,NA,NA,NA,NA,NA,NA,NA
2022,3281,1,6260,28,1,12,22,1,NA,2,1,1,18,14,NA,2,1,2,3,3,3,3,7,NA,NA,NA,NA,NA,NA,NA,NA,NA,NA,NA,NA,NA,NA,NA,NA,NA,NA,NA,NA,NA,NA,NA,NA,NA
2022,3282,7,136,53,1,13,56,2,9,3,2,1,15,0,2,2,2,2,NA,NA,NA,NA,7,1,1,1,NA,1,1,1,1,1,1,1,1,1,2,2,2,2,2,1,1,1,1,1,2,2
2022,3283,1,3500,69,3,16,39,2,36,1,2,1,10,10,1,1,2,3,1,1,1,1,3,NA,NA,NA,NA,NA,NA,NA,NA,NA,NA,NA,NA,NA,NA,NA,NA,NA,NA,NA,NA,NA,NA,NA,NA,NA
2022,3284,5,1050,48,1,14,63,2,27,1,2,1,20,15,2,2,2,2,1,1,1,1,6,NA,NA,NA,NA,NA,NA,NA,NA,NA,NA,NA,NA,NA,NA,NA,NA,NA,NA,NA,NA,NA,NA,NA,NA,NA
2022,3285,5,110,60,1,14,62,1,NA,0,2,1,15,0,2,2,1,3,NA,NA,NA,NA,7,NA,NA,NA,NA,NA,NA,NA,NA,NA,NA,NA,NA,NA,NA,NA,NA,NA,NA,NA,NA,NA,NA,NA,NA,NA
2022,3286,5,3060,80,1,20,79,4,34,3,1,1,26,26,1,1,1,2,NA,NA,NA,NA,7,NA,NA,NA,NA,NA,NA,NA,NA,NA,NA,NA,NA,NA,NA,NA,NA,NA,NA,NA,NA,NA,NA,NA,NA,NA
2022,3287,1,6200,49,1,12,26,1,NA,2,1,1,19,18,NA,2,2,3,3,2,3,1,7,NA,NA,NA,NA,NA,NA,NA,NA,NA,NA,NA,NA,NA,NA,NA,NA,NA,NA,NA,NA,NA,NA,NA,NA,NA
2022,3288,1,10,72,1,19,39,4,27,NA,1,1,26,26,2,2,1,1,3,2,2,1,7,NA,NA,NA,NA,NA,NA,NA,NA,NA,NA,NA,NA,NA,NA,NA,NA,NA,NA,NA,NA,NA,NA,NA,NA,NA
2022,3289,5,9130,35,3,15,56,1,NA,NA,1,1,15,0,2,2,3,3,1,2,1,1,3,NA,NA,NA,NA,NA,NA,NA,NA,NA,NA,NA,NA,NA,NA,NA,NA,NA,NA,NA,NA,NA,NA,NA,NA,NA
2022,3290,1,7930,37,1,10,24,0,NA,NA,1,1,16,16,2,NA,2,2,2,1,2,2,7,NA,NA,NA,NA,NA,NA,NA,NA,NA,NA,NA,NA,NA,NA,NA,NA,NA,NA,NA,NA,NA,NA,NA,NA,NA
2022,3291,1,2000,51,4,16,48,3,70,NA,1,1,20,20,2,2,3,2,NA,NA,NA,NA,3,NA,NA,NA,NA,NA,NA,NA,NA,NA,NA,NA,NA,NA,NA,NA,NA,NA,NA,NA,NA,NA,NA,NA,NA,NA
2022,3292,1,2310,61,1,18,45,3,25,NA,2,1,23,14,2,2,1,2,NA,NA,NA,NA,7,NA,NA,NA,NA,NA,NA,NA,NA,NA,NA,NA,NA,NA,NA,NA,NA,NA,NA,NA,NA,NA,NA,NA,NA,NA
2022,3293,5,9830,62,3,12,45,1,NA,NA,1,2,19,11,NA,1,2,3,3,1,1,2,2,NA,NA,NA,NA,NA,NA,NA,NA,NA,NA,NA,NA,NA,NA,NA,NA,NA,NA,NA,NA,NA,NA,NA,NA,NA
2022,3294,1,2010,54,1,19,50,4,82,NA,2,1,25,20,1,1,2,2,NA,NA,NA,NA,4,NA,NA,NA,NA,NA,NA,NA,NA,NA,NA,NA,NA,NA,NA,NA,NA,NA,NA,NA,NA,NA,NA,NA,NA,NA
2022,3295,1,310,39,5,12,36,1,NA,NA,2,2,16,16,4,NA,2,3,3,1,1,1,7,NA,NA,NA,NA,NA,NA,NA,NA,NA,NA,NA,NA,NA,NA,NA,NA,NA,NA,NA,NA,NA,NA,NA,NA,NA
2022,3296,1,9830,62,1,16,26,3,70,NA,1,1,19,19,NA,NA,1,1,2,1,1,2,4,NA,NA,NA,NA,NA,NA,NA,NA,NA,NA,NA,NA,NA,NA,NA,NA,NA,NA,NA,NA,NA,NA,NA,NA,NA
2022,3297,7,3955,32,1,14,30,1,NA,NA,2,1,15,0,NA,NA,2,2,NA,NA,NA,NA,9,NA,NA,NA,NA,NA,NA,NA,NA,NA,NA,NA,NA,NA,NA,NA,NA,NA,NA,NA,NA,NA,NA,NA,NA,NA
2022,3298,1,9830,62,5,12,39,1,NA,NA,1,2,16,16,NA,NA,3,1,NA,NA,NA,NA,5,NA,NA,NA,NA,NA,NA,NA,NA,NA,NA,NA,NA,NA,NA,NA,NA,NA,NA,NA,NA,NA,NA,NA,NA,NA
2022,3299,8,4600,35,4,12,61,1,NA,1,2,1,10,0,NA,NA,3,3,NA,NA,NA,NA,0,NA,NA,NA,NA,NA,NA,NA,NA,NA,NA,NA,NA,NA,NA,NA,NA,NA,NA,NA,NA,NA,NA,NA,NA,NA
2022,3300,1,700,51,1,16,28,3,55,0,2,1,22,NA,NA,2,3,2,NA,NA,NA,NA,4,2,2,1,1,2,2,2,2,2,2,2,1,1,4,4,2,1,2,4,2,2,4,4,1,2
2022,3301,1,5700,47,5,15,23,1,NA,0,1,1,15,15,NA,NA,2,3,NA,NA,NA,NA,4,NA,NA,NA,NA,NA,NA,NA,NA,NA,NA,NA,NA,NA,NA,NA,NA,NA,NA,NA,NA,NA,NA,NA,NA,NA
2022,3302,1,1530,70,5,16,25,3,40,NA,2,1,18,18,1,1,2,1,2,1,1,2,5,NA,NA,NA,NA,NA,NA,NA,NA,NA,NA,NA,NA,NA,NA,NA,NA,NA,NA,NA,NA,NA,NA,NA,NA,NA
2022,3303,1,4020,33,3,12,51,1,NA,NA,2,3,14,13,NA,NA,3,3,1,2,2,1,4,NA,NA,NA,NA,NA,NA,NA,NA,NA,NA,NA,NA,NA,NA,NA,NA,NA,NA,NA,NA,NA,NA,NA,NA,NA
2022,3304,5,9830,62,5,14,NA,1,NA,NA,2,1,18,0,2,1,2,2,2,1,1,1,4,1,1,2,1,1,1,2,1,1,1,1,1,1,1,1,4,1,1,1,1,1,1,1,1,1
2022,3305,1,4700,38,5,8,29,0,NA,5,2,2,11,0,NA,NA,3,3,NA,NA,NA,NA,4,2,2,1,2,2,1,2,2,2,2,2,2,2,4,4,4,4,4,4,4,4,4,4,4,4
2022,3306,5,4430,18,3,14,77,2,16,1,1,1,17,17,2,2,3,2,NA,NA,NA,NA,7,NA,NA,NA,NA,NA,NA,NA,NA,NA,NA,NA,NA,NA,NA,NA,NA,NA,NA,NA,NA,NA,NA,NA,NA,NA
2022,3307,1,700,51,3,16,46,2,9,NA,2,1,17,15,2,2,2,2,NA,NA,NA,NA,9,NA,NA,NA,NA,NA,NA,NA,NA,NA,NA,NA,NA,NA,NA,NA,NA,NA,NA,NA,NA,NA,NA,NA,NA,NA
2022,3308,5,1460,70,1,14,47,2,74,NA,1,1,12,NA,NA,NA,2,4,NA,NA,NA,NA,6,NA,NA,NA,NA,NA,NA,NA,NA,NA,NA,NA,NA,NA,NA,NA,NA,NA,NA,NA,NA,NA,NA,NA,NA,NA
2022,3309,1,2320,64,1,20,44,4,NA,NA,2,1,23,20,2,2,2,2,2,1,2,1,4,NA,NA,NA,NA,NA,NA,NA,NA,NA,NA,NA,NA,NA,NA,NA,NA,NA,NA,NA,NA,NA,NA,NA,NA,NA
2022,3310,1,820,52,1,14,49,2,9,NA,2,1,21,21,1,1,1,2,2,1,2,2,5,NA,NA,NA,NA,NA,NA,NA,NA,NA,NA,NA,NA,NA,NA,NA,NA,NA,NA,NA,NA,NA,NA,NA,NA,NA
2022,3311,1,8965,35,1,16,48,3,18,1,1,1,25,25,NA,3,1,2,NA,NA,NA,NA,7,NA,NA,NA,NA,NA,NA,NA,NA,NA,NA,NA,NA,NA,NA,NA,NA,NA,NA,NA,NA,NA,NA,NA,NA,NA
2022,3312,1,410,41,1,17,31,3,12,NA,2,1,20,18,2,2,1,1,NA,NA,NA,NA,4,NA,NA,NA,NA,NA,NA,NA,NA,NA,NA,NA,NA,NA,NA,NA,NA,NA,NA,NA,NA,NA,NA,NA,NA,NA
2022,3313,1,3300,61,4,12,38,1,NA,4,2,1,15,15,2,2,3,3,2,1,1,2,4,NA,NA,NA,NA,NA,NA,NA,NA,NA,NA,NA,NA,NA,NA,NA,NA,NA,NA,NA,NA,NA,NA,NA,NA,NA
2022,3314,1,430,39,3,20,45,4,42,NA,2,1,23,23,2,2,1,2,NA,NA,NA,NA,8,NA,NA,NA,NA,NA,NA,NA,NA,NA,NA,NA,NA,NA,NA,NA,NA,NA,NA,NA,NA,NA,NA,NA,NA,NA
2022,3315,1,2540,48,1,15,34,2,70,NA,1,1,17,17,NA,NA,1,1,NA,NA,NA,NA,9,1,1,1,1,1,1,1,1,1,1,1,1,1,3,3,3,3,2,3,3,3,2,2,2,2
2022,3316,1,7315,45,2,11,55,0,NA,NA,1,1,20,20,NA,NA,3,2,NA,NA,NA,NA,4,NA,NA,NA,NA,NA,NA,NA,NA,NA,NA,NA,NA,NA,NA,NA,NA,NA,NA,NA,NA,NA,NA,NA,NA,NA
2022,3317,1,230,59,3,16,59,3,1,NA,2,2,14,14,NA,NA,2,3,NA,NA,NA,NA,0,NA,NA,NA,NA,NA,NA,NA,NA,NA,NA,NA,NA,NA,NA,NA,NA,NA,NA,NA,NA,NA,NA,NA,NA,NA
2022,3318,1,4020,33,3,13,56,1,NA,NA,1,1,19,16,2,2,2,3,NA,NA,NA,NA,8,1,2,1,1,2,2,1,1,1,2,2,2,2,3,2,2,4,4,2,2,2,4,4,4,2
2022,3319,1,3710,66,1,12,47,1,NA,3,1,1,21,21,2,2,2,2,1,1,2,1,4,2,2,1,2,2,2,2,1,1,2,2,1,2,4,4,2,4,4,4,4,4,2,4,2,2
2022,3320,2,6230,44,3,12,47,1,NA,NA,1,2,15,2,NA,NA,3,2,3,1,1,1,4,NA,NA,NA,NA,NA,NA,NA,NA,NA,NA,NA,NA,NA,NA,NA,NA,NA,NA,NA,NA,NA,NA,NA,NA,NA
2022,3321,6,NA,NA,5,13,19,1,NA,0,1,1,NA,0,NA,NA,3,3,NA,NA,NA,NA,4,NA,NA,NA,NA,NA,NA,NA,NA,NA,NA,NA,NA,NA,NA,NA,NA,NA,NA,NA,NA,NA,NA,NA,NA,NA
2022,3322,5,7340,44,1,12,66,1,NA,NA,1,1,NA,0,2,2,2,2,NA,1,NA,3,4,NA,NA,NA,NA,NA,NA,NA,NA,NA,NA,NA,NA,NA,NA,NA,NA,NA,NA,NA,NA,NA,NA,NA,NA,NA
2022,3323,3,4010,38,1,12,30,1,NA,NA,2,1,20,11,2,NA,2,2,NA,NA,NA,NA,4,NA,NA,NA,NA,NA,NA,NA,NA,NA,NA,NA,NA,NA,NA,NA,NA,NA,NA,NA,NA,NA,NA,NA,NA,NA
2022,3324,1,430,39,1,12,49,1,NA,NA,1,1,19,16,2,3,2,2,1,2,1,1,5,1,2,1,2,2,2,2,2,2,2,2,2,2,4,4,2,4,4,4,4,NA,4,4,4,3
2022,3325,1,5500,38,1,14,38,1,NA,3,2,1,14,14,NA,NA,3,3,3,1,3,1,4,2,2,2,NA,2,1,2,1,1,1,1,2,2,4,4,4,4,4,4,4,2,2,2,4,4
2022,3326,2,4220,24,3,18,57,3,63,2,2,1,11,3,NA,NA,2,2,3,1,1,1,4,NA,NA,NA,NA,NA,NA,NA,NA,NA,NA,NA,NA,NA,NA,NA,NA,NA,NA,NA,NA,NA,NA,NA,NA,NA
2022,3327,2,5700,47,3,12,70,1,NA,NA,2,1,14,11,NA,NA,2,2,3,2,1,2,4,NA,NA,NA,NA,NA,NA,NA,NA,NA,NA,NA,NA,NA,NA,NA,NA,NA,NA,NA,NA,NA,NA,NA,NA,NA
2022,3328,4,8965,35,3,12,45,1,NA,NA,1,1,12,12,NA,NA,3,3,NA,NA,NA,NA,4,NA,NA,NA,NA,NA,NA,NA,NA,NA,NA,NA,NA,NA,NA,NA,NA,NA,NA,NA,NA,NA,NA,NA,NA,NA
2022,3329,5,4700,38,3,12,84,1,NA,NA,2,1,4,0,3,3,2,2,NA,NA,NA,NA,4,NA,NA,NA,NA,NA,NA,NA,NA,NA,NA,NA,NA,NA,NA,NA,NA,NA,NA,NA,NA,NA,NA,NA,NA,NA
2022,3330,5,9120,35,4,16,69,3,42,NA,2,1,18,0,2,2,2,3,2,3,1,1,3,NA,NA,NA,NA,NA,NA,NA,NA,NA,NA,NA,NA,NA,NA,NA,NA,NA,NA,NA,NA,NA,NA,NA,NA,NA
2022,3331,1,4130,16,5,16,27,3,70,NA,1,1,17,17,NA,NA,2,2,NA,1,1,2,4,NA,NA,NA,NA,NA,NA,NA,NA,NA,NA,NA,NA,NA,NA,NA,NA,NA,NA,NA,NA,NA,NA,NA,NA,NA
2022,3332,7,4760,31,3,14,70,1,NA,NA,1,1,14,0,2,2,2,4,NA,NA,NA,NA,4,NA,NA,NA,NA,NA,NA,NA,NA,NA,NA,NA,NA,NA,NA,NA,NA,NA,NA,NA,NA,NA,NA,NA,NA,NA
2022,3333,8,4140,20,3,12,38,1,NA,0,1,1,1,0,NA,NA,3,4,3,1,1,3,4,2,2,2,NA,1,1,2,2,2,2,1,1,2,4,4,4,1,2,4,2,1,4,2,1,4
2022,3334,5,2340,38,1,16,76,3,19,3,1,1,20,0,2,2,2,1,2,3,3,3,2,2,2,2,NA,1,1,2,2,2,2,2,2,2,4,4,4,4,2,4,4,3,4,4,4,4
2022,3335,1,5260,36,3,18,40,4,14,5,2,1,21,21,1,1,1,2,NA,NA,NA,NA,9,1,1,1,1,1,2,1,2,1,2,2,1,2,3,3,1,2,3,3,2,1,4,4,2,4
2022,3336,1,7340,44,1,13,61,1,NA,2,2,1,20,0,NA,2,2,2,NA,2,1,2,4,NA,NA,NA,NA,NA,NA,NA,NA,NA,NA,NA,NA,NA,NA,NA,NA,NA,NA,NA,NA,NA,NA,NA,NA,NA
2022,3337,1,9130,35,1,11,36,0,NA,1,1,1,18,18,NA,2,3,2,NA,NA,NA,NA,4,2,2,2,NA,1,2,2,2,1,2,2,2,2,3,4,3,2,2,4,2,2,3,4,4,2
2022,3338,7,NA,NA,1,12,36,1,NA,NA,2,1,18,0,NA,NA,1,1,2,2,3,3,2,NA,NA,NA,NA,NA,NA,NA,NA,NA,NA,NA,NA,NA,NA,NA,NA,NA,NA,NA,NA,NA,NA,NA,NA,NA
2022,3339,2,9130,35,1,14,35,1,NA,NA,1,1,15,13,2,2,3,2,2,3,3,1,6,NA,NA,NA,NA,NA,NA,NA,NA,NA,NA,NA,NA,NA,NA,NA,NA,NA,NA,NA,NA,NA,NA,NA,NA,NA
2022,3340,5,2200,74,2,18,74,4,9,NA,1,1,21,0,2,2,3,2,1,2,3,1,5,NA,NA,NA,NA,NA,NA,NA,NA,NA,NA,NA,NA,NA,NA,NA,NA,NA,NA,NA,NA,NA,NA,NA,NA,NA
2022,3341,1,430,39,1,16,56,3,70,NA,1,1,26,22,2,2,2,2,NA,NA,NA,NA,3,NA,NA,NA,NA,NA,NA,NA,NA,NA,NA,NA,NA,NA,NA,NA,NA,NA,NA,NA,NA,NA,NA,NA,NA,NA
2022,3342,6,9830,62,1,18,49,1,NA,NA,1,1,20,18,2,2,2,2,NA,NA,NA,NA,3,NA,NA,NA,NA,NA,NA,NA,NA,NA,NA,NA,NA,NA,NA,NA,NA,NA,NA,NA,NA,NA,NA,NA,NA,NA
2022,3343,5,9830,62,1,12,65,1,NA,3,1,2,16,0,2,NA,3,2,3,2,2,1,1,2,2,2,NA,2,2,2,2,2,2,2,2,2,4,4,4,4,4,4,4,4,4,2,4,4
2022,3344,1,410,41,1,14,48,1,NA,NA,2,1,26,16,NA,2,2,2,3,3,1,1,2,NA,NA,NA,NA,NA,NA,NA,NA,NA,NA,NA,NA,NA,NA,NA,NA,NA,NA,NA,NA,NA,NA,NA,NA,NA
2022,3345,1,2310,61,1,18,33,3,16,NA,2,1,20,16,2,2,2,3,3,1,2,2,4,NA,NA,NA,NA,NA,NA,NA,NA,NA,NA,NA,NA,NA,NA,NA,NA,NA,NA,NA,NA,NA,NA,NA,NA,NA
2022,3346,1,7200,45,1,14,56,1,NA,2,1,1,20,18,3,1,2,2,NA,NA,NA,NA,3,2,2,2,NA,2,2,2,1,1,2,2,2,2,4,4,4,4,4,4,NA,4,4,4,4,4
2022,3347,1,1360,65,5,18,40,3,18,NA,1,1,19,19,NA,2,2,2,3,3,3,3,3,NA,NA,NA,NA,NA,NA,NA,NA,NA,NA,NA,NA,NA,NA,NA,NA,NA,NA,NA,NA,NA,NA,NA,NA,NA
2022,3348,1,7200,45,5,13,60,1,NA,NA,1,1,19,19,1,1,2,2,NA,NA,NA,NA,3,NA,NA,NA,NA,NA,NA,NA,NA,NA,NA,NA,NA,NA,NA,NA,NA,NA,NA,NA,NA,NA,NA,NA,NA,NA
2022,3349,5,3850,60,2,19,68,4,16,5,1,1,11,0,NA,NA,3,4,NA,NA,NA,NA,3,2,2,2,NA,2,2,2,2,1,2,2,2,2,4,4,4,4,4,4,3,2,4,4,4,4
2022,3350,2,4030,21,2,7,62,0,NA,NA,2,1,15,7,2,2,2,2,NA,NA,NA,NA,1,NA,NA,NA,NA,NA,NA,NA,NA,NA,NA,NA,NA,NA,NA,NA,NA,NA,NA,NA,NA,NA,NA,NA,NA,NA
2022,3351,5,6200,49,1,12,72,1,NA,NA,1,1,20,0,2,2,1,2,NA,NA,NA,NA,3,NA,NA,NA,NA,NA,NA,NA,NA,NA,NA,NA,NA,NA,NA,NA,NA,NA,NA,NA,NA,NA,NA,NA,NA,NA
2022,3352,1,110,60,5,14,24,2,14,NA,1,1,25,12,NA,2,2,2,2,1,1,1,3,NA,NA,NA,NA,NA,NA,NA,NA,NA,NA,NA,NA,NA,NA,NA,NA,NA,NA,NA,NA,NA,NA,NA,NA,NA
2022,3353,5,5220,51,1,14,NA,2,9,NA,2,1,20,0,2,2,1,1,2,1,1,1,3,NA,NA,NA,NA,NA,NA,NA,NA,NA,NA,NA,NA,NA,NA,NA,NA,NA,NA,NA,NA,NA,NA,NA,NA,NA
2022,3354,5,3255,64,2,16,71,3,36,0,2,1,17,0,1,1,2,2,NA,NA,NA,NA,3,2,1,1,1,1,1,2,2,2,2,2,2,1,4,2,3,2,1,4,4,4,4,4,4,3
2022,3355,1,7000,43,1,12,59,1,NA,3,2,1,20,19,NA,2,2,2,NA,NA,NA,NA,3,2,2,2,NA,2,2,2,2,2,2,2,2,2,4,4,4,4,4,4,4,4,4,4,4,4
2022,3356,2,1410,73,3,17,62,3,18,NA,1,1,21,21,2,2,1,2,1,3,2,1,3,2,1,2,1,2,1,2,2,2,2,2,1,2,3,2,4,3,4,4,4,4,4,4,3,3
2022,3357,1,6230,44,1,12,32,1,NA,NA,1,1,22,19,2,2,1,2,NA,NA,NA,NA,3,NA,NA,NA,NA,NA,NA,NA,NA,NA,NA,NA,NA,NA,NA,NA,NA,NA,NA,NA,NA,NA,NA,NA,NA,NA
2022,3358,4,7220,45,5,12,38,1,NA,0,1,1,12,0,NA,NA,3,3,NA,NA,NA,NA,3,NA,NA,NA,NA,NA,NA,NA,NA,NA,NA,NA,NA,NA,NA,NA,NA,NA,NA,NA,NA,NA,NA,NA,NA,NA
2022,3359,1,6840,40,1,12,38,1,NA,1,1,1,22,22,3,3,2,2,1,2,1,2,3,2,2,1,2,2,2,2,1,1,2,2,2,2,1,4,2,4,4,4,2,2,2,4,4,4
2022,3360,5,5620,25,2,12,62,1,NA,3,2,1,16,0,1,1,2,3,2,1,1,2,3,2,2,2,NA,1,1,1,1,1,2,1,1,1,4,4,4,1,1,2,3,3,4,3,4,1
2022,3361,1,220,53,NA,14,NA,1,NA,0,1,1,21,0,2,2,2,2,1,3,1,1,5,NA,NA,NA,NA,NA,NA,NA,NA,NA,NA,NA,NA,NA,NA,NA,NA,NA,NA,NA,NA,NA,NA,NA,NA,NA
2022,3362,1,NA,NA,1,12,70,1,NA,NA,1,1,20,20,NA,1,2,2,3,1,1,1,3,NA,NA,NA,NA,NA,NA,NA,NA,NA,NA,NA,NA,NA,NA,NA,NA,NA,NA,NA,NA,NA,NA,NA,NA,NA
2022,3363,2,3255,64,1,16,42,3,36,6,2,1,26,20,1,1,2,2,NA,NA,NA,NA,3,NA,NA,NA,NA,NA,NA,NA,NA,NA,NA,NA,NA,NA,NA,NA,NA,NA,NA,NA,NA,NA,NA,NA,NA,NA
2022,3364,7,NA,NA,1,15,31,1,NA,NA,2,1,22,NA,NA,1,3,3,NA,NA,NA,NA,3,NA,NA,NA,NA,NA,NA,NA,NA,NA,NA,NA,NA,NA,NA,NA,NA,NA,NA,NA,NA,NA,NA,NA,NA,NA
2022,3365,1,8030,40,1,14,63,2,51,1,1,1,21,20,2,2,2,2,1,1,2,1,3,NA,NA,NA,NA,NA,NA,NA,NA,NA,NA,NA,NA,NA,NA,NA,NA,NA,NA,NA,NA,NA,NA,NA,NA,NA
2022,3366,4,7810,28,5,16,50,1,NA,0,1,1,20,0,1,1,3,4,NA,NA,NA,NA,3,2,2,2,NA,2,1,2,1,1,2,2,2,1,3,3,4,4,2,4,4,2,1,1,4,4
2022,3367,1,3050,66,1,17,35,4,38,2,1,1,NA,NA,NA,2,1,2,NA,NA,NA,NA,3,2,2,2,NA,2,1,2,2,2,2,2,2,2,4,4,4,4,4,4,4,4,4,4,4,4
2022,3368,1,3535,52,1,16,39,3,8,3,2,1,20,18,2,2,2,2,NA,NA,NA,NA,3,1,2,1,1,1,1,2,1,1,2,2,1,1,1,4,3,2,2,4,2,2,2,2,3,2
2022,3369,1,6200,49,1,13,40,1,NA,NA,1,1,22,20,2,2,1,2,1,2,3,1,3,NA,NA,NA,NA,NA,NA,NA,NA,NA,NA,NA,NA,NA,NA,NA,NA,NA,NA,NA,NA,NA,NA,NA,NA,NA
2022,3370,8,5860,32,3,12,62,1,NA,NA,2,1,16,16,NA,NA,2,2,3,1,1,1,3,NA,NA,NA,NA,NA,NA,NA,NA,NA,NA,NA,NA,NA,NA,NA,NA,NA,NA,NA,NA,NA,NA,NA,NA,NA
2022,3371,5,3740,59,1,13,67,1,NA,2,1,1,22,0,1,1,2,1,NA,NA,NA,NA,3,2,2,1,1,2,1,2,1,1,2,2,2,2,4,4,3,4,2,4,4,4,4,4,4,4
2022,3372,5,4810,47,1,12,57,1,NA,NA,2,1,26,3,2,1,2,2,2,2,1,1,3,NA,NA,NA,NA,NA,NA,NA,NA,NA,NA,NA,NA,NA,NA,NA,NA,NA,NA,NA,NA,NA,NA,NA,NA,NA
2022,3373,7,800,60,1,16,46,3,1,NA,2,1,26,0,2,2,2,2,NA,NA,NA,NA,4,NA,NA,NA,NA,NA,NA,NA,NA,NA,NA,NA,NA,NA,NA,NA,NA,NA,NA,NA,NA,NA,NA,NA,NA,NA
2022,3374,7,4700,38,1,16,28,3,32,2,2,1,22,13,2,2,1,1,NA,NA,NA,NA,3,1,1,1,2,1,1,2,2,2,2,2,2,2,4,4,4,4,2,4,4,4,4,4,4,4
2022,3375,2,2200,74,1,20,74,4,33,0,2,1,24,17,1,1,1,1,2,1,1,2,3,NA,NA,NA,NA,NA,NA,NA,NA,NA,NA,NA,NA,NA,NA,NA,NA,NA,NA,NA,NA,NA,NA,NA,NA,NA
2022,3376,5,4230,25,1,12,66,1,NA,NA,2,1,16,2,1,1,2,2,2,1,1,2,3,NA,NA,NA,NA,NA,NA,NA,NA,NA,NA,NA,NA,NA,NA,NA,NA,NA,NA,NA,NA,NA,NA,NA,NA,NA
2022,3377,1,3255,64,3,14,53,2,55,NA,2,1,16,16,1,1,3,2,3,1,1,1,3,NA,NA,NA,NA,NA,NA,NA,NA,NA,NA,NA,NA,NA,NA,NA,NA,NA,NA,NA,NA,NA,NA,NA,NA,NA
2022,3378,4,2760,17,5,14,43,1,NA,0,1,1,3,0,1,1,3,3,NA,NA,NA,NA,3,NA,NA,NA,NA,NA,NA,NA,NA,NA,NA,NA,NA,NA,NA,NA,NA,NA,NA,NA,NA,NA,NA,NA,NA,NA
2022,3379,1,5550,45,1,14,42,2,55,1,2,1,23,20,1,1,3,3,2,1,1,1,3,NA,NA,NA,NA,NA,NA,NA,NA,NA,NA,NA,NA,NA,NA,NA,NA,NA,NA,NA,NA,NA,NA,NA,NA,NA
2022,3380,5,7130,41,1,14,65,2,72,NA,1,1,14,0,2,1,2,3,NA,NA,NA,NA,3,NA,NA,NA,NA,NA,NA,NA,NA,NA,NA,NA,NA,NA,NA,NA,NA,NA,NA,NA,NA,NA,NA,NA,NA,NA
2022,3381,5,4760,31,1,19,75,3,25,1,1,1,18,0,2,1,1,2,2,1,2,1,3,NA,NA,NA,NA,NA,NA,NA,NA,NA,NA,NA,NA,NA,NA,NA,NA,NA,NA,NA,NA,NA,NA,NA,NA,NA
2022,3382,5,4850,45,3,20,72,3,12,0,1,1,9,0,NA,2,2,1,NA,NA,NA,NA,3,NA,NA,NA,NA,NA,NA,NA,NA,NA,NA,NA,NA,NA,NA,NA,NA,NA,NA,NA,NA,NA,NA,NA,NA,NA
2022,3383,5,5240,31,2,16,69,3,33,2,1,1,20,0,1,1,2,2,NA,NA,NA,NA,3,1,1,2,2,2,1,2,2,2,2,2,2,2,1,1,4,4,2,4,4,4,4,4,4,4
2022,3384,1,8740,39,1,14,27,1,NA,NA,1,1,21,13,2,2,1,2,2,1,1,1,5,NA,NA,NA,NA,NA,NA,NA,NA,NA,NA,NA,NA,NA,NA,NA,NA,NA,NA,NA,NA,NA,NA,NA,NA,NA
2022,3385,1,2010,54,1,20,29,4,82,1,2,1,20,16,1,1,3,2,1,1,1,1,5,2,1,2,2,1,1,2,2,2,2,2,2,2,2,2,3,1,2,4,4,2,4,4,4,4
2022,3386,5,4720,28,1,12,67,1,NA,NA,2,1,20,0,NA,NA,2,2,2,1,2,1,5,NA,NA,NA,NA,NA,NA,NA,NA,NA,NA,NA,NA,NA,NA,NA,NA,NA,NA,NA,NA,NA,NA,NA,NA,NA
2022,3387,1,6320,42,5,12,41,1,NA,NA,1,1,22,18,NA,NA,2,3,NA,NA,NA,NA,5,NA,NA,NA,NA,NA,NA,NA,NA,NA,NA,NA,NA,NA,NA,NA,NA,NA,NA,NA,NA,NA,NA,NA,NA,NA
2022,3388,5,1550,50,3,16,74,3,16,NA,1,1,15,0,2,2,2,3,1,3,2,1,5,NA,NA,NA,NA,NA,NA,NA,NA,NA,NA,NA,NA,NA,NA,NA,NA,NA,NA,NA,NA,NA,NA,NA,NA,NA
2022,3389,1,430,39,1,12,64,1,NA,NA,1,1,26,26,1,1,2,3,3,1,1,1,5,NA,NA,NA,NA,NA,NA,NA,NA,NA,NA,NA,NA,NA,NA,NA,NA,NA,NA,NA,NA,NA,NA,NA,NA,NA
2022,3390,5,4020,33,2,14,NA,2,55,3,2,1,9,0,2,2,2,3,NA,NA,NA,NA,3,2,2,2,NA,2,1,2,2,1,2,1,2,2,2,4,4,4,2,4,4,2,4,2,4,4
2022,3391,7,4840,43,1,12,34,1,NA,NA,2,1,22,0,NA,2,2,2,NA,1,1,1,3,NA,NA,NA,NA,NA,NA,NA,NA,NA,NA,NA,NA,NA,NA,NA,NA,NA,NA,NA,NA,NA,NA,NA,NA,NA
2022,3392,1,9120,35,3,14,35,1,NA,NA,2,1,21,15,NA,NA,1,1,2,2,2,2,3,NA,NA,NA,NA,NA,NA,NA,NA,NA,NA,NA,NA,NA,NA,NA,NA,NA,NA,NA,NA,NA,NA,NA,NA,NA
2022,3393,1,4610,48,5,12,21,1,NA,NA,2,1,13,8,NA,NA,2,2,NA,NA,NA,NA,3,NA,NA,NA,NA,NA,NA,NA,NA,NA,NA,NA,NA,NA,NA,NA,NA,NA,NA,NA,NA,NA,NA,NA,NA,NA
2022,3394,1,NA,NA,5,12,42,1,NA,NA,1,1,12,12,NA,NA,2,1,2,2,2,1,3,NA,NA,NA,NA,NA,NA,NA,NA,NA,NA,NA,NA,NA,NA,NA,NA,NA,NA,NA,NA,NA,NA,NA,NA,NA
2022,3395,5,5860,32,2,12,68,1,NA,3,2,1,10,0,NA,NA,2,2,NA,NA,NA,NA,3,2,2,2,NA,2,1,2,2,1,2,2,2,2,4,4,3,4,2,4,4,4,4,4,4,4
2022,3396,1,4760,31,1,15,39,1,NA,NA,1,1,24,22,2,2,3,3,2,2,1,2,3,NA,NA,NA,NA,NA,NA,NA,NA,NA,NA,NA,NA,NA,NA,NA,NA,NA,NA,NA,NA,NA,NA,NA,NA,NA
2022,3397,1,9130,35,1,12,31,1,NA,5,1,1,11,10,NA,NA,2,2,NA,NA,NA,NA,3,2,2,2,NA,2,1,2,2,2,2,1,2,2,4,4,4,4,1,4,1,1,1,1,4,4
2022,3398,5,6260,28,3,11,69,0,NA,NA,1,1,11,0,NA,2,1,2,NA,NA,NA,NA,3,NA,NA,NA,NA,NA,NA,NA,NA,NA,NA,NA,NA,NA,NA,NA,NA,NA,NA,NA,NA,NA,NA,NA,NA,NA
2022,3399,5,9360,24,2,16,77,2,48,NA,2,1,17,0,2,2,2,3,NA,NA,NA,NA,3,NA,NA,NA,NA,NA,NA,NA,NA,NA,NA,NA,NA,NA,NA,NA,NA,NA,NA,NA,NA,NA,NA,NA,NA,NA
2022,3400,7,4060,24,5,12,23,1,NA,0,2,1,15,0,NA,NA,1,2,NA,NA,NA,NA,3,NA,NA,NA,NA,NA,NA,NA,NA,NA,NA,NA,NA,NA,NA,NA,NA,NA,NA,NA,NA,NA,NA,NA,NA,NA
2022,3401,4,NA,NA,1,12,22,1,NA,1,2,1,NA,NA,NA,NA,2,2,NA,NA,NA,NA,3,2,2,1,2,2,1,2,2,1,2,2,2,1,4,4,3,4,4,4,4,2,4,2,4,3
2022,3402,2,3655,49,2,12,47,0,NA,NA,2,1,2,0,2,2,2,1,NA,NA,NA,NA,3,NA,NA,NA,NA,NA,NA,NA,NA,NA,NA,NA,NA,NA,NA,NA,NA,NA,NA,NA,NA,NA,NA,NA,NA,NA
2022,3403,1,3600,48,5,14,45,2,9,NA,1,1,18,18,2,1,2,1,1,1,1,1,3,NA,NA,NA,NA,NA,NA,NA,NA,NA,NA,NA,NA,NA,NA,NA,NA,NA,NA,NA,NA,NA,NA,NA,NA,NA
2022,3404,1,565,47,3,16,50,3,9,0,2,1,21,21,1,1,1,2,2,2,2,2,3,NA,NA,NA,NA,NA,NA,NA,NA,NA,NA,NA,NA,NA,NA,NA,NA,NA,NA,NA,NA,NA,NA,NA,NA,NA
2022,3405,8,3320,59,2,18,61,3,9,NA,1,1,21,20,2,2,2,2,2,1,2,1,3,NA,NA,NA,NA,NA,NA,NA,NA,NA,NA,NA,NA,NA,NA,NA,NA,NA,NA,NA,NA,NA,NA,NA,NA,NA
2022,3406,1,2630,46,3,17,55,3,16,0,2,1,15,13,1,1,3,2,2,1,1,1,3,2,2,2,NA,1,2,2,1,1,2,2,2,1,4,4,3,1,2,4,1,2,4,4,4,2
2022,3407,7,5240,31,1,14,26,1,NA,NA,2,3,15,11,NA,NA,1,1,NA,NA,NA,NA,0,NA,NA,NA,NA,NA,NA,NA,NA,NA,NA,NA,NA,NA,NA,NA,NA,NA,NA,NA,NA,NA,NA,NA,NA,NA
2022,3408,5,350,64,2,13,85,1,NA,NA,2,1,NA,0,2,2,2,3,2,3,2,1,3,NA,NA,NA,NA,NA,NA,NA,NA,NA,NA,NA,NA,NA,NA,NA,NA,NA,NA,NA,NA,NA,NA,NA,NA,NA
2022,3409,5,350,64,3,12,76,1,NA,NA,2,1,15,0,2,2,3,3,2,2,1,1,3,NA,NA,NA,NA,NA,NA,NA,NA,NA,NA,NA,NA,NA,NA,NA,NA,NA,NA,NA,NA,NA,NA,NA,NA,NA
2022,3410,5,4700,38,3,11,69,1,NA,2,2,1,14,14,2,2,2,3,NA,NA,NA,NA,3,NA,NA,NA,NA,NA,NA,NA,NA,NA,NA,NA,NA,NA,NA,NA,NA,NA,NA,NA,NA,NA,NA,NA,NA,NA
2022,3411,1,4700,38,5,15,40,1,NA,0,1,1,17,17,NA,2,2,1,NA,NA,NA,NA,6,2,2,1,1,2,1,2,2,2,2,2,2,2,4,4,2,4,2,4,4,4,4,4,4,4
2022,3412,5,9130,35,1,12,72,1,NA,2,1,1,15,0,2,2,2,3,NA,NA,NA,NA,6,NA,NA,NA,NA,NA,NA,NA,NA,NA,NA,NA,NA,NA,NA,NA,NA,NA,NA,NA,NA,NA,NA,NA,NA,NA
2022,3413,1,4020,33,3,15,33,1,NA,NA,1,1,23,0,2,NA,2,2,2,2,2,1,6,NA,NA,NA,NA,NA,NA,NA,NA,NA,NA,NA,NA,NA,NA,NA,NA,NA,NA,NA,NA,NA,NA,NA,NA,NA
2022,3414,1,3500,69,1,14,43,4,36,NA,2,1,22,18,2,2,1,1,NA,NA,NA,NA,6,2,2,1,1,2,2,2,2,2,1,2,2,2,4,4,2,4,2,4,3,4,4,4,4,4
2022,3415,1,5400,38,1,14,61,2,NA,NA,2,1,17,17,2,2,1,2,3,2,2,2,6,NA,NA,NA,NA,NA,NA,NA,NA,NA,NA,NA,NA,NA,NA,NA,NA,NA,NA,NA,NA,NA,NA,NA,NA,NA
2022,3416,5,7810,28,3,13,68,1,NA,NA,2,2,8,0,1,1,2,4,NA,NA,NA,NA,6,2,2,2,NA,2,2,2,2,1,2,2,NA,2,4,4,4,4,4,4,4,4,4,4,4,4
2022,3417,5,9610,22,5,12,62,1,NA,NA,1,2,9,9,1,2,2,4,NA,NA,NA,NA,6,NA,NA,NA,NA,NA,NA,NA,NA,NA,NA,NA,NA,NA,NA,NA,NA,NA,NA,NA,NA,NA,NA,NA,NA,NA
2022,3418,8,7810,28,5,9,52,0,NA,1,2,2,9,0,NA,NA,3,3,NA,NA,NA,NA,6,NA,NA,NA,NA,NA,NA,NA,NA,NA,NA,NA,NA,NA,NA,NA,NA,NA,NA,NA,NA,NA,NA,NA,NA,NA
2022,3420,2,4720,28,5,12,NA,1,NA,NA,2,2,11,0,NA,NA,2,1,3,1,2,2,6,NA,NA,NA,NA,NA,NA,NA,NA,NA,NA,NA,NA,NA,NA,NA,NA,NA,NA,NA,NA,NA,NA,NA,NA,NA
2022,3421,5,8965,35,3,9,70,0,NA,NA,2,2,13,13,1,1,1,3,3,1,1,1,6,NA,NA,NA,NA,NA,NA,NA,NA,NA,NA,NA,NA,NA,NA,NA,NA,NA,NA,NA,NA,NA,NA,NA,NA,NA
2022,3422,2,4230,25,5,3,33,0,NA,NA,1,3,2,2,NA,NA,3,3,NA,NA,NA,NA,0,NA,NA,NA,NA,NA,NA,NA,NA,NA,NA,NA,NA,NA,NA,NA,NA,NA,NA,NA,NA,NA,NA,NA,NA,NA
2022,3423,1,5860,32,5,15,55,2,80,0,2,1,18,13,2,2,3,3,NA,NA,NA,NA,6,2,2,1,2,2,1,2,2,1,2,2,1,2,3,4,3,4,3,4,2,1,4,4,1,4
2022,3424,6,NA,NA,5,12,NA,1,NA,NA,2,NA,NA,0,NA,NA,2,1,3,1,1,2,6,NA,NA,NA,NA,NA,NA,NA,NA,NA,NA,NA,NA,NA,NA,NA,NA,NA,NA,NA,NA,NA,NA,NA,NA,NA
2022,3425,NA,NA,NA,5,NA,NA,0,NA,NA,2,2,NA,NA,1,1,2,3,NA,NA,NA,NA,6,NA,NA,NA,NA,NA,NA,NA,NA,NA,NA,NA,NA,NA,NA,NA,NA,NA,NA,NA,NA,NA,NA,NA,NA,NA
2022,3426,1,NA,NA,5,16,NA,3,NA,NA,2,2,NA,NA,NA,NA,1,1,NA,NA,NA,NA,6,NA,NA,NA,NA,NA,NA,NA,NA,NA,NA,NA,NA,NA,NA,NA,NA,NA,NA,NA,NA,NA,NA,NA,NA,NA
2022,3427,4,6040,33,5,12,64,1,NA,0,2,2,9,9,1,1,3,3,NA,NA,NA,NA,6,2,2,2,NA,2,2,2,1,1,2,2,2,2,3,3,2,3,3,4,3,3,3,NA,1,1
2022,3428,NA,5600,40,5,12,NA,1,NA,NA,2,2,NA,0,1,NA,2,1,NA,NA,NA,NA,6,NA,NA,NA,NA,NA,NA,NA,NA,NA,NA,NA,NA,NA,NA,NA,NA,NA,NA,NA,NA,NA,NA,NA,NA,NA
2022,3429,7,4700,38,3,9,25,1,NA,4,2,1,14,14,NA,NA,3,2,NA,NA,NA,NA,6,NA,NA,NA,NA,NA,NA,NA,NA,NA,NA,NA,NA,NA,NA,NA,NA,NA,NA,NA,NA,NA,NA,NA,NA,NA
2022,3430,8,NA,NA,2,10,84,0,NA,NA,2,1,14,0,2,NA,2,3,2,3,2,1,4,NA,NA,NA,NA,NA,NA,NA,NA,NA,NA,NA,NA,NA,NA,NA,NA,NA,NA,NA,NA,NA,NA,NA,NA,NA
2022,3431,1,6820,40,1,12,49,1,NA,3,1,1,18,18,NA,NA,2,2,NA,NA,NA,NA,6,NA,NA,NA,NA,NA,NA,NA,NA,NA,NA,NA,NA,NA,NA,NA,NA,NA,NA,NA,NA,NA,NA,NA,NA,NA
2022,3432,5,3520,60,3,12,60,1,NA,NA,2,1,10,0,NA,NA,3,4,NA,NA,NA,NA,6,NA,NA,NA,NA,NA,NA,NA,NA,NA,NA,NA,NA,NA,NA,NA,NA,NA,NA,NA,NA,NA,NA,NA,NA,NA
2022,3433,2,3600,48,5,12,26,1,NA,NA,2,3,NA,NA,NA,NA,3,3,2,1,1,1,6,NA,NA,NA,NA,NA,NA,NA,NA,NA,NA,NA,NA,NA,NA,NA,NA,NA,NA,NA,NA,NA,NA,NA,NA,NA
2022,3434,1,6040,33,5,13,25,1,NA,NA,2,2,15,14,1,1,1,1,NA,NA,NA,NA,6,NA,NA,NA,NA,NA,NA,NA,NA,NA,NA,NA,NA,NA,NA,NA,NA,NA,NA,NA,NA,NA,NA,NA,NA,NA
2022,3435,1,150,52,1,16,54,3,18,NA,1,1,24,24,2,2,2,2,NA,NA,NA,NA,6,NA,NA,NA,NA,NA,NA,NA,NA,NA,NA,NA,NA,NA,NA,NA,NA,NA,NA,NA,NA,NA,NA,NA,NA,NA
2022,3436,1,220,53,1,12,50,1,NA,NA,1,1,18,18,2,2,2,2,NA,NA,NA,NA,6,NA,NA,NA,NA,NA,NA,NA,NA,NA,NA,NA,NA,NA,NA,NA,NA,NA,NA,NA,NA,NA,NA,NA,NA,NA
2022,3437,1,8740,39,5,14,38,3,9,0,2,2,16,16,1,1,2,3,NA,NA,NA,NA,6,1,2,2,2,2,2,2,1,1,2,2,2,2,4,4,4,4,4,4,4,4,4,4,4,4
2022,3438,5,8800,24,3,10,66,0,NA,NA,2,2,9,0,1,1,2,3,NA,NA,NA,NA,3,2,2,2,NA,2,2,2,2,2,2,2,2,2,4,4,4,4,4,4,4,4,4,4,4,4
2022,3439,5,4510,36,2,16,72,3,42,NA,2,1,22,0,2,2,2,4,2,1,2,2,0,NA,NA,NA,NA,NA,NA,NA,NA,NA,NA,NA,NA,NA,NA,NA,NA,NA,NA,NA,NA,NA,NA,NA,NA,NA
2022,3440,1,8740,39,1,12,54,1,NA,NA,1,1,24,21,2,2,2,2,NA,NA,NA,NA,6,NA,NA,NA,NA,NA,NA,NA,NA,NA,NA,NA,NA,NA,NA,NA,NA,NA,NA,NA,NA,NA,NA,NA,NA,NA
2022,3441,7,8965,35,5,11,51,0,NA,NA,2,2,8,0,NA,NA,3,3,NA,NA,NA,NA,6,NA,NA,NA,NA,NA,NA,NA,NA,NA,NA,NA,NA,NA,NA,NA,NA,NA,NA,NA,NA,NA,NA,NA,NA,NA
2022,3442,8,7750,35,2,10,71,0,NA,NA,2,2,13,0,NA,1,3,3,NA,NA,NA,NA,6,NA,NA,NA,NA,NA,NA,NA,NA,NA,NA,NA,NA,NA,NA,NA,NA,NA,NA,NA,NA,NA,NA,NA,NA,NA
2022,3443,8,NA,NA,2,12,45,1,NA,NA,2,2,10,0,NA,NA,2,4,3,1,2,1,6,NA,NA,NA,NA,NA,NA,NA,NA,NA,NA,NA,NA,NA,NA,NA,NA,NA,NA,NA,NA,NA,NA,NA,NA,NA
2022,3444,3,9620,25,1,11,29,0,NA,NA,1,2,19,11,1,1,1,1,NA,NA,NA,NA,6,NA,NA,NA,NA,NA,NA,NA,NA,NA,NA,NA,NA,NA,NA,NA,NA,NA,NA,NA,NA,NA,NA,NA,NA,NA
2022,3445,7,4130,16,2,11,56,0,NA,NA,2,1,NA,0,NA,NA,3,4,NA,NA,NA,NA,6,2,2,2,NA,2,1,2,2,2,2,2,2,1,4,4,4,4,3,4,4,4,3,4,4,4
2022,3446,8,4020,33,1,12,52,1,NA,1,2,1,19,9,2,2,1,2,NA,NA,NA,NA,6,NA,NA,NA,NA,NA,NA,NA,NA,NA,NA,NA,NA,NA,NA,NA,NA,NA,NA,NA,NA,NA,NA,NA,NA,NA
2022,3447,5,8140,38,1,12,36,1,NA,NA,1,1,19,0,2,2,2,4,3,2,1,3,7,NA,NA,NA,NA,NA,NA,NA,NA,NA,NA,NA,NA,NA,NA,NA,NA,NA,NA,NA,NA,NA,NA,NA,NA,NA
2022,3448,7,4720,28,4,13,33,1,NA,4,2,1,13,9,NA,NA,3,3,2,1,1,1,6,2,2,2,NA,1,1,2,2,1,1,1,2,1,4,4,4,2,2,2,2,1,1,1,2,2
2022,3449,7,4760,31,1,12,28,1,NA,NA,2,1,16,0,NA,2,2,2,NA,NA,NA,NA,6,NA,NA,NA,NA,NA,NA,NA,NA,NA,NA,NA,NA,NA,NA,NA,NA,NA,NA,NA,NA,NA,NA,NA,NA,NA
2022,3450,1,9130,35,5,12,51,1,NA,NA,1,1,16,16,2,2,2,3,NA,NA,NA,NA,6,NA,NA,NA,NA,NA,NA,NA,NA,NA,NA,NA,NA,NA,NA,NA,NA,NA,NA,NA,NA,NA,NA,NA,NA,NA
2022,3451,5,NA,NA,5,10,33,0,NA,0,1,1,11,0,2,2,3,4,2,1,1,2,6,2,2,1,1,2,1,2,1,1,1,1,2,2,4,4,3,4,2,4,1,1,2,3,4,3
2022,3452,1,3245,62,1,19,33,4,82,2,2,1,23,18,2,2,2,3,2,1,1,1,6,1,2,1,1,1,1,2,1,1,2,2,2,1,1,2,1,2,2,4,2,2,4,4,4,3
2022,3453,7,7810,28,1,13,34,1,NA,NA,2,3,8,8,NA,NA,1,3,NA,NA,NA,NA,0,NA,NA,NA,NA,NA,NA,NA,NA,NA,NA,NA,NA,NA,NA,NA,NA,NA,NA,NA,NA,NA,NA,NA,NA,NA
2022,3454,1,9120,35,1,12,49,1,NA,NA,1,1,21,8,2,2,1,1,NA,NA,NA,NA,6,NA,NA,NA,NA,NA,NA,NA,NA,NA,NA,NA,NA,NA,NA,NA,NA,NA,NA,NA,NA,NA,NA,NA,NA,NA
2022,3455,4,9620,25,5,10,31,0,NA,NA,1,1,14,11,NA,2,2,1,2,3,2,1,6,NA,NA,NA,NA,NA,NA,NA,NA,NA,NA,NA,NA,NA,NA,NA,NA,NA,NA,NA,NA,NA,NA,NA,NA,NA
2022,3456,1,3255,64,1,18,40,3,36,3,2,1,18,16,2,2,2,2,3,3,3,3,6,NA,NA,NA,NA,NA,NA,NA,NA,NA,NA,NA,NA,NA,NA,NA,NA,NA,NA,NA,NA,NA,NA,NA,NA,NA
2022,3457,1,3500,69,3,14,33,2,36,NA,2,1,20,20,NA,NA,2,2,3,2,1,1,6,NA,NA,NA,NA,NA,NA,NA,NA,NA,NA,NA,NA,NA,NA,NA,NA,NA,NA,NA,NA,NA,NA,NA,NA,NA
2022,3458,1,6220,39,3,12,55,1,NA,NA,1,2,22,19,NA,NA,2,3,NA,NA,NA,NA,6,NA,NA,NA,NA,NA,NA,NA,NA,NA,NA,NA,NA,NA,NA,NA,NA,NA,NA,NA,NA,NA,NA,NA,NA,NA
2022,3459,7,4020,33,1,11,49,1,NA,NA,2,1,21,0,NA,2,3,3,NA,NA,NA,NA,5,NA,NA,NA,NA,NA,NA,NA,NA,NA,NA,NA,NA,NA,NA,NA,NA,NA,NA,NA,NA,NA,NA,NA,NA,NA
2022,3460,7,4710,48,3,13,40,1,NA,2,2,1,17,16,2,2,1,2,3,2,1,1,6,1,1,1,1,2,1,2,1,1,2,2,2,2,3,3,3,4,1,2,2,2,2,3,3,3
2022,3461,6,4020,33,5,7,22,0,NA,NA,1,2,4,0,NA,NA,3,2,1,1,1,1,6,NA,NA,NA,NA,NA,NA,NA,NA,NA,NA,NA,NA,NA,NA,NA,NA,NA,NA,NA,NA,NA,NA,NA,NA,NA
2022,3462,8,NA,NA,5,13,NA,1,NA,2,1,3,19,NA,1,1,3,4,1,1,1,1,6,2,2,1,1,1,1,1,1,1,1,1,1,1,4,4,4,4,4,4,4,4,4,4,4,4
2022,3463,7,4720,28,3,10,43,0,NA,NA,2,1,6,0,NA,NA,3,3,NA,NA,NA,NA,6,NA,NA,NA,NA,NA,NA,NA,NA,NA,NA,NA,NA,NA,NA,NA,NA,NA,NA,NA,NA,NA,NA,NA,NA,NA
2022,3464,1,7210,42,1,11,51,0,NA,2,1,1,23,19,NA,2,2,2,3,1,1,1,6,NA,NA,NA,NA,NA,NA,NA,NA,NA,NA,NA,NA,NA,NA,NA,NA,NA,NA,NA,NA,NA,NA,NA,NA,NA
2022,3465,6,NA,NA,5,14,20,1,NA,0,2,1,25,0,NA,2,1,2,2,1,2,1,6,1,2,1,1,2,1,2,1,1,2,2,1,2,1,2,1,2,2,4,3,3,4,4,3,4
2022,3466,1,4230,25,3,13,28,1,NA,NA,2,1,NA,2,2,2,1,2,3,2,2,2,6,NA,NA,NA,NA,NA,NA,NA,NA,NA,NA,NA,NA,NA,NA,NA,NA,NA,NA,NA,NA,NA,NA,NA,NA,NA
2022,3467,3,6440,43,5,9,34,0,NA,NA,1,1,NA,0,NA,NA,3,3,3,3,NA,3,6,NA,NA,NA,NA,NA,NA,NA,NA,NA,NA,NA,NA,NA,NA,NA,NA,NA,NA,NA,NA,NA,NA,NA,NA,NA
2022,3468,1,8740,39,5,15,29,1,NA,0,1,1,19,19,NA,NA,3,2,1,2,1,1,5,NA,NA,NA,NA,NA,NA,NA,NA,NA,NA,NA,NA,NA,NA,NA,NA,NA,NA,NA,NA,NA,NA,NA,NA,NA
2022,3469,1,5240,31,5,16,40,3,82,NA,2,2,13,13,1,1,1,4,2,1,2,1,6,NA,NA,NA,NA,NA,NA,NA,NA,NA,NA,NA,NA,NA,NA,NA,NA,NA,NA,NA,NA,NA,NA,NA,NA,NA
2022,3470,1,9600,35,5,5,33,0,NA,NA,2,2,15,0,1,NA,2,1,2,2,1,1,6,NA,NA,NA,NA,NA,NA,NA,NA,NA,NA,NA,NA,NA,NA,NA,NA,NA,NA,NA,NA,NA,NA,NA,NA,NA
2022,3471,7,8320,32,1,12,74,1,NA,1,2,2,20,0,1,1,2,2,NA,NA,NA,NA,5,NA,NA,NA,NA,NA,NA,NA,NA,NA,NA,NA,NA,NA,NA,NA,NA,NA,NA,NA,NA,NA,NA,NA,NA,NA
2022,3472,5,3930,34,4,12,74,1,NA,NA,1,2,20,13,1,1,2,2,NA,NA,NA,NA,5,NA,NA,NA,NA,NA,NA,NA,NA,NA,NA,NA,NA,NA,NA,NA,NA,NA,NA,NA,NA,NA,NA,NA,NA,NA
2022,3473,1,5700,47,3,5,59,0,NA,NA,2,2,17,17,NA,NA,2,3,3,1,1,1,5,NA,NA,NA,NA,NA,NA,NA,NA,NA,NA,NA,NA,NA,NA,NA,NA,NA,NA,NA,NA,NA,NA,NA,NA,NA
2022,3474,1,9620,25,5,12,28,1,NA,NA,2,2,NA,NA,NA,NA,2,1,1,1,2,1,5,NA,NA,NA,NA,NA,NA,NA,NA,NA,NA,NA,NA,NA,NA,NA,NA,NA,NA,NA,NA,NA,NA,NA,NA,NA
2022,3475,1,8800,24,5,12,24,1,NA,NA,2,2,10,0,NA,NA,2,2,NA,NA,NA,NA,5,NA,NA,NA,NA,NA,NA,NA,NA,NA,NA,NA,NA,NA,NA,NA,NA,NA,NA,NA,NA,NA,NA,NA,NA,NA
2022,3476,1,110,60,5,18,42,4,9,0,2,1,NA,NA,NA,NA,2,1,NA,NA,NA,NA,5,1,2,1,1,2,2,2,1,1,2,2,1,2,1,4,2,2,4,4,2,2,4,4,2,4
2022,3477,2,NA,NA,5,12,21,1,NA,NA,2,2,8,NA,NA,NA,3,2,3,2,1,1,5,NA,NA,NA,NA,NA,NA,NA,NA,NA,NA,NA,NA,NA,NA,NA,NA,NA,NA,NA,NA,NA,NA,NA,NA,NA
2022,3478,7,NA,NA,5,NA,31,0,NA,NA,2,3,1,0,NA,NA,3,3,1,1,1,1,5,NA,NA,NA,NA,NA,NA,NA,NA,NA,NA,NA,NA,NA,NA,NA,NA,NA,NA,NA,NA,NA,NA,NA,NA,NA
2022,3479,1,1640,45,3,14,73,2,79,NA,1,1,19,19,2,2,3,1,3,2,1,1,5,NA,NA,NA,NA,NA,NA,NA,NA,NA,NA,NA,NA,NA,NA,NA,NA,NA,NA,NA,NA,NA,NA,NA,NA,NA
2022,3480,5,NA,NA,1,12,66,1,NA,NA,1,1,22,0,2,2,2,2,NA,NA,NA,NA,5,NA,NA,NA,NA,NA,NA,NA,NA,NA,NA,NA,NA,NA,NA,NA,NA,NA,NA,NA,NA,NA,NA,NA,NA,NA
2022,3481,1,5240,31,5,15,27,1,NA,NA,2,2,18,0,1,NA,2,3,NA,NA,NA,NA,5,NA,NA,NA,NA,NA,NA,NA,NA,NA,NA,NA,NA,NA,NA,NA,NA,NA,NA,NA,NA,NA,NA,NA,NA,NA
2022,3482,1,6320,42,5,12,46,1,NA,NA,2,2,19,15,1,1,2,3,NA,NA,NA,NA,5,NA,NA,NA,NA,NA,NA,NA,NA,NA,NA,NA,NA,NA,NA,NA,NA,NA,NA,NA,NA,NA,NA,NA,NA,NA
2022,3483,8,8965,35,4,12,69,1,NA,NA,2,2,2,0,1,1,2,2,2,2,2,1,5,NA,NA,NA,NA,NA,NA,NA,NA,NA,NA,NA,NA,NA,NA,NA,NA,NA,NA,NA,NA,NA,NA,NA,NA,NA
2022,3484,5,1930,66,3,14,66,2,16,NA,1,2,19,19,1,1,1,2,NA,NA,NA,NA,5,NA,NA,NA,NA,NA,NA,NA,NA,NA,NA,NA,NA,NA,NA,NA,NA,NA,NA,NA,NA,NA,NA,NA,NA,NA
2022,3485,7,7140,56,5,14,41,1,NA,1,1,1,15,0,NA,NA,2,2,NA,NA,NA,NA,5,2,2,1,2,2,1,NA,1,1,2,2,2,1,3,3,3,4,1,2,1,1,4,4,4,1
2022,3486,8,NA,NA,5,14,25,1,NA,NA,1,3,15,0,NA,NA,2,2,NA,1,1,1,5,NA,NA,NA,NA,NA,NA,NA,NA,NA,NA,NA,NA,NA,NA,NA,NA,NA,NA,NA,NA,NA,NA,NA,NA,NA
2022,3487,7,4110,31,3,7,84,0,NA,NA,2,2,NA,0,NA,NA,2,2,2,1,2,2,5,NA,NA,NA,NA,NA,NA,NA,NA,NA,NA,NA,NA,NA,NA,NA,NA,NA,NA,NA,NA,NA,NA,NA,NA,NA
2022,3488,1,1820,71,1,16,31,3,42,NA,1,1,22,19,1,1,2,1,NA,NA,NA,NA,5,1,2,1,1,2,1,2,2,2,2,2,2,2,1,2,3,4,4,4,4,4,4,4,4,4
2022,3489,5,3255,64,2,14,64,2,80,NA,1,1,16,0,3,1,3,3,NA,NA,NA,NA,5,NA,NA,NA,NA,NA,NA,NA,NA,NA,NA,NA,NA,NA,NA,NA,NA,NA,NA,NA,NA,NA,NA,NA,NA,NA
2022,3490,2,3255,64,5,16,30,3,36,NA,2,1,20,0,1,1,2,2,NA,NA,NA,NA,5,NA,NA,NA,NA,NA,NA,NA,NA,NA,NA,NA,NA,NA,NA,NA,NA,NA,NA,NA,NA,NA,NA,NA,NA,NA
2022,3491,1,3060,80,1,16,67,4,34,3,1,1,26,24,1,1,1,2,1,1,1,2,2,1,2,2,1,1,1,1,2,1,2,2,2,1,3,4,4,2,2,2,3,3,3,3,4,2
2022,3492,7,6230,44,2,20,54,3,54,NA,1,1,14,0,NA,NA,3,4,2,1,1,2,2,NA,NA,NA,NA,NA,NA,NA,NA,NA,NA,NA,NA,NA,NA,NA,NA,NA,NA,NA,NA,NA,NA,NA,NA,NA
2022,3493,5,4220,24,1,10,66,0,NA,NA,2,1,24,0,2,2,1,2,NA,NA,NA,NA,5,NA,NA,NA,NA,NA,NA,NA,NA,NA,NA,NA,NA,NA,NA,NA,NA,NA,NA,NA,NA,NA,NA,NA,NA,NA
2022,3494,1,350,64,1,18,36,4,82,NA,1,1,23,20,2,3,1,1,NA,NA,NA,NA,5,NA,NA,NA,NA,NA,NA,NA,NA,NA,NA,NA,NA,NA,NA,NA,NA,NA,NA,NA,NA,NA,NA,NA,NA,NA
2022,3495,1,350,64,2,12,57,1,NA,NA,2,1,19,19,2,2,2,1,NA,NA,NA,NA,5,NA,NA,NA,NA,NA,NA,NA,NA,NA,NA,NA,NA,NA,NA,NA,NA,NA,NA,NA,NA,NA,NA,NA,NA,NA
2022,3496,5,NA,NA,2,12,81,1,NA,NA,2,1,NA,NA,2,2,1,2,2,NA,1,1,5,NA,NA,NA,NA,NA,NA,NA,NA,NA,NA,NA,NA,NA,NA,NA,NA,NA,NA,NA,NA,NA,NA,NA,NA,NA
2022,3497,1,8965,35,1,12,25,1,NA,2,2,1,19,17,NA,NA,1,2,NA,NA,NA,NA,5,NA,NA,NA,NA,NA,NA,NA,NA,NA,NA,NA,NA,NA,NA,NA,NA,NA,NA,NA,NA,NA,NA,NA,NA,NA
2022,3498,1,110,60,1,12,42,1,NA,NA,1,1,22,19,NA,NA,2,2,3,2,2,2,5,NA,NA,NA,NA,NA,NA,NA,NA,NA,NA,NA,NA,NA,NA,NA,NA,NA,NA,NA,NA,NA,NA,NA,NA,NA
2022,3499,1,1020,60,1,14,29,2,53,NA,1,1,24,19,3,1,1,1,NA,NA,NA,NA,5,2,1,1,2,2,1,2,1,1,2,1,2,2,3,2,3,4,1,2,2,2,4,2,4,4
2022,3500,5,7410,46,1,12,66,1,NA,NA,1,1,20,0,1,1,1,2,NA,NA,NA,NA,5,NA,NA,NA,NA,NA,NA,NA,NA,NA,NA,NA,NA,NA,NA,NA,NA,NA,NA,NA,NA,NA,NA,NA,NA,NA
2022,3501,5,4130,16,2,12,64,1,NA,NA,2,1,8,0,NA,NA,3,4,2,NA,1,1,5,NA,NA,NA,NA,NA,NA,NA,NA,NA,NA,NA,NA,NA,NA,NA,NA,NA,NA,NA,NA,NA,NA,NA,NA,NA
2022,3502,5,3600,48,2,11,62,0,NA,NA,2,NA,2,0,NA,NA,2,3,2,2,2,1,5,NA,NA,NA,NA,NA,NA,NA,NA,NA,NA,NA,NA,NA,NA,NA,NA,NA,NA,NA,NA,NA,NA,NA,NA,NA
2022,3503,7,5220,51,3,12,31,1,NA,NA,1,1,16,10,NA,NA,2,2,NA,NA,NA,NA,5,NA,NA,NA,NA,NA,NA,NA,NA,NA,NA,NA,NA,NA,NA,NA,NA,NA,NA,NA,NA,NA,NA,NA,NA,NA
2022,3504,5,5000,46,1,14,65,2,54,5,2,1,3,0,NA,NA,3,2,NA,NA,NA,NA,5,NA,NA,NA,NA,NA,NA,NA,NA,NA,NA,NA,NA,NA,NA,NA,NA,NA,NA,NA,NA,NA,NA,NA,NA,NA
2022,3505,5,2310,61,1,18,78,4,16,NA,2,1,22,0,1,1,1,2,NA,NA,NA,NA,5,NA,NA,NA,NA,NA,NA,NA,NA,NA,NA,NA,NA,NA,NA,NA,NA,NA,NA,NA,NA,NA,NA,NA,NA,NA
2022,3506,1,2000,51,5,16,54,3,12,NA,2,1,19,17,1,1,2,2,NA,NA,NA,NA,5,2,1,1,2,2,1,1,1,1,2,2,2,1,1,2,3,4,2,2,2,2,4,4,4,2
2022,3507,1,1360,65,1,16,53,3,18,NA,1,1,26,26,2,2,2,2,NA,NA,NA,NA,5,NA,NA,NA,NA,NA,NA,NA,NA,NA,NA,NA,NA,NA,NA,NA,NA,NA,NA,NA,NA,NA,NA,NA,NA,NA
2022,3508,5,8965,35,1,14,80,1,NA,NA,1,1,18,0,1,1,1,2,2,2,1,1,5,NA,NA,NA,NA,NA,NA,NA,NA,NA,NA,NA,NA,NA,NA,NA,NA,NA,NA,NA,NA,NA,NA,NA,NA,NA
2022,3509,5,3255,64,2,12,78,1,NA,NA,2,1,16,0,1,1,2,3,3,1,1,1,5,NA,NA,NA,NA,NA,NA,NA,NA,NA,NA,NA,NA,NA,NA,NA,NA,NA,NA,NA,NA,NA,NA,NA,NA,NA
2022,3510,5,NA,NA,1,11,86,1,NA,NA,2,1,NA,0,2,2,2,3,NA,NA,NA,NA,5,NA,NA,NA,NA,NA,NA,NA,NA,NA,NA,NA,NA,NA,NA,NA,NA,NA,NA,NA,NA,NA,NA,NA,NA,NA
2022,3511,1,220,53,1,12,67,1,NA,NA,1,1,21,15,2,2,1,2,NA,NA,NA,NA,5,1,2,1,2,1,2,2,2,1,2,2,1,2,2,4,2,2,4,2,4,2,4,4,2,4
2022,3512,1,1740,65,5,18,27,4,8,NA,1,1,18,0,NA,NA,1,2,2,1,1,2,5,NA,NA,NA,NA,NA,NA,NA,NA,NA,NA,NA,NA,NA,NA,NA,NA,NA,NA,NA,NA,NA,NA,NA,NA,NA
2022,3513,1,2340,38,5,20,51,4,16,NA,1,1,22,22,2,2,2,2,NA,NA,NA,NA,2,NA,NA,NA,NA,NA,NA,NA,NA,NA,NA,NA,NA,NA,NA,NA,NA,NA,NA,NA,NA,NA,NA,NA,NA,NA
2022,3514,5,3500,69,1,13,77,1,NA,NA,1,1,NA,0,4,3,1,2,2,1,1,1,5,NA,NA,NA,NA,NA,NA,NA,NA,NA,NA,NA,NA,NA,NA,NA,NA,NA,NA,NA,NA,NA,NA,NA,NA,NA
2022,3515,2,4720,28,1,12,67,1,NA,NA,2,1,18,8,2,2,2,2,NA,NA,NA,NA,5,NA,NA,NA,NA,NA,NA,NA,NA,NA,NA,NA,NA,NA,NA,NA,NA,NA,NA,NA,NA,NA,NA,NA,NA,NA
2022,3516,1,3258,72,1,20,38,4,36,0,2,1,23,20,NA,NA,2,2,1,1,1,2,1,NA,NA,NA,NA,NA,NA,NA,NA,NA,NA,NA,NA,NA,NA,NA,NA,NA,NA,NA,NA,NA,NA,NA,NA,NA
2022,3517,1,6200,49,5,14,25,2,18,0,1,1,20,18,NA,3,1,1,2,2,3,1,1,1,2,2,1,2,1,2,2,2,2,2,1,1,2,4,4,1,2,4,4,4,4,4,4,4
2022,3518,5,220,53,1,16,NA,3,9,NA,1,1,20,0,3,1,2,2,NA,NA,NA,NA,5,NA,NA,NA,NA,NA,NA,NA,NA,NA,NA,NA,NA,NA,NA,NA,NA,NA,NA,NA,NA,NA,NA,NA,NA,NA
2022,3519,5,5700,47,3,14,74,1,NA,2,2,1,14,0,1,1,3,2,NA,NA,NA,NA,1,2,2,2,NA,2,1,2,2,1,2,2,2,2,2,4,4,4,2,4,4,2,4,2,4,4
2022,3520,5,2400,55,5,17,85,3,7,0,2,1,11,0,1,1,3,2,3,1,1,1,3,2,2,2,NA,1,1,2,2,2,2,2,2,2,4,4,4,2,2,4,4,4,4,4,4,4
2022,3521,1,6320,42,1,12,58,1,NA,NA,1,1,20,18,NA,1,1,2,2,1,1,1,1,NA,NA,NA,NA,NA,NA,NA,NA,NA,NA,NA,NA,NA,NA,NA,NA,NA,NA,NA,NA,NA,NA,NA,NA,NA
2022,3522,1,630,47,1,16,30,3,9,1,1,1,22,20,1,1,2,2,NA,NA,NA,NA,3,NA,NA,NA,NA,NA,NA,NA,NA,NA,NA,NA,NA,NA,NA,NA,NA,NA,NA,NA,NA,NA,NA,NA,NA,NA
2022,3523,2,5260,36,1,12,74,1,NA,NA,2,1,15,9,2,2,2,2,2,2,3,2,1,NA,NA,NA,NA,NA,NA,NA,NA,NA,NA,NA,NA,NA,NA,NA,NA,NA,NA,NA,NA,NA,NA,NA,NA,NA
2022,3524,1,8965,35,5,12,29,1,NA,NA,1,1,13,13,NA,NA,2,2,NA,NA,NA,NA,1,NA,NA,NA,NA,NA,NA,NA,NA,NA,NA,NA,NA,NA,NA,NA,NA,NA,NA,NA,NA,NA,NA,NA,NA,NA
2022,3525,1,8810,32,1,12,29,1,NA,NA,2,1,21,21,NA,NA,3,3,NA,NA,NA,NA,1,1,2,1,2,2,1,2,2,1,1,1,2,1,3,4,3,4,3,4,2,1,1,2,4,1
2022,3526,5,4760,31,1,11,78,0,NA,NA,2,1,19,0,NA,NA,2,3,NA,NA,NA,NA,5,NA,NA,NA,NA,NA,NA,NA,NA,NA,NA,NA,NA,NA,NA,NA,NA,NA,NA,NA,NA,NA,NA,NA,NA,NA
2022,3527,8,3600,48,2,14,63,1,NA,2,2,1,17,0,NA,1,2,2,NA,NA,NA,NA,9,NA,NA,NA,NA,NA,NA,NA,NA,NA,NA,NA,NA,NA,NA,NA,NA,NA,NA,NA,NA,NA,NA,NA,NA,NA
2022,3528,2,8320,32,1,11,71,1,NA,NA,2,1,18,8,2,2,2,3,NA,3,3,1,1,NA,NA,NA,NA,NA,NA,NA,NA,NA,NA,NA,NA,NA,NA,NA,NA,NA,NA,NA,NA,NA,NA,NA,NA,NA
2022,3529,5,9620,25,3,15,72,1,NA,NA,1,1,10,0,2,2,3,3,NA,NA,NA,NA,1,NA,NA,NA,NA,NA,NA,NA,NA,NA,NA,NA,NA,NA,NA,NA,NA,NA,NA,NA,NA,NA,NA,NA,NA,NA
2022,3530,1,5700,47,3,12,60,1,NA,NA,2,1,20,20,2,2,3,2,3,3,3,1,1,NA,NA,NA,NA,NA,NA,NA,NA,NA,NA,NA,NA,NA,NA,NA,NA,NA,NA,NA,NA,NA,NA,NA,NA,NA
2022,3531,1,3060,80,5,16,64,3,11,NA,2,1,26,0,2,2,1,1,2,3,3,1,1,NA,NA,NA,NA,NA,NA,NA,NA,NA,NA,NA,NA,NA,NA,NA,NA,NA,NA,NA,NA,NA,NA,NA,NA,NA
2022,3532,1,5240,31,5,16,61,3,60,NA,1,1,19,18,2,2,3,2,NA,NA,NA,NA,1,NA,NA,NA,NA,NA,NA,NA,NA,NA,NA,NA,NA,NA,NA,NA,NA,NA,NA,NA,NA,NA,NA,NA,NA,NA
2022,3533,1,630,47,5,17,66,4,19,0,2,1,21,20,1,1,3,2,2,1,1,2,2,2,2,1,2,1,1,1,2,1,2,1,1,1,4,4,4,2,2,2,2,2,2,2,2,2
2022,3534,1,2010,54,3,16,49,3,19,2,1,1,18,18,1,1,2,2,NA,NA,NA,NA,1,NA,NA,NA,NA,NA,NA,NA,NA,NA,NA,NA,NA,NA,NA,NA,NA,NA,NA,NA,NA,NA,NA,NA,NA,NA
2022,3535,1,5610,35,1,12,50,1,NA,NA,1,1,17,16,NA,NA,2,4,1,1,1,1,1,NA,NA,NA,NA,NA,NA,NA,NA,NA,NA,NA,NA,NA,NA,NA,NA,NA,NA,NA,NA,NA,NA,NA,NA,NA
2022,3536,5,7200,45,1,14,69,1,NA,0,1,1,22,0,1,1,2,2,3,2,1,1,2,2,2,2,NA,2,2,2,2,2,2,2,2,2,4,4,4,4,4,4,4,4,4,4,4,4
2022,3537,5,2310,61,1,17,66,3,16,2,1,1,18,0,1,1,1,2,2,1,1,1,1,1,1,2,1,2,1,2,1,2,2,2,2,2,3,4,3,4,2,4,2,4,4,4,4,4
2022,3538,5,1300,73,3,16,78,4,6,4,1,1,19,0,1,1,2,2,2,1,1,2,1,NA,NA,NA,NA,NA,NA,NA,NA,NA,NA,NA,NA,NA,NA,NA,NA,NA,NA,NA,NA,NA,NA,NA,NA,NA
2022,3539,5,4020,33,3,9,73,0,NA,NA,1,1,9,0,NA,NA,3,3,2,1,2,2,1,2,2,2,NA,2,2,2,2,2,2,2,2,2,4,4,2,2,4,4,4,4,4,4,4,4
2022,3540,5,6050,27,2,12,84,1,NA,NA,2,1,13,0,2,2,3,2,2,3,2,1,1,NA,NA,NA,NA,NA,NA,NA,NA,NA,NA,NA,NA,NA,NA,NA,NA,NA,NA,NA,NA,NA,NA,NA,NA,NA
2022,3541,1,5300,30,5,12,22,1,NA,NA,2,1,15,0,NA,1,2,2,1,1,1,1,1,NA,NA,NA,NA,NA,NA,NA,NA,NA,NA,NA,NA,NA,NA,NA,NA,NA,NA,NA,NA,NA,NA,NA,NA,NA
2022,3542,1,2310,61,1,19,29,4,45,NA,2,1,20,20,NA,NA,2,2,NA,NA,NA,NA,1,NA,NA,NA,NA,NA,NA,NA,NA,NA,NA,NA,NA,NA,NA,NA,NA,NA,NA,NA,NA,NA,NA,NA,NA,NA
2022,3543,1,3220,62,5,15,32,2,55,NA,1,1,24,21,1,1,2,2,NA,NA,NA,NA,1,NA,NA,NA,NA,NA,NA,NA,NA,NA,NA,NA,NA,NA,NA,NA,NA,NA,NA,NA,NA,NA,NA,NA,NA,NA
2022,3544,1,2310,61,1,17,49,4,26,0,2,1,25,20,1,1,1,2,3,1,2,2,2,NA,NA,NA,NA,NA,NA,NA,NA,NA,NA,NA,NA,NA,NA,NA,NA,NA,NA,NA,NA,NA,NA,NA,NA,NA
2022,3545,1,6120,42,1,20,50,4,8,1,1,1,22,0,1,1,2,3,NA,NA,NA,NA,9,NA,NA,NA,NA,NA,NA,NA,NA,NA,NA,NA,NA,NA,NA,NA,NA,NA,NA,NA,NA,NA,NA,NA,NA,NA
